[0m18:23:30.645056 [debug] [MainThread]: Sending event: {'category': 'dbt', 'action': 'invocation', 'label': 'start', 'context': [<snowplow_tracker.self_describing_json.SelfDescribingJson object at 0x1091ed690>, <snowplow_tracker.self_describing_json.SelfDescribingJson object at 0x109468850>, <snowplow_tracker.self_describing_json.SelfDescribingJson object at 0x10954cb50>]}


============================== 18:23:30.649316 | 5ec1f65d-4074-443c-b585-57d45df0e7d3 ==============================
[0m18:23:30.649316 [info ] [MainThread]: Running with dbt=1.11.8
[0m18:23:30.649812 [debug] [MainThread]: running dbt with arguments {'write_json': 'True', 'log_path': 'logs', 'cache_selected_only': 'False', 'warn_error_options': 'WarnErrorOptionsV2(error=[], warn=[], silence=[])', 'send_anonymous_usage_stats': 'True', 'introspect': 'True', 'target_path': 'None', 'static_parser': 'True', 'log_cache_events': 'False', 'quiet': 'False', 'use_experimental_parser': 'False', 'invocation_command': 'dbt run', 'indirect_selection': 'eager', 'partial_parse': 'True', 'printer_width': '80', 'profiles_dir': '/Users/home/.dbt', 'debug': 'False', 'no_print': 'None', 'use_colors': 'True', 'fail_fast': 'False', 'log_format': 'default', 'warn_error': 'None', 'version_check': 'True', 'empty': 'False'}
[0m18:23:30.650321 [error] [MainThread]: Encountered an error:
Runtime Error
  No dbt_project.yml found at expected path /Users/home/PycharmProjects/chorusinnovations/chorus-data-engineering-interview/dbt/dbt_project.yml
  Verify that each entry within packages.yml (and their transitive dependencies) contains a file named dbt_project.yml
  
[0m18:23:30.653115 [debug] [MainThread]: Resource report: {"command_name": "run", "command_success": false, "command_wall_clock_time": 0.08296496, "process_in_blocks": "0", "process_kernel_time": 0.292647, "process_mem_max_rss": "116523008", "process_out_blocks": "0", "process_user_time": 1.287765}
[0m18:23:30.653621 [debug] [MainThread]: Command `dbt run` failed at 18:23:30.653522 after 0.08 seconds
[0m18:23:30.653951 [debug] [MainThread]: Sending event: {'category': 'dbt', 'action': 'invocation', 'label': 'end', 'context': [<snowplow_tracker.self_describing_json.SelfDescribingJson object at 0x10954ca10>, <snowplow_tracker.self_describing_json.SelfDescribingJson object at 0x10954c890>, <snowplow_tracker.self_describing_json.SelfDescribingJson object at 0x1091edb50>]}
[0m18:23:30.654260 [debug] [MainThread]: Flushing usage events
[0m18:23:31.168824 [debug] [MainThread]: An error was encountered while trying to flush usage events
[0m18:23:39.834076 [debug] [MainThread]: Sending event: {'category': 'dbt', 'action': 'invocation', 'label': 'start', 'context': [<snowplow_tracker.self_describing_json.SelfDescribingJson object at 0x10a0f2b90>, <snowplow_tracker.self_describing_json.SelfDescribingJson object at 0x109404210>, <snowplow_tracker.self_describing_json.SelfDescribingJson object at 0x10a1e1090>]}


============================== 18:23:39.837845 | 444c75c8-e8d2-4157-930b-1049e9709d29 ==============================
[0m18:23:39.837845 [info ] [MainThread]: Running with dbt=1.11.8
[0m18:23:39.838346 [debug] [MainThread]: running dbt with arguments {'warn_error_options': 'WarnErrorOptionsV2(error=[], warn=[], silence=[])', 'warn_error': 'None', 'target_path': 'None', 'indirect_selection': 'eager', 'introspect': 'True', 'static_parser': 'True', 'printer_width': '80', 'version_check': 'True', 'use_colors': 'True', 'invocation_command': 'dbt run', 'write_json': 'True', 'log_format': 'default', 'empty': 'False', 'log_path': '/Users/home/PycharmProjects/chorusinnovations/chorus-data-engineering-interview/dbt/logs', 'quiet': 'False', 'cache_selected_only': 'False', 'log_cache_events': 'False', 'debug': 'False', 'use_experimental_parser': 'False', 'profiles_dir': '/Users/home/.dbt', 'fail_fast': 'False', 'partial_parse': 'True', 'send_anonymous_usage_stats': 'True', 'no_print': 'None'}
[0m18:23:40.046854 [debug] [MainThread]: Sending event: {'category': 'dbt', 'action': 'project_id', 'label': '444c75c8-e8d2-4157-930b-1049e9709d29', 'context': [<snowplow_tracker.self_describing_json.SelfDescribingJson object at 0x10a1b7550>]}
[0m18:23:40.099273 [debug] [MainThread]: Sending event: {'category': 'dbt', 'action': 'adapter_info', 'label': '444c75c8-e8d2-4157-930b-1049e9709d29', 'context': [<snowplow_tracker.self_describing_json.SelfDescribingJson object at 0x1073d8fd0>]}
[0m18:23:40.100184 [info ] [MainThread]: Registered adapter: postgres=1.10.0
[0m18:23:40.195101 [debug] [MainThread]: checksum: 7d524ac048c2100769df89d592e662e060a73ca564e31bd9c2a37efdfe8d8ab6, vars: {}, profile: , target: , version: 1.11.8
[0m18:23:40.195774 [info ] [MainThread]: Unable to do partial parsing because saved manifest not found. Starting full parse.
[0m18:23:40.196083 [debug] [MainThread]: Sending event: {'category': 'dbt', 'action': 'partial_parser', 'label': '444c75c8-e8d2-4157-930b-1049e9709d29', 'context': [<snowplow_tracker.self_describing_json.SelfDescribingJson object at 0x10a806110>]}
[0m18:23:41.295808 [debug] [MainThread]: Sending event: {'category': 'dbt', 'action': 'load_project', 'label': '444c75c8-e8d2-4157-930b-1049e9709d29', 'context': [<snowplow_tracker.self_describing_json.SelfDescribingJson object at 0x10b2091d0>]}
[0m18:23:41.380528 [debug] [MainThread]: Wrote artifact WritableManifest to /Users/home/PycharmProjects/chorusinnovations/chorus-data-engineering-interview/dbt/target/manifest.json
[0m18:23:41.382398 [debug] [MainThread]: Wrote artifact SemanticManifest to /Users/home/PycharmProjects/chorusinnovations/chorus-data-engineering-interview/dbt/target/semantic_manifest.json
[0m18:23:41.393445 [debug] [MainThread]: Sending event: {'category': 'dbt', 'action': 'resource_counts', 'label': '444c75c8-e8d2-4157-930b-1049e9709d29', 'context': [<snowplow_tracker.self_describing_json.SelfDescribingJson object at 0x10b4a8a50>]}
[0m18:23:41.393842 [info ] [MainThread]: Found 10 models, 21 data tests, 5 sources, 465 macros
[0m18:23:41.394094 [debug] [MainThread]: Sending event: {'category': 'dbt', 'action': 'runnable_timing', 'label': '444c75c8-e8d2-4157-930b-1049e9709d29', 'context': [<snowplow_tracker.self_describing_json.SelfDescribingJson object at 0x10b41a610>]}
[0m18:23:41.396051 [info ] [MainThread]: 
[0m18:23:41.396323 [info ] [MainThread]: Concurrency: 4 threads (target='dev')
[0m18:23:41.396530 [info ] [MainThread]: 
[0m18:23:41.396885 [debug] [MainThread]: Acquiring new postgres connection 'master'
[0m18:23:41.400417 [debug] [ThreadPool]: Acquiring new postgres connection 'list_postgres'
[0m18:23:41.490363 [debug] [ThreadPool]: Using postgres connection "list_postgres"
[0m18:23:41.490706 [debug] [ThreadPool]: On list_postgres: /* {"app": "dbt", "dbt_version": "1.11.8", "profile_name": "chorus_data_engineer_interview", "target_name": "dev", "connection_name": "list_postgres"} */

    select distinct nspname from pg_namespace
  
[0m18:23:41.490939 [debug] [ThreadPool]: Opening a new connection, currently in state init
[0m18:23:41.532559 [debug] [ThreadPool]: SQL status: SELECT 4 in 0.042 seconds
[0m18:23:41.533753 [debug] [ThreadPool]: On list_postgres: Close
[0m18:23:41.535189 [debug] [ThreadPool]: Re-using an available connection from the pool (formerly list_postgres, now list_postgres_public)
[0m18:23:41.540055 [debug] [ThreadPool]: Using postgres connection "list_postgres_public"
[0m18:23:41.540363 [debug] [ThreadPool]: On list_postgres_public: /* {"app": "dbt", "dbt_version": "1.11.8", "profile_name": "chorus_data_engineer_interview", "target_name": "dev", "connection_name": "list_postgres_public"} */
select
      'postgres' as database,
      tablename as name,
      schemaname as schema,
      'table' as type
    from pg_tables
    where schemaname ilike 'public'
    union all
    select
      'postgres' as database,
      viewname as name,
      schemaname as schema,
      'view' as type
    from pg_views
    where schemaname ilike 'public'
    union all
    select
      'postgres' as database,
      matviewname as name,
      schemaname as schema,
      'materialized_view' as type
    from pg_matviews
    where schemaname ilike 'public'
  
[0m18:23:41.540624 [debug] [ThreadPool]: Opening a new connection, currently in state closed
[0m18:23:41.557828 [debug] [ThreadPool]: SQL status: SELECT 5 in 0.017 seconds
[0m18:23:41.558924 [debug] [ThreadPool]: On list_postgres_public: ROLLBACK
[0m18:23:41.560050 [debug] [ThreadPool]: On list_postgres_public: Close
[0m18:23:41.564426 [debug] [MainThread]: Using postgres connection "master"
[0m18:23:41.564771 [debug] [MainThread]: On master: /* {"app": "dbt", "dbt_version": "1.11.8", "profile_name": "chorus_data_engineer_interview", "target_name": "dev", "connection_name": "master"} */
select distinct
        dependent_namespace.nspname as dependent_schema,
        dependent_class.relname as dependent_name,
        referenced_namespace.nspname as referenced_schema,
        referenced_class.relname as referenced_name

    -- Query for views: views are entries in pg_class with an entry in pg_rewrite, but we avoid
    -- a seq scan on pg_rewrite by leveraging the fact there is an "internal" row in pg_depend for
    -- the view...
    from pg_class as dependent_class
    join pg_namespace as dependent_namespace on dependent_namespace.oid = dependent_class.relnamespace
    join pg_depend as dependent_depend on dependent_depend.refobjid = dependent_class.oid
        and dependent_depend.classid = 'pg_rewrite'::regclass
        and dependent_depend.refclassid = 'pg_class'::regclass
        and dependent_depend.deptype = 'i'

    -- ... and via pg_depend (that has a row per column, hence the need for "distinct" above, and
    -- making sure to exclude the internal row to avoid a view appearing to depend on itself)...
    join pg_depend as joining_depend on joining_depend.objid = dependent_depend.objid
        and joining_depend.classid = 'pg_rewrite'::regclass
        and joining_depend.refclassid = 'pg_class'::regclass
        and joining_depend.refobjid != dependent_depend.refobjid

    -- ... we can find the tables they query from in pg_class, but excluding system tables. Note we
    -- don't need need to exclude _dependent_ system tables, because they only query from other
    -- system tables, and so are automatically excluded by excluding _referenced_ system tables
    join pg_class as referenced_class on referenced_class.oid = joining_depend.refobjid
    join pg_namespace as referenced_namespace on referenced_namespace.oid = referenced_class.relnamespace
        and referenced_namespace.nspname != 'information_schema'
        and referenced_namespace.nspname not like 'pg\_%'

    order by
        dependent_schema, dependent_name, referenced_schema, referenced_name;
[0m18:23:41.565078 [debug] [MainThread]: Opening a new connection, currently in state init
[0m18:23:41.582660 [debug] [MainThread]: SQL status: SELECT 0 in 0.018 seconds
[0m18:23:41.583641 [debug] [MainThread]: Sending event: {'category': 'dbt', 'action': 'runnable_timing', 'label': '444c75c8-e8d2-4157-930b-1049e9709d29', 'context': [<snowplow_tracker.self_describing_json.SelfDescribingJson object at 0x10a765790>]}
[0m18:23:41.584027 [debug] [MainThread]: On master: ROLLBACK
[0m18:23:41.585020 [debug] [MainThread]: On master: COMMIT
[0m18:23:41.585311 [debug] [MainThread]: Using postgres connection "master"
[0m18:23:41.585530 [debug] [MainThread]: On master: COMMIT
[0m18:23:41.587332 [debug] [MainThread]: SQL status: COMMIT in 0.002 seconds
[0m18:23:41.587634 [debug] [MainThread]: On master: Close
[0m18:23:41.590550 [debug] [Thread-1 (]: Began running node model.chorus_data_engineer_interview.my_first_dbt_model
[0m18:23:41.590910 [debug] [Thread-2 (]: Began running node model.chorus_data_engineer_interview.my_second_dbt_model
[0m18:23:41.591298 [info ] [Thread-1 (]: 1 of 10 START sql view model public.my_first_dbt_model ......................... [RUN]
[0m18:23:41.591585 [debug] [Thread-3 (]: Began running node model.chorus_data_engineer_interview.not_null_my_first_dbt_model_id
[0m18:23:41.591831 [debug] [Thread-4 (]: Began running node model.chorus_data_engineer_interview.not_null_my_second_dbt_model_id
[0m18:23:41.592172 [info ] [Thread-2 (]: 2 of 10 START sql view model public.my_second_dbt_model ........................ [RUN]
[0m18:23:41.592541 [debug] [Thread-1 (]: Re-using an available connection from the pool (formerly list_postgres_public, now model.chorus_data_engineer_interview.my_first_dbt_model)
[0m18:23:41.592881 [info ] [Thread-3 (]: 3 of 10 START sql view model public.not_null_my_first_dbt_model_id ............. [RUN]
[0m18:23:41.593245 [info ] [Thread-4 (]: 4 of 10 START sql view model public.not_null_my_second_dbt_model_id ............ [RUN]
[0m18:23:41.593634 [debug] [Thread-2 (]: Acquiring new postgres connection 'model.chorus_data_engineer_interview.my_second_dbt_model'
[0m18:23:41.593904 [debug] [Thread-1 (]: Began compiling node model.chorus_data_engineer_interview.my_first_dbt_model
[0m18:23:41.594229 [debug] [Thread-3 (]: Acquiring new postgres connection 'model.chorus_data_engineer_interview.not_null_my_first_dbt_model_id'
[0m18:23:41.594550 [debug] [Thread-4 (]: Acquiring new postgres connection 'model.chorus_data_engineer_interview.not_null_my_second_dbt_model_id'
[0m18:23:41.594800 [debug] [Thread-2 (]: Began compiling node model.chorus_data_engineer_interview.my_second_dbt_model
[0m18:23:41.600037 [debug] [Thread-1 (]: Writing injected SQL for node "model.chorus_data_engineer_interview.my_first_dbt_model"
[0m18:23:41.600402 [debug] [Thread-3 (]: Began compiling node model.chorus_data_engineer_interview.not_null_my_first_dbt_model_id
[0m18:23:41.600677 [debug] [Thread-4 (]: Began compiling node model.chorus_data_engineer_interview.not_null_my_second_dbt_model_id
[0m18:23:41.603011 [debug] [Thread-2 (]: Writing injected SQL for node "model.chorus_data_engineer_interview.my_second_dbt_model"
[0m18:23:41.604607 [debug] [Thread-3 (]: Writing injected SQL for node "model.chorus_data_engineer_interview.not_null_my_first_dbt_model_id"
[0m18:23:41.606029 [debug] [Thread-4 (]: Writing injected SQL for node "model.chorus_data_engineer_interview.not_null_my_second_dbt_model_id"
[0m18:23:41.606759 [debug] [Thread-2 (]: Began executing node model.chorus_data_engineer_interview.my_second_dbt_model
[0m18:23:41.613386 [debug] [Thread-3 (]: Began executing node model.chorus_data_engineer_interview.not_null_my_first_dbt_model_id
[0m18:23:41.619939 [debug] [Thread-1 (]: Began executing node model.chorus_data_engineer_interview.my_first_dbt_model
[0m18:23:41.626507 [debug] [Thread-4 (]: Began executing node model.chorus_data_engineer_interview.not_null_my_second_dbt_model_id
[0m18:23:41.635830 [debug] [Thread-2 (]: Writing runtime sql for node "model.chorus_data_engineer_interview.my_second_dbt_model"
[0m18:23:41.638591 [debug] [Thread-3 (]: Writing runtime sql for node "model.chorus_data_engineer_interview.not_null_my_first_dbt_model_id"
[0m18:23:41.641140 [debug] [Thread-1 (]: Writing runtime sql for node "model.chorus_data_engineer_interview.my_first_dbt_model"
[0m18:23:41.643701 [debug] [Thread-4 (]: Writing runtime sql for node "model.chorus_data_engineer_interview.not_null_my_second_dbt_model_id"
[0m18:23:41.644743 [debug] [Thread-2 (]: Using postgres connection "model.chorus_data_engineer_interview.my_second_dbt_model"
[0m18:23:41.645156 [debug] [Thread-1 (]: Using postgres connection "model.chorus_data_engineer_interview.my_first_dbt_model"
[0m18:23:41.645498 [debug] [Thread-3 (]: Using postgres connection "model.chorus_data_engineer_interview.not_null_my_first_dbt_model_id"
[0m18:23:41.645817 [debug] [Thread-2 (]: On model.chorus_data_engineer_interview.my_second_dbt_model: /* {"app": "dbt", "dbt_version": "1.11.8", "profile_name": "chorus_data_engineer_interview", "target_name": "dev", "node_id": "model.chorus_data_engineer_interview.my_second_dbt_model"} */

  create view "postgres"."public"."my_second_dbt_model__dbt_tmp"
    
    
  as (
    -- Use the `ref` function to select from other models

select *
from "postgres"."public"."my_first_dbt_model"
where id = 1
  );
[0m18:23:41.646115 [debug] [Thread-4 (]: Using postgres connection "model.chorus_data_engineer_interview.not_null_my_second_dbt_model_id"
[0m18:23:41.646457 [debug] [Thread-1 (]: On model.chorus_data_engineer_interview.my_first_dbt_model: /* {"app": "dbt", "dbt_version": "1.11.8", "profile_name": "chorus_data_engineer_interview", "target_name": "dev", "node_id": "model.chorus_data_engineer_interview.my_first_dbt_model"} */

  create view "postgres"."public"."my_first_dbt_model__dbt_tmp"
    
    
  as (
    /*
    Welcome to your first dbt model!
    Did you know that you can also configure models directly within SQL files?
    This will override configurations stated in dbt_project.yml

    Try changing "table" to "view" below
*/



with source_data as (

    select 1 as id
    union all
    select null as id

)

select *
from source_data

/*
    Uncomment the line below to remove records with null `id` values
*/

-- where id is not null
  );
[0m18:23:41.646770 [debug] [Thread-3 (]: On model.chorus_data_engineer_interview.not_null_my_first_dbt_model_id: /* {"app": "dbt", "dbt_version": "1.11.8", "profile_name": "chorus_data_engineer_interview", "target_name": "dev", "node_id": "model.chorus_data_engineer_interview.not_null_my_first_dbt_model_id"} */

  create view "postgres"."public"."not_null_my_first_dbt_model_id__dbt_tmp"
    
    
  as (
    select id
from "postgres"."public"."my_first_dbt_model"
where id is null
  );
[0m18:23:41.647046 [debug] [Thread-2 (]: Opening a new connection, currently in state init
[0m18:23:41.647327 [debug] [Thread-4 (]: On model.chorus_data_engineer_interview.not_null_my_second_dbt_model_id: /* {"app": "dbt", "dbt_version": "1.11.8", "profile_name": "chorus_data_engineer_interview", "target_name": "dev", "node_id": "model.chorus_data_engineer_interview.not_null_my_second_dbt_model_id"} */

  create view "postgres"."public"."not_null_my_second_dbt_model_id__dbt_tmp"
    
    
  as (
    select id
from "postgres"."public"."my_second_dbt_model"
where id is null
  );
[0m18:23:41.647581 [debug] [Thread-1 (]: Opening a new connection, currently in state closed
[0m18:23:41.647876 [debug] [Thread-3 (]: Opening a new connection, currently in state init
[0m18:23:41.648251 [debug] [Thread-4 (]: Opening a new connection, currently in state init
[0m18:23:41.661169 [debug] [Thread-4 (]: Postgres adapter: Postgres error: relation "public.my_second_dbt_model" does not exist
LINE 8: from "postgres"."public"."my_second_dbt_model"
             ^

[0m18:23:41.661619 [debug] [Thread-4 (]: On model.chorus_data_engineer_interview.not_null_my_second_dbt_model_id: ROLLBACK
[0m18:23:41.662449 [debug] [Thread-2 (]: Postgres adapter: Postgres error: relation "public.my_first_dbt_model" does not exist
LINE 10: from "postgres"."public"."my_first_dbt_model"
              ^

[0m18:23:41.662909 [debug] [Thread-3 (]: Postgres adapter: Postgres error: relation "public.my_first_dbt_model" does not exist
LINE 8: from "postgres"."public"."my_first_dbt_model"
             ^

[0m18:23:41.663322 [debug] [Thread-2 (]: On model.chorus_data_engineer_interview.my_second_dbt_model: ROLLBACK
[0m18:23:41.663877 [debug] [Thread-3 (]: On model.chorus_data_engineer_interview.not_null_my_first_dbt_model_id: ROLLBACK
[0m18:23:41.664537 [debug] [Thread-4 (]: On model.chorus_data_engineer_interview.not_null_my_second_dbt_model_id: Close
[0m18:23:41.664873 [debug] [Thread-1 (]: SQL status: CREATE VIEW in 0.017 seconds
[0m18:23:41.666211 [debug] [Thread-3 (]: On model.chorus_data_engineer_interview.not_null_my_first_dbt_model_id: Close
[0m18:23:41.666518 [debug] [Thread-2 (]: On model.chorus_data_engineer_interview.my_second_dbt_model: Close
[0m18:23:41.671673 [debug] [Thread-1 (]: Using postgres connection "model.chorus_data_engineer_interview.my_first_dbt_model"
[0m18:23:41.673678 [debug] [Thread-1 (]: On model.chorus_data_engineer_interview.my_first_dbt_model: /* {"app": "dbt", "dbt_version": "1.11.8", "profile_name": "chorus_data_engineer_interview", "target_name": "dev", "node_id": "model.chorus_data_engineer_interview.my_first_dbt_model"} */
alter table "postgres"."public"."my_first_dbt_model__dbt_tmp" rename to "my_first_dbt_model"
[0m18:23:41.675929 [debug] [Thread-1 (]: SQL status: ALTER TABLE in 0.002 seconds
[0m18:23:41.691466 [debug] [Thread-1 (]: On model.chorus_data_engineer_interview.my_first_dbt_model: COMMIT
[0m18:23:41.692017 [debug] [Thread-1 (]: Using postgres connection "model.chorus_data_engineer_interview.my_first_dbt_model"
[0m18:23:41.692543 [debug] [Thread-1 (]: On model.chorus_data_engineer_interview.my_first_dbt_model: COMMIT
[0m18:23:41.694354 [debug] [Thread-1 (]: SQL status: COMMIT in 0.001 seconds
[0m18:23:41.699535 [debug] [Thread-1 (]: Applying DROP to: "postgres"."public"."my_first_dbt_model__dbt_backup"
[0m18:23:41.703717 [debug] [Thread-1 (]: Using postgres connection "model.chorus_data_engineer_interview.my_first_dbt_model"
[0m18:23:41.704115 [debug] [Thread-1 (]: On model.chorus_data_engineer_interview.my_first_dbt_model: /* {"app": "dbt", "dbt_version": "1.11.8", "profile_name": "chorus_data_engineer_interview", "target_name": "dev", "node_id": "model.chorus_data_engineer_interview.my_first_dbt_model"} */
drop view if exists "postgres"."public"."my_first_dbt_model__dbt_backup" cascade
[0m18:23:41.705912 [debug] [Thread-1 (]: SQL status: DROP VIEW in 0.001 seconds
[0m18:23:41.707783 [debug] [Thread-1 (]: On model.chorus_data_engineer_interview.my_first_dbt_model: Close
[0m18:23:41.710468 [debug] [Thread-2 (]: Database Error in model my_second_dbt_model (models/example/my_second_dbt_model.sql)
  relation "public.my_first_dbt_model" does not exist
  LINE 10: from "postgres"."public"."my_first_dbt_model"
                ^
  compiled code at target/run/chorus_data_engineer_interview/models/example/my_second_dbt_model.sql
[0m18:23:41.711574 [debug] [Thread-4 (]: Database Error in model not_null_my_second_dbt_model_id (models/example/schema.yml/not_null_my_second_dbt_model_id.sql)
  relation "public.my_second_dbt_model" does not exist
  LINE 8: from "postgres"."public"."my_second_dbt_model"
               ^
  compiled code at target/run/chorus_data_engineer_interview/models/example/schema.yml/not_null_my_second_dbt_model_id.sql
[0m18:23:41.712605 [debug] [Thread-3 (]: Database Error in model not_null_my_first_dbt_model_id (models/example/schema.yml/not_null_my_first_dbt_model_id.sql)
  relation "public.my_first_dbt_model" does not exist
  LINE 8: from "postgres"."public"."my_first_dbt_model"
               ^
  compiled code at target/run/chorus_data_engineer_interview/models/example/schema.yml/not_null_my_first_dbt_model_id.sql
[0m18:23:41.713355 [debug] [Thread-1 (]: Sending event: {'category': 'dbt', 'action': 'run_model', 'label': '444c75c8-e8d2-4157-930b-1049e9709d29', 'context': [<snowplow_tracker.self_describing_json.SelfDescribingJson object at 0x10b74fd90>]}
[0m18:23:41.713611 [debug] [Thread-2 (]: Sending event: {'category': 'dbt', 'action': 'run_model', 'label': '444c75c8-e8d2-4157-930b-1049e9709d29', 'context': [<snowplow_tracker.self_describing_json.SelfDescribingJson object at 0x10b3713d0>]}
[0m18:23:41.713827 [debug] [Thread-4 (]: Sending event: {'category': 'dbt', 'action': 'run_model', 'label': '444c75c8-e8d2-4157-930b-1049e9709d29', 'context': [<snowplow_tracker.self_describing_json.SelfDescribingJson object at 0x10b754e10>]}
[0m18:23:41.714030 [debug] [Thread-3 (]: Sending event: {'category': 'dbt', 'action': 'run_model', 'label': '444c75c8-e8d2-4157-930b-1049e9709d29', 'context': [<snowplow_tracker.self_describing_json.SelfDescribingJson object at 0x10b243750>]}
[0m18:23:41.714484 [info ] [Thread-1 (]: 1 of 10 OK created sql view model public.my_first_dbt_model .................... [[32mCREATE VIEW[0m in 0.12s]
[0m18:23:41.714940 [error] [Thread-2 (]: 2 of 10 ERROR creating sql view model public.my_second_dbt_model ............... [[31mERROR[0m in 0.12s]
[0m18:23:41.715395 [error] [Thread-4 (]: 4 of 10 ERROR creating sql view model public.not_null_my_second_dbt_model_id ... [[31mERROR[0m in 0.12s]
[0m18:23:41.715845 [error] [Thread-3 (]: 3 of 10 ERROR creating sql view model public.not_null_my_first_dbt_model_id .... [[31mERROR[0m in 0.12s]
[0m18:23:41.716281 [debug] [Thread-1 (]: Finished running node model.chorus_data_engineer_interview.my_first_dbt_model
[0m18:23:41.716655 [debug] [Thread-2 (]: Finished running node model.chorus_data_engineer_interview.my_second_dbt_model
[0m18:23:41.717462 [debug] [Thread-4 (]: Finished running node model.chorus_data_engineer_interview.not_null_my_second_dbt_model_id
[0m18:23:41.717991 [debug] [Thread-3 (]: Finished running node model.chorus_data_engineer_interview.not_null_my_first_dbt_model_id
[0m18:23:41.718349 [debug] [Thread-1 (]: Began running node model.chorus_data_engineer_interview.stg_encounters
[0m18:23:41.718696 [debug] [Thread-2 (]: Began running node model.chorus_data_engineer_interview.stg_observations
[0m18:23:41.719134 [debug] [Thread-7 (]: Marking all children of 'model.chorus_data_engineer_interview.my_second_dbt_model' to be skipped because of status 'error'.  Reason: Database Error in model my_second_dbt_model (models/example/my_second_dbt_model.sql)
  relation "public.my_first_dbt_model" does not exist
  LINE 10: from "postgres"."public"."my_first_dbt_model"
                ^
  compiled code at target/run/chorus_data_engineer_interview/models/example/my_second_dbt_model.sql.
[0m18:23:41.719461 [debug] [Thread-4 (]: Began running node model.chorus_data_engineer_interview.stg_patients
[0m18:23:41.719791 [debug] [Thread-3 (]: Began running node model.chorus_data_engineer_interview.stg_practitioners
[0m18:23:41.720142 [info ] [Thread-1 (]: 5 of 10 START sql view model public.stg_encounters ............................. [RUN]
[0m18:23:41.720505 [info ] [Thread-2 (]: 6 of 10 START sql view model public.stg_observations ........................... [RUN]
[0m18:23:41.721324 [debug] [Thread-7 (]: Marking all children of 'model.chorus_data_engineer_interview.not_null_my_second_dbt_model_id' to be skipped because of status 'error'.  Reason: Database Error in model not_null_my_second_dbt_model_id (models/example/schema.yml/not_null_my_second_dbt_model_id.sql)
  relation "public.my_second_dbt_model" does not exist
  LINE 8: from "postgres"."public"."my_second_dbt_model"
               ^
  compiled code at target/run/chorus_data_engineer_interview/models/example/schema.yml/not_null_my_second_dbt_model_id.sql.
[0m18:23:41.721696 [info ] [Thread-4 (]: 7 of 10 START sql view model public.stg_patients ............................... [RUN]
[0m18:23:41.722071 [info ] [Thread-3 (]: 8 of 10 START sql view model public.stg_practitioners .......................... [RUN]
[0m18:23:41.722420 [debug] [Thread-1 (]: Re-using an available connection from the pool (formerly model.chorus_data_engineer_interview.my_first_dbt_model, now model.chorus_data_engineer_interview.stg_encounters)
[0m18:23:41.722718 [debug] [Thread-2 (]: Re-using an available connection from the pool (formerly model.chorus_data_engineer_interview.my_second_dbt_model, now model.chorus_data_engineer_interview.stg_observations)
[0m18:23:41.723092 [debug] [Thread-7 (]: Marking all children of 'model.chorus_data_engineer_interview.not_null_my_first_dbt_model_id' to be skipped because of status 'error'.  Reason: Database Error in model not_null_my_first_dbt_model_id (models/example/schema.yml/not_null_my_first_dbt_model_id.sql)
  relation "public.my_first_dbt_model" does not exist
  LINE 8: from "postgres"."public"."my_first_dbt_model"
               ^
  compiled code at target/run/chorus_data_engineer_interview/models/example/schema.yml/not_null_my_first_dbt_model_id.sql.
[0m18:23:41.723378 [debug] [Thread-4 (]: Re-using an available connection from the pool (formerly model.chorus_data_engineer_interview.not_null_my_second_dbt_model_id, now model.chorus_data_engineer_interview.stg_patients)
[0m18:23:41.723670 [debug] [Thread-3 (]: Re-using an available connection from the pool (formerly model.chorus_data_engineer_interview.not_null_my_first_dbt_model_id, now model.chorus_data_engineer_interview.stg_practitioners)
[0m18:23:41.723935 [debug] [Thread-1 (]: Began compiling node model.chorus_data_engineer_interview.stg_encounters
[0m18:23:41.724181 [debug] [Thread-2 (]: Began compiling node model.chorus_data_engineer_interview.stg_observations
[0m18:23:41.724475 [debug] [Thread-4 (]: Began compiling node model.chorus_data_engineer_interview.stg_patients
[0m18:23:41.724715 [debug] [Thread-3 (]: Began compiling node model.chorus_data_engineer_interview.stg_practitioners
[0m18:23:41.727057 [debug] [Thread-1 (]: Writing injected SQL for node "model.chorus_data_engineer_interview.stg_encounters"
[0m18:23:41.729116 [debug] [Thread-2 (]: Writing injected SQL for node "model.chorus_data_engineer_interview.stg_observations"
[0m18:23:41.731517 [debug] [Thread-4 (]: Writing injected SQL for node "model.chorus_data_engineer_interview.stg_patients"
[0m18:23:41.733693 [debug] [Thread-3 (]: Writing injected SQL for node "model.chorus_data_engineer_interview.stg_practitioners"
[0m18:23:41.734948 [debug] [Thread-2 (]: Began executing node model.chorus_data_engineer_interview.stg_observations
[0m18:23:41.738071 [debug] [Thread-2 (]: Writing runtime sql for node "model.chorus_data_engineer_interview.stg_observations"
[0m18:23:41.738350 [debug] [Thread-4 (]: Began executing node model.chorus_data_engineer_interview.stg_patients
[0m18:23:41.738628 [debug] [Thread-1 (]: Began executing node model.chorus_data_engineer_interview.stg_encounters
[0m18:23:41.738912 [debug] [Thread-3 (]: Began executing node model.chorus_data_engineer_interview.stg_practitioners
[0m18:23:41.743712 [debug] [Thread-4 (]: Writing runtime sql for node "model.chorus_data_engineer_interview.stg_patients"
[0m18:23:41.746659 [debug] [Thread-1 (]: Writing runtime sql for node "model.chorus_data_engineer_interview.stg_encounters"
[0m18:23:41.750818 [debug] [Thread-3 (]: Writing runtime sql for node "model.chorus_data_engineer_interview.stg_practitioners"
[0m18:23:41.751177 [debug] [Thread-2 (]: Using postgres connection "model.chorus_data_engineer_interview.stg_observations"
[0m18:23:41.751745 [debug] [Thread-4 (]: Using postgres connection "model.chorus_data_engineer_interview.stg_patients"
[0m18:23:41.752078 [debug] [Thread-2 (]: On model.chorus_data_engineer_interview.stg_observations: /* {"app": "dbt", "dbt_version": "1.11.8", "profile_name": "chorus_data_engineer_interview", "target_name": "dev", "node_id": "model.chorus_data_engineer_interview.stg_observations"} */

  create view "postgres"."public"."stg_observations__dbt_tmp"
    
    
  as (
    SELECT
  id,
  patient_id,
  encounter_id,
  type,
  value,
  unit,
  recorded_at
FROM "postgres"."public"."Observation"
  );
[0m18:23:41.752371 [debug] [Thread-1 (]: Using postgres connection "model.chorus_data_engineer_interview.stg_encounters"
[0m18:23:41.752675 [debug] [Thread-4 (]: On model.chorus_data_engineer_interview.stg_patients: /* {"app": "dbt", "dbt_version": "1.11.8", "profile_name": "chorus_data_engineer_interview", "target_name": "dev", "node_id": "model.chorus_data_engineer_interview.stg_patients"} */

  create view "postgres"."public"."stg_patients__dbt_tmp"
    
    
  as (
    SELECT
  id,
  identifier,
  name,
  gender,
  birth_date,
  address,
  telecom,
  active,
  created_at
FROM "postgres"."public"."Patient"
  );
[0m18:23:41.752986 [debug] [Thread-3 (]: Using postgres connection "model.chorus_data_engineer_interview.stg_practitioners"
[0m18:23:41.753219 [debug] [Thread-2 (]: Opening a new connection, currently in state closed
[0m18:23:41.753489 [debug] [Thread-1 (]: On model.chorus_data_engineer_interview.stg_encounters: /* {"app": "dbt", "dbt_version": "1.11.8", "profile_name": "chorus_data_engineer_interview", "target_name": "dev", "node_id": "model.chorus_data_engineer_interview.stg_encounters"} */

  create view "postgres"."public"."stg_encounters__dbt_tmp"
    
    
  as (
    SELECT
  id,
  patient_id,
  practitioner_id,
  status,
  encounter_date,
  reason,
  created_at
FROM "postgres"."public"."Encounter"
  );
[0m18:23:41.753772 [debug] [Thread-4 (]: Opening a new connection, currently in state closed
[0m18:23:41.754036 [debug] [Thread-3 (]: On model.chorus_data_engineer_interview.stg_practitioners: /* {"app": "dbt", "dbt_version": "1.11.8", "profile_name": "chorus_data_engineer_interview", "target_name": "dev", "node_id": "model.chorus_data_engineer_interview.stg_practitioners"} */

  create view "postgres"."public"."stg_practitioners__dbt_tmp"
    
    
  as (
    SELECT
  id,
  identifier,
  name,
  specialty,
  telecom,
  active,
  created_at
FROM "postgres"."public"."Practitioner"
  );
[0m18:23:41.754399 [debug] [Thread-1 (]: Opening a new connection, currently in state closed
[0m18:23:41.754726 [debug] [Thread-3 (]: Opening a new connection, currently in state closed
[0m18:23:41.773331 [debug] [Thread-3 (]: SQL status: CREATE VIEW in 0.018 seconds
[0m18:23:41.776850 [debug] [Thread-3 (]: Using postgres connection "model.chorus_data_engineer_interview.stg_practitioners"
[0m18:23:41.777157 [debug] [Thread-4 (]: SQL status: CREATE VIEW in 0.023 seconds
[0m18:23:41.777435 [debug] [Thread-2 (]: SQL status: CREATE VIEW in 0.024 seconds
[0m18:23:41.777684 [debug] [Thread-1 (]: SQL status: CREATE VIEW in 0.023 seconds
[0m18:23:41.777967 [debug] [Thread-3 (]: On model.chorus_data_engineer_interview.stg_practitioners: /* {"app": "dbt", "dbt_version": "1.11.8", "profile_name": "chorus_data_engineer_interview", "target_name": "dev", "node_id": "model.chorus_data_engineer_interview.stg_practitioners"} */
alter table "postgres"."public"."stg_practitioners__dbt_tmp" rename to "stg_practitioners"
[0m18:23:41.780149 [debug] [Thread-4 (]: Using postgres connection "model.chorus_data_engineer_interview.stg_patients"
[0m18:23:41.782307 [debug] [Thread-2 (]: Using postgres connection "model.chorus_data_engineer_interview.stg_observations"
[0m18:23:41.784530 [debug] [Thread-1 (]: Using postgres connection "model.chorus_data_engineer_interview.stg_encounters"
[0m18:23:41.784979 [debug] [Thread-4 (]: On model.chorus_data_engineer_interview.stg_patients: /* {"app": "dbt", "dbt_version": "1.11.8", "profile_name": "chorus_data_engineer_interview", "target_name": "dev", "node_id": "model.chorus_data_engineer_interview.stg_patients"} */
alter table "postgres"."public"."stg_patients__dbt_tmp" rename to "stg_patients"
[0m18:23:41.785337 [debug] [Thread-2 (]: On model.chorus_data_engineer_interview.stg_observations: /* {"app": "dbt", "dbt_version": "1.11.8", "profile_name": "chorus_data_engineer_interview", "target_name": "dev", "node_id": "model.chorus_data_engineer_interview.stg_observations"} */
alter table "postgres"."public"."stg_observations__dbt_tmp" rename to "stg_observations"
[0m18:23:41.785630 [debug] [Thread-1 (]: On model.chorus_data_engineer_interview.stg_encounters: /* {"app": "dbt", "dbt_version": "1.11.8", "profile_name": "chorus_data_engineer_interview", "target_name": "dev", "node_id": "model.chorus_data_engineer_interview.stg_encounters"} */
alter table "postgres"."public"."stg_encounters__dbt_tmp" rename to "stg_encounters"
[0m18:23:41.786496 [debug] [Thread-3 (]: SQL status: ALTER TABLE in 0.002 seconds
[0m18:23:41.787789 [debug] [Thread-3 (]: On model.chorus_data_engineer_interview.stg_practitioners: COMMIT
[0m18:23:41.788091 [debug] [Thread-2 (]: SQL status: ALTER TABLE in 0.002 seconds
[0m18:23:41.788346 [debug] [Thread-1 (]: SQL status: ALTER TABLE in 0.002 seconds
[0m18:23:41.788569 [debug] [Thread-4 (]: SQL status: ALTER TABLE in 0.003 seconds
[0m18:23:41.788829 [debug] [Thread-3 (]: Using postgres connection "model.chorus_data_engineer_interview.stg_practitioners"
[0m18:23:41.789845 [debug] [Thread-2 (]: On model.chorus_data_engineer_interview.stg_observations: COMMIT
[0m18:23:41.790853 [debug] [Thread-1 (]: On model.chorus_data_engineer_interview.stg_encounters: COMMIT
[0m18:23:41.792124 [debug] [Thread-4 (]: On model.chorus_data_engineer_interview.stg_patients: COMMIT
[0m18:23:41.792395 [debug] [Thread-3 (]: On model.chorus_data_engineer_interview.stg_practitioners: COMMIT
[0m18:23:41.792654 [debug] [Thread-2 (]: Using postgres connection "model.chorus_data_engineer_interview.stg_observations"
[0m18:23:41.792907 [debug] [Thread-1 (]: Using postgres connection "model.chorus_data_engineer_interview.stg_encounters"
[0m18:23:41.793147 [debug] [Thread-4 (]: Using postgres connection "model.chorus_data_engineer_interview.stg_patients"
[0m18:23:41.793445 [debug] [Thread-2 (]: On model.chorus_data_engineer_interview.stg_observations: COMMIT
[0m18:23:41.793745 [debug] [Thread-1 (]: On model.chorus_data_engineer_interview.stg_encounters: COMMIT
[0m18:23:41.794049 [debug] [Thread-4 (]: On model.chorus_data_engineer_interview.stg_patients: COMMIT
[0m18:23:41.795360 [debug] [Thread-3 (]: SQL status: COMMIT in 0.002 seconds
[0m18:23:41.797543 [debug] [Thread-3 (]: Applying DROP to: "postgres"."public"."stg_practitioners__dbt_backup"
[0m18:23:41.797803 [debug] [Thread-4 (]: SQL status: COMMIT in 0.003 seconds
[0m18:23:41.798052 [debug] [Thread-1 (]: SQL status: COMMIT in 0.004 seconds
[0m18:23:41.798284 [debug] [Thread-2 (]: SQL status: COMMIT in 0.004 seconds
[0m18:23:41.798768 [debug] [Thread-3 (]: Using postgres connection "model.chorus_data_engineer_interview.stg_practitioners"
[0m18:23:41.800496 [debug] [Thread-4 (]: Applying DROP to: "postgres"."public"."stg_patients__dbt_backup"
[0m18:23:41.802179 [debug] [Thread-1 (]: Applying DROP to: "postgres"."public"."stg_encounters__dbt_backup"
[0m18:23:41.803804 [debug] [Thread-2 (]: Applying DROP to: "postgres"."public"."stg_observations__dbt_backup"
[0m18:23:41.804080 [debug] [Thread-3 (]: On model.chorus_data_engineer_interview.stg_practitioners: /* {"app": "dbt", "dbt_version": "1.11.8", "profile_name": "chorus_data_engineer_interview", "target_name": "dev", "node_id": "model.chorus_data_engineer_interview.stg_practitioners"} */
drop view if exists "postgres"."public"."stg_practitioners__dbt_backup" cascade
[0m18:23:41.804639 [debug] [Thread-4 (]: Using postgres connection "model.chorus_data_engineer_interview.stg_patients"
[0m18:23:41.805127 [debug] [Thread-1 (]: Using postgres connection "model.chorus_data_engineer_interview.stg_encounters"
[0m18:23:41.805597 [debug] [Thread-2 (]: Using postgres connection "model.chorus_data_engineer_interview.stg_observations"
[0m18:23:41.805942 [debug] [Thread-4 (]: On model.chorus_data_engineer_interview.stg_patients: /* {"app": "dbt", "dbt_version": "1.11.8", "profile_name": "chorus_data_engineer_interview", "target_name": "dev", "node_id": "model.chorus_data_engineer_interview.stg_patients"} */
drop view if exists "postgres"."public"."stg_patients__dbt_backup" cascade
[0m18:23:41.806343 [debug] [Thread-1 (]: On model.chorus_data_engineer_interview.stg_encounters: /* {"app": "dbt", "dbt_version": "1.11.8", "profile_name": "chorus_data_engineer_interview", "target_name": "dev", "node_id": "model.chorus_data_engineer_interview.stg_encounters"} */
drop view if exists "postgres"."public"."stg_encounters__dbt_backup" cascade
[0m18:23:41.806626 [debug] [Thread-2 (]: On model.chorus_data_engineer_interview.stg_observations: /* {"app": "dbt", "dbt_version": "1.11.8", "profile_name": "chorus_data_engineer_interview", "target_name": "dev", "node_id": "model.chorus_data_engineer_interview.stg_observations"} */
drop view if exists "postgres"."public"."stg_observations__dbt_backup" cascade
[0m18:23:41.807077 [debug] [Thread-3 (]: SQL status: DROP VIEW in 0.001 seconds
[0m18:23:41.808392 [debug] [Thread-3 (]: On model.chorus_data_engineer_interview.stg_practitioners: Close
[0m18:23:41.808795 [debug] [Thread-1 (]: SQL status: DROP VIEW in 0.001 seconds
[0m18:23:41.809036 [debug] [Thread-2 (]: SQL status: DROP VIEW in 0.002 seconds
[0m18:23:41.809356 [debug] [Thread-4 (]: SQL status: DROP VIEW in 0.002 seconds
[0m18:23:41.809898 [debug] [Thread-3 (]: Sending event: {'category': 'dbt', 'action': 'run_model', 'label': '444c75c8-e8d2-4157-930b-1049e9709d29', 'context': [<snowplow_tracker.self_describing_json.SelfDescribingJson object at 0x10afa7b90>]}
[0m18:23:41.811085 [debug] [Thread-1 (]: On model.chorus_data_engineer_interview.stg_encounters: Close
[0m18:23:41.812013 [debug] [Thread-2 (]: On model.chorus_data_engineer_interview.stg_observations: Close
[0m18:23:41.812950 [debug] [Thread-4 (]: On model.chorus_data_engineer_interview.stg_patients: Close
[0m18:23:41.813434 [info ] [Thread-3 (]: 8 of 10 OK created sql view model public.stg_practitioners ..................... [[32mCREATE VIEW[0m in 0.09s]
[0m18:23:41.813851 [debug] [Thread-1 (]: Sending event: {'category': 'dbt', 'action': 'run_model', 'label': '444c75c8-e8d2-4157-930b-1049e9709d29', 'context': [<snowplow_tracker.self_describing_json.SelfDescribingJson object at 0x10a653cd0>]}
[0m18:23:41.814302 [debug] [Thread-2 (]: Sending event: {'category': 'dbt', 'action': 'run_model', 'label': '444c75c8-e8d2-4157-930b-1049e9709d29', 'context': [<snowplow_tracker.self_describing_json.SelfDescribingJson object at 0x10b4b3190>]}
[0m18:23:41.814914 [debug] [Thread-4 (]: Sending event: {'category': 'dbt', 'action': 'run_model', 'label': '444c75c8-e8d2-4157-930b-1049e9709d29', 'context': [<snowplow_tracker.self_describing_json.SelfDescribingJson object at 0x10b7f6b10>]}
[0m18:23:41.815728 [debug] [Thread-3 (]: Finished running node model.chorus_data_engineer_interview.stg_practitioners
[0m18:23:41.816287 [info ] [Thread-1 (]: 5 of 10 OK created sql view model public.stg_encounters ........................ [[32mCREATE VIEW[0m in 0.09s]
[0m18:23:41.817028 [info ] [Thread-2 (]: 6 of 10 OK created sql view model public.stg_observations ...................... [[32mCREATE VIEW[0m in 0.09s]
[0m18:23:41.817812 [debug] [Thread-3 (]: Began running node model.chorus_data_engineer_interview.unique_my_first_dbt_model_id
[0m18:23:41.817494 [info ] [Thread-4 (]: 7 of 10 OK created sql view model public.stg_patients .......................... [[32mCREATE VIEW[0m in 0.09s]
[0m18:23:41.818321 [debug] [Thread-1 (]: Finished running node model.chorus_data_engineer_interview.stg_encounters
[0m18:23:41.818678 [debug] [Thread-2 (]: Finished running node model.chorus_data_engineer_interview.stg_observations
[0m18:23:41.819001 [info ] [Thread-3 (]: 9 of 10 START sql view model public.unique_my_first_dbt_model_id ............... [RUN]
[0m18:23:41.819368 [debug] [Thread-4 (]: Finished running node model.chorus_data_engineer_interview.stg_patients
[0m18:23:41.819644 [debug] [Thread-1 (]: Began running node model.chorus_data_engineer_interview.unique_my_second_dbt_model_id
[0m18:23:41.820012 [debug] [Thread-3 (]: Re-using an available connection from the pool (formerly model.chorus_data_engineer_interview.stg_practitioners, now model.chorus_data_engineer_interview.unique_my_first_dbt_model_id)
[0m18:23:41.820431 [info ] [Thread-1 (]: 10 of 10 START sql view model public.unique_my_second_dbt_model_id ............. [RUN]
[0m18:23:41.820714 [debug] [Thread-3 (]: Began compiling node model.chorus_data_engineer_interview.unique_my_first_dbt_model_id
[0m18:23:41.820972 [debug] [Thread-1 (]: Re-using an available connection from the pool (formerly model.chorus_data_engineer_interview.stg_encounters, now model.chorus_data_engineer_interview.unique_my_second_dbt_model_id)
[0m18:23:41.822472 [debug] [Thread-3 (]: Writing injected SQL for node "model.chorus_data_engineer_interview.unique_my_first_dbt_model_id"
[0m18:23:41.822739 [debug] [Thread-1 (]: Began compiling node model.chorus_data_engineer_interview.unique_my_second_dbt_model_id
[0m18:23:41.824376 [debug] [Thread-1 (]: Writing injected SQL for node "model.chorus_data_engineer_interview.unique_my_second_dbt_model_id"
[0m18:23:41.824794 [debug] [Thread-3 (]: Began executing node model.chorus_data_engineer_interview.unique_my_first_dbt_model_id
[0m18:23:41.829120 [debug] [Thread-3 (]: Writing runtime sql for node "model.chorus_data_engineer_interview.unique_my_first_dbt_model_id"
[0m18:23:41.829730 [debug] [Thread-1 (]: Began executing node model.chorus_data_engineer_interview.unique_my_second_dbt_model_id
[0m18:23:41.830032 [debug] [Thread-3 (]: Using postgres connection "model.chorus_data_engineer_interview.unique_my_first_dbt_model_id"
[0m18:23:41.832691 [debug] [Thread-1 (]: Writing runtime sql for node "model.chorus_data_engineer_interview.unique_my_second_dbt_model_id"
[0m18:23:41.833002 [debug] [Thread-3 (]: On model.chorus_data_engineer_interview.unique_my_first_dbt_model_id: /* {"app": "dbt", "dbt_version": "1.11.8", "profile_name": "chorus_data_engineer_interview", "target_name": "dev", "node_id": "model.chorus_data_engineer_interview.unique_my_first_dbt_model_id"} */

  create view "postgres"."public"."unique_my_first_dbt_model_id__dbt_tmp"
    
    
  as (
    select
    id as unique_field,
    count(*) as n_records

from "postgres"."public"."my_first_dbt_model"
where id is not null
group by id
having count(*) > 1
  );
[0m18:23:41.833361 [debug] [Thread-3 (]: Opening a new connection, currently in state closed
[0m18:23:41.833849 [debug] [Thread-1 (]: Using postgres connection "model.chorus_data_engineer_interview.unique_my_second_dbt_model_id"
[0m18:23:41.834157 [debug] [Thread-1 (]: On model.chorus_data_engineer_interview.unique_my_second_dbt_model_id: /* {"app": "dbt", "dbt_version": "1.11.8", "profile_name": "chorus_data_engineer_interview", "target_name": "dev", "node_id": "model.chorus_data_engineer_interview.unique_my_second_dbt_model_id"} */

  create view "postgres"."public"."unique_my_second_dbt_model_id__dbt_tmp"
    
    
  as (
    select
    id as unique_field,
    count(*) as n_records

from "postgres"."public"."my_second_dbt_model"
where id is not null
group by id
having count(*) > 1
  );
[0m18:23:41.834457 [debug] [Thread-1 (]: Opening a new connection, currently in state closed
[0m18:23:41.843083 [debug] [Thread-3 (]: SQL status: CREATE VIEW in 0.010 seconds
[0m18:23:41.845847 [debug] [Thread-3 (]: Using postgres connection "model.chorus_data_engineer_interview.unique_my_first_dbt_model_id"
[0m18:23:41.846144 [debug] [Thread-1 (]: Postgres adapter: Postgres error: relation "public.my_second_dbt_model" does not exist
LINE 11: from "postgres"."public"."my_second_dbt_model"
              ^

[0m18:23:41.846446 [debug] [Thread-3 (]: On model.chorus_data_engineer_interview.unique_my_first_dbt_model_id: /* {"app": "dbt", "dbt_version": "1.11.8", "profile_name": "chorus_data_engineer_interview", "target_name": "dev", "node_id": "model.chorus_data_engineer_interview.unique_my_first_dbt_model_id"} */
alter table "postgres"."public"."unique_my_first_dbt_model_id__dbt_tmp" rename to "unique_my_first_dbt_model_id"
[0m18:23:41.846725 [debug] [Thread-1 (]: On model.chorus_data_engineer_interview.unique_my_second_dbt_model_id: ROLLBACK
[0m18:23:41.848021 [debug] [Thread-1 (]: On model.chorus_data_engineer_interview.unique_my_second_dbt_model_id: Close
[0m18:23:41.848286 [debug] [Thread-3 (]: SQL status: ALTER TABLE in 0.001 seconds
[0m18:23:41.851016 [debug] [Thread-3 (]: On model.chorus_data_engineer_interview.unique_my_first_dbt_model_id: COMMIT
[0m18:23:41.851343 [debug] [Thread-3 (]: Using postgres connection "model.chorus_data_engineer_interview.unique_my_first_dbt_model_id"
[0m18:23:41.852868 [debug] [Thread-1 (]: Database Error in model unique_my_second_dbt_model_id (models/example/schema.yml/unique_my_second_dbt_model_id.sql)
  relation "public.my_second_dbt_model" does not exist
  LINE 11: from "postgres"."public"."my_second_dbt_model"
                ^
  compiled code at target/run/chorus_data_engineer_interview/models/example/schema.yml/unique_my_second_dbt_model_id.sql
[0m18:23:41.853173 [debug] [Thread-3 (]: On model.chorus_data_engineer_interview.unique_my_first_dbt_model_id: COMMIT
[0m18:23:41.853615 [debug] [Thread-1 (]: Sending event: {'category': 'dbt', 'action': 'run_model', 'label': '444c75c8-e8d2-4157-930b-1049e9709d29', 'context': [<snowplow_tracker.self_describing_json.SelfDescribingJson object at 0x10b80e250>]}
[0m18:23:41.854247 [error] [Thread-1 (]: 10 of 10 ERROR creating sql view model public.unique_my_second_dbt_model_id .... [[31mERROR[0m in 0.03s]
[0m18:23:41.854689 [debug] [Thread-1 (]: Finished running node model.chorus_data_engineer_interview.unique_my_second_dbt_model_id
[0m18:23:41.855068 [debug] [Thread-7 (]: Marking all children of 'model.chorus_data_engineer_interview.unique_my_second_dbt_model_id' to be skipped because of status 'error'.  Reason: Database Error in model unique_my_second_dbt_model_id (models/example/schema.yml/unique_my_second_dbt_model_id.sql)
  relation "public.my_second_dbt_model" does not exist
  LINE 11: from "postgres"."public"."my_second_dbt_model"
                ^
  compiled code at target/run/chorus_data_engineer_interview/models/example/schema.yml/unique_my_second_dbt_model_id.sql.
[0m18:23:41.855550 [debug] [Thread-3 (]: SQL status: COMMIT in 0.002 seconds
[0m18:23:41.857437 [debug] [Thread-3 (]: Applying DROP to: "postgres"."public"."unique_my_first_dbt_model_id__dbt_backup"
[0m18:23:41.858027 [debug] [Thread-3 (]: Using postgres connection "model.chorus_data_engineer_interview.unique_my_first_dbt_model_id"
[0m18:23:41.858347 [debug] [Thread-3 (]: On model.chorus_data_engineer_interview.unique_my_first_dbt_model_id: /* {"app": "dbt", "dbt_version": "1.11.8", "profile_name": "chorus_data_engineer_interview", "target_name": "dev", "node_id": "model.chorus_data_engineer_interview.unique_my_first_dbt_model_id"} */
drop view if exists "postgres"."public"."unique_my_first_dbt_model_id__dbt_backup" cascade
[0m18:23:41.859567 [debug] [Thread-3 (]: SQL status: DROP VIEW in 0.001 seconds
[0m18:23:41.860507 [debug] [Thread-3 (]: On model.chorus_data_engineer_interview.unique_my_first_dbt_model_id: Close
[0m18:23:41.860891 [debug] [Thread-3 (]: Sending event: {'category': 'dbt', 'action': 'run_model', 'label': '444c75c8-e8d2-4157-930b-1049e9709d29', 'context': [<snowplow_tracker.self_describing_json.SelfDescribingJson object at 0x109a7cc50>]}
[0m18:23:41.861343 [info ] [Thread-3 (]: 9 of 10 OK created sql view model public.unique_my_first_dbt_model_id .......... [[32mCREATE VIEW[0m in 0.04s]
[0m18:23:41.861878 [debug] [Thread-3 (]: Finished running node model.chorus_data_engineer_interview.unique_my_first_dbt_model_id
[0m18:23:41.863151 [debug] [MainThread]: On master: COMMIT
[0m18:23:41.863403 [debug] [MainThread]: Using postgres connection "master"
[0m18:23:41.863784 [debug] [MainThread]: On master: COMMIT
[0m18:23:41.864025 [debug] [MainThread]: Opening a new connection, currently in state closed
[0m18:23:41.870884 [debug] [MainThread]: SQL status: COMMIT in 0.007 seconds
[0m18:23:41.871153 [debug] [MainThread]: On master: Close
[0m18:23:41.871499 [debug] [MainThread]: Connection 'master' was properly closed.
[0m18:23:41.871798 [debug] [MainThread]: Connection 'model.chorus_data_engineer_interview.unique_my_second_dbt_model_id' was properly closed.
[0m18:23:41.872020 [debug] [MainThread]: Connection 'model.chorus_data_engineer_interview.stg_observations' was properly closed.
[0m18:23:41.872217 [debug] [MainThread]: Connection 'model.chorus_data_engineer_interview.unique_my_first_dbt_model_id' was properly closed.
[0m18:23:41.872402 [debug] [MainThread]: Connection 'model.chorus_data_engineer_interview.stg_patients' was properly closed.
[0m18:23:41.872680 [info ] [MainThread]: 
[0m18:23:41.872918 [info ] [MainThread]: Finished running 10 view models in 0 hours 0 minutes and 0.48 seconds (0.48s).
[0m18:23:41.874374 [debug] [MainThread]: Command end result
[0m18:23:41.903049 [debug] [MainThread]: Wrote artifact WritableManifest to /Users/home/PycharmProjects/chorusinnovations/chorus-data-engineering-interview/dbt/target/manifest.json
[0m18:23:41.904594 [debug] [MainThread]: Wrote artifact SemanticManifest to /Users/home/PycharmProjects/chorusinnovations/chorus-data-engineering-interview/dbt/target/semantic_manifest.json
[0m18:23:41.909666 [debug] [MainThread]: Wrote artifact RunExecutionResult to /Users/home/PycharmProjects/chorusinnovations/chorus-data-engineering-interview/dbt/target/run_results.json
[0m18:23:41.909918 [info ] [MainThread]: 
[0m18:23:41.910195 [info ] [MainThread]: [31mCompleted with 4 errors, 0 partial successes, and 0 warnings:[0m
[0m18:23:41.910412 [info ] [MainThread]: 
[0m18:23:41.910677 [error] [MainThread]: [31mFailure in model my_second_dbt_model (models/example/my_second_dbt_model.sql)[0m
[0m18:23:41.910936 [error] [MainThread]:   Database Error in model my_second_dbt_model (models/example/my_second_dbt_model.sql)
  relation "public.my_first_dbt_model" does not exist
  LINE 10: from "postgres"."public"."my_first_dbt_model"
                ^
  compiled code at target/run/chorus_data_engineer_interview/models/example/my_second_dbt_model.sql
[0m18:23:41.911144 [info ] [MainThread]: 
[0m18:23:41.911381 [info ] [MainThread]:   compiled code at target/compiled/chorus_data_engineer_interview/models/example/my_second_dbt_model.sql
[0m18:23:41.911573 [info ] [MainThread]: 
[0m18:23:41.911818 [error] [MainThread]: [31mFailure in model not_null_my_second_dbt_model_id (models/example/schema.yml/not_null_my_second_dbt_model_id.sql)[0m
[0m18:23:41.912086 [error] [MainThread]:   Database Error in model not_null_my_second_dbt_model_id (models/example/schema.yml/not_null_my_second_dbt_model_id.sql)
  relation "public.my_second_dbt_model" does not exist
  LINE 8: from "postgres"."public"."my_second_dbt_model"
               ^
  compiled code at target/run/chorus_data_engineer_interview/models/example/schema.yml/not_null_my_second_dbt_model_id.sql
[0m18:23:41.912281 [info ] [MainThread]: 
[0m18:23:41.912523 [info ] [MainThread]:   compiled code at target/compiled/chorus_data_engineer_interview/models/example/schema.yml/not_null_my_second_dbt_model_id.sql
[0m18:23:41.912713 [info ] [MainThread]: 
[0m18:23:41.913021 [error] [MainThread]: [31mFailure in model not_null_my_first_dbt_model_id (models/example/schema.yml/not_null_my_first_dbt_model_id.sql)[0m
[0m18:23:41.913369 [error] [MainThread]:   Database Error in model not_null_my_first_dbt_model_id (models/example/schema.yml/not_null_my_first_dbt_model_id.sql)
  relation "public.my_first_dbt_model" does not exist
  LINE 8: from "postgres"."public"."my_first_dbt_model"
               ^
  compiled code at target/run/chorus_data_engineer_interview/models/example/schema.yml/not_null_my_first_dbt_model_id.sql
[0m18:23:41.913605 [info ] [MainThread]: 
[0m18:23:41.913864 [info ] [MainThread]:   compiled code at target/compiled/chorus_data_engineer_interview/models/example/schema.yml/not_null_my_first_dbt_model_id.sql
[0m18:23:41.914075 [info ] [MainThread]: 
[0m18:23:41.914332 [error] [MainThread]: [31mFailure in model unique_my_second_dbt_model_id (models/example/schema.yml/unique_my_second_dbt_model_id.sql)[0m
[0m18:23:41.914592 [error] [MainThread]:   Database Error in model unique_my_second_dbt_model_id (models/example/schema.yml/unique_my_second_dbt_model_id.sql)
  relation "public.my_second_dbt_model" does not exist
  LINE 11: from "postgres"."public"."my_second_dbt_model"
                ^
  compiled code at target/run/chorus_data_engineer_interview/models/example/schema.yml/unique_my_second_dbt_model_id.sql
[0m18:23:41.914793 [info ] [MainThread]: 
[0m18:23:41.915031 [info ] [MainThread]:   compiled code at target/compiled/chorus_data_engineer_interview/models/example/schema.yml/unique_my_second_dbt_model_id.sql
[0m18:23:41.915251 [info ] [MainThread]: 
[0m18:23:41.915475 [info ] [MainThread]: Done. PASS=6 WARN=0 ERROR=4 SKIP=0 NO-OP=0 TOTAL=10
[0m18:23:41.918617 [debug] [MainThread]: Resource report: {"command_name": "run", "command_success": false, "command_wall_clock_time": 2.1504781, "process_in_blocks": "0", "process_kernel_time": 0.367856, "process_mem_max_rss": "155549696", "process_out_blocks": "0", "process_user_time": 2.925805}
[0m18:23:41.918952 [debug] [MainThread]: Command `dbt run` failed at 18:23:41.918885 after 2.15 seconds
[0m18:23:41.919239 [debug] [MainThread]: Sending event: {'category': 'dbt', 'action': 'invocation', 'label': 'end', 'context': [<snowplow_tracker.self_describing_json.SelfDescribingJson object at 0x10a0e6690>, <snowplow_tracker.self_describing_json.SelfDescribingJson object at 0x10b214bd0>, <snowplow_tracker.self_describing_json.SelfDescribingJson object at 0x105e06850>]}
[0m18:23:41.919501 [debug] [MainThread]: Flushing usage events
[0m18:23:42.354246 [debug] [MainThread]: An error was encountered while trying to flush usage events
[0m18:23:46.432713 [debug] [MainThread]: Sending event: {'category': 'dbt', 'action': 'invocation', 'label': 'start', 'context': [<snowplow_tracker.self_describing_json.SelfDescribingJson object at 0x10b8c9550>, <snowplow_tracker.self_describing_json.SelfDescribingJson object at 0x10b9b8650>, <snowplow_tracker.self_describing_json.SelfDescribingJson object at 0x10b9b8f50>]}


============================== 18:23:46.436641 | 9dbf1ef1-ee6f-4338-bb92-ad4f5a81072d ==============================
[0m18:23:46.436641 [info ] [MainThread]: Running with dbt=1.11.8
[0m18:23:46.437121 [debug] [MainThread]: running dbt with arguments {'log_format': 'default', 'invocation_command': 'dbt run', 'no_print': 'None', 'log_cache_events': 'False', 'warn_error_options': 'WarnErrorOptionsV2(error=[], warn=[], silence=[])', 'log_path': '/Users/home/PycharmProjects/chorusinnovations/chorus-data-engineering-interview/dbt/logs', 'use_experimental_parser': 'False', 'fail_fast': 'False', 'printer_width': '80', 'profiles_dir': '/Users/home/.dbt', 'indirect_selection': 'eager', 'use_colors': 'True', 'version_check': 'True', 'cache_selected_only': 'False', 'write_json': 'True', 'partial_parse': 'True', 'empty': 'False', 'quiet': 'False', 'static_parser': 'True', 'introspect': 'True', 'warn_error': 'None', 'send_anonymous_usage_stats': 'True', 'target_path': 'None', 'debug': 'False'}
[0m18:23:46.598222 [debug] [MainThread]: Sending event: {'category': 'dbt', 'action': 'project_id', 'label': '9dbf1ef1-ee6f-4338-bb92-ad4f5a81072d', 'context': [<snowplow_tracker.self_describing_json.SelfDescribingJson object at 0x10bf3af50>]}
[0m18:23:46.650386 [debug] [MainThread]: Sending event: {'category': 'dbt', 'action': 'adapter_info', 'label': '9dbf1ef1-ee6f-4338-bb92-ad4f5a81072d', 'context': [<snowplow_tracker.self_describing_json.SelfDescribingJson object at 0x108b84250>]}
[0m18:23:46.651926 [info ] [MainThread]: Registered adapter: postgres=1.10.0
[0m18:23:46.743091 [debug] [MainThread]: checksum: 7d524ac048c2100769df89d592e662e060a73ca564e31bd9c2a37efdfe8d8ab6, vars: {}, profile: , target: , version: 1.11.8
[0m18:23:46.869221 [debug] [MainThread]: Partial parsing enabled: 6 files deleted, 0 files added, 0 files changed.
[0m18:23:46.869694 [debug] [MainThread]: Partial parsing: deleted file: chorus_data_engineer_interview://models/example/schema.yml/not_null_my_second_dbt_model_id.sql
[0m18:23:46.869930 [debug] [MainThread]: Partial parsing: deleted file: chorus_data_engineer_interview://models/example/schema.yml/unique_my_first_dbt_model_id.sql
[0m18:23:46.870138 [debug] [MainThread]: Partial parsing: deleted file: chorus_data_engineer_interview://models/example/my_first_dbt_model.sql
[0m18:23:46.870333 [debug] [MainThread]: Partial parsing: deleted file: chorus_data_engineer_interview://models/example/my_second_dbt_model.sql
[0m18:23:46.870523 [debug] [MainThread]: Partial parsing: deleted file: chorus_data_engineer_interview://models/example/schema.yml/not_null_my_first_dbt_model_id.sql
[0m18:23:46.870714 [debug] [MainThread]: Partial parsing: deleted file: chorus_data_engineer_interview://models/example/schema.yml/unique_my_second_dbt_model_id.sql
[0m18:23:46.950324 [debug] [MainThread]: Sending event: {'category': 'dbt', 'action': 'load_project', 'label': '9dbf1ef1-ee6f-4338-bb92-ad4f5a81072d', 'context': [<snowplow_tracker.self_describing_json.SelfDescribingJson object at 0x10b98f990>]}
[0m18:23:47.069640 [debug] [MainThread]: Wrote artifact WritableManifest to /Users/home/PycharmProjects/chorusinnovations/chorus-data-engineering-interview/dbt/target/manifest.json
[0m18:23:47.071722 [debug] [MainThread]: Wrote artifact SemanticManifest to /Users/home/PycharmProjects/chorusinnovations/chorus-data-engineering-interview/dbt/target/semantic_manifest.json
[0m18:23:47.081525 [debug] [MainThread]: Sending event: {'category': 'dbt', 'action': 'resource_counts', 'label': '9dbf1ef1-ee6f-4338-bb92-ad4f5a81072d', 'context': [<snowplow_tracker.self_describing_json.SelfDescribingJson object at 0x10aa9df10>]}
[0m18:23:47.081938 [info ] [MainThread]: Found 4 models, 21 data tests, 5 sources, 465 macros
[0m18:23:47.082194 [debug] [MainThread]: Sending event: {'category': 'dbt', 'action': 'runnable_timing', 'label': '9dbf1ef1-ee6f-4338-bb92-ad4f5a81072d', 'context': [<snowplow_tracker.self_describing_json.SelfDescribingJson object at 0x10be50c90>]}
[0m18:23:47.083980 [info ] [MainThread]: 
[0m18:23:47.084272 [info ] [MainThread]: Concurrency: 4 threads (target='dev')
[0m18:23:47.084484 [info ] [MainThread]: 
[0m18:23:47.084837 [debug] [MainThread]: Acquiring new postgres connection 'master'
[0m18:23:47.088056 [debug] [ThreadPool]: Acquiring new postgres connection 'list_postgres'
[0m18:23:47.135017 [debug] [ThreadPool]: Using postgres connection "list_postgres"
[0m18:23:47.135361 [debug] [ThreadPool]: On list_postgres: /* {"app": "dbt", "dbt_version": "1.11.8", "profile_name": "chorus_data_engineer_interview", "target_name": "dev", "connection_name": "list_postgres"} */

    select distinct nspname from pg_namespace
  
[0m18:23:47.135591 [debug] [ThreadPool]: Opening a new connection, currently in state init
[0m18:23:47.185974 [debug] [ThreadPool]: SQL status: SELECT 4 in 0.050 seconds
[0m18:23:47.187101 [debug] [ThreadPool]: On list_postgres: Close
[0m18:23:47.188364 [debug] [ThreadPool]: Re-using an available connection from the pool (formerly list_postgres, now list_postgres_public)
[0m18:23:47.193386 [debug] [ThreadPool]: Using postgres connection "list_postgres_public"
[0m18:23:47.193690 [debug] [ThreadPool]: On list_postgres_public: /* {"app": "dbt", "dbt_version": "1.11.8", "profile_name": "chorus_data_engineer_interview", "target_name": "dev", "connection_name": "list_postgres_public"} */
select
      'postgres' as database,
      tablename as name,
      schemaname as schema,
      'table' as type
    from pg_tables
    where schemaname ilike 'public'
    union all
    select
      'postgres' as database,
      viewname as name,
      schemaname as schema,
      'view' as type
    from pg_views
    where schemaname ilike 'public'
    union all
    select
      'postgres' as database,
      matviewname as name,
      schemaname as schema,
      'materialized_view' as type
    from pg_matviews
    where schemaname ilike 'public'
  
[0m18:23:47.193932 [debug] [ThreadPool]: Opening a new connection, currently in state closed
[0m18:23:47.205833 [debug] [ThreadPool]: SQL status: SELECT 11 in 0.012 seconds
[0m18:23:47.207085 [debug] [ThreadPool]: On list_postgres_public: ROLLBACK
[0m18:23:47.208181 [debug] [ThreadPool]: On list_postgres_public: Close
[0m18:23:47.213057 [debug] [MainThread]: Using postgres connection "master"
[0m18:23:47.213448 [debug] [MainThread]: On master: /* {"app": "dbt", "dbt_version": "1.11.8", "profile_name": "chorus_data_engineer_interview", "target_name": "dev", "connection_name": "master"} */
select distinct
        dependent_namespace.nspname as dependent_schema,
        dependent_class.relname as dependent_name,
        referenced_namespace.nspname as referenced_schema,
        referenced_class.relname as referenced_name

    -- Query for views: views are entries in pg_class with an entry in pg_rewrite, but we avoid
    -- a seq scan on pg_rewrite by leveraging the fact there is an "internal" row in pg_depend for
    -- the view...
    from pg_class as dependent_class
    join pg_namespace as dependent_namespace on dependent_namespace.oid = dependent_class.relnamespace
    join pg_depend as dependent_depend on dependent_depend.refobjid = dependent_class.oid
        and dependent_depend.classid = 'pg_rewrite'::regclass
        and dependent_depend.refclassid = 'pg_class'::regclass
        and dependent_depend.deptype = 'i'

    -- ... and via pg_depend (that has a row per column, hence the need for "distinct" above, and
    -- making sure to exclude the internal row to avoid a view appearing to depend on itself)...
    join pg_depend as joining_depend on joining_depend.objid = dependent_depend.objid
        and joining_depend.classid = 'pg_rewrite'::regclass
        and joining_depend.refclassid = 'pg_class'::regclass
        and joining_depend.refobjid != dependent_depend.refobjid

    -- ... we can find the tables they query from in pg_class, but excluding system tables. Note we
    -- don't need need to exclude _dependent_ system tables, because they only query from other
    -- system tables, and so are automatically excluded by excluding _referenced_ system tables
    join pg_class as referenced_class on referenced_class.oid = joining_depend.refobjid
    join pg_namespace as referenced_namespace on referenced_namespace.oid = referenced_class.relnamespace
        and referenced_namespace.nspname != 'information_schema'
        and referenced_namespace.nspname not like 'pg\_%'

    order by
        dependent_schema, dependent_name, referenced_schema, referenced_name;
[0m18:23:47.213905 [debug] [MainThread]: Opening a new connection, currently in state init
[0m18:23:47.224619 [debug] [MainThread]: SQL status: SELECT 5 in 0.011 seconds
[0m18:23:47.226409 [debug] [MainThread]: Sending event: {'category': 'dbt', 'action': 'runnable_timing', 'label': '9dbf1ef1-ee6f-4338-bb92-ad4f5a81072d', 'context': [<snowplow_tracker.self_describing_json.SelfDescribingJson object at 0x10c630f50>]}
[0m18:23:47.226800 [debug] [MainThread]: On master: ROLLBACK
[0m18:23:47.227985 [debug] [MainThread]: On master: COMMIT
[0m18:23:47.228281 [debug] [MainThread]: Using postgres connection "master"
[0m18:23:47.228511 [debug] [MainThread]: On master: COMMIT
[0m18:23:47.230401 [debug] [MainThread]: SQL status: COMMIT in 0.002 seconds
[0m18:23:47.230670 [debug] [MainThread]: On master: Close
[0m18:23:47.232672 [debug] [Thread-1 (]: Began running node model.chorus_data_engineer_interview.stg_encounters
[0m18:23:47.233012 [debug] [Thread-2 (]: Began running node model.chorus_data_engineer_interview.stg_observations
[0m18:23:47.233371 [debug] [Thread-3 (]: Began running node model.chorus_data_engineer_interview.stg_patients
[0m18:23:47.233754 [info ] [Thread-1 (]: 1 of 4 START sql view model public.stg_encounters .............................. [RUN]
[0m18:23:47.234083 [debug] [Thread-4 (]: Began running node model.chorus_data_engineer_interview.stg_practitioners
[0m18:23:47.234463 [info ] [Thread-2 (]: 2 of 4 START sql view model public.stg_observations ............................ [RUN]
[0m18:23:47.234873 [info ] [Thread-3 (]: 3 of 4 START sql view model public.stg_patients ................................ [RUN]
[0m18:23:47.235231 [debug] [Thread-1 (]: Re-using an available connection from the pool (formerly list_postgres_public, now model.chorus_data_engineer_interview.stg_encounters)
[0m18:23:47.235570 [info ] [Thread-4 (]: 4 of 4 START sql view model public.stg_practitioners ........................... [RUN]
[0m18:23:47.235930 [debug] [Thread-2 (]: Acquiring new postgres connection 'model.chorus_data_engineer_interview.stg_observations'
[0m18:23:47.236239 [debug] [Thread-3 (]: Acquiring new postgres connection 'model.chorus_data_engineer_interview.stg_patients'
[0m18:23:47.236490 [debug] [Thread-1 (]: Began compiling node model.chorus_data_engineer_interview.stg_encounters
[0m18:23:47.236803 [debug] [Thread-4 (]: Acquiring new postgres connection 'model.chorus_data_engineer_interview.stg_practitioners'
[0m18:23:47.237039 [debug] [Thread-2 (]: Began compiling node model.chorus_data_engineer_interview.stg_observations
[0m18:23:47.237269 [debug] [Thread-3 (]: Began compiling node model.chorus_data_engineer_interview.stg_patients
[0m18:23:47.243065 [debug] [Thread-1 (]: Writing injected SQL for node "model.chorus_data_engineer_interview.stg_encounters"
[0m18:23:47.243360 [debug] [Thread-4 (]: Began compiling node model.chorus_data_engineer_interview.stg_practitioners
[0m18:23:47.245427 [debug] [Thread-2 (]: Writing injected SQL for node "model.chorus_data_engineer_interview.stg_observations"
[0m18:23:47.247530 [debug] [Thread-3 (]: Writing injected SQL for node "model.chorus_data_engineer_interview.stg_patients"
[0m18:23:47.249607 [debug] [Thread-4 (]: Writing injected SQL for node "model.chorus_data_engineer_interview.stg_practitioners"
[0m18:23:47.250775 [debug] [Thread-1 (]: Began executing node model.chorus_data_engineer_interview.stg_encounters
[0m18:23:47.251112 [debug] [Thread-2 (]: Began executing node model.chorus_data_engineer_interview.stg_observations
[0m18:23:47.251429 [debug] [Thread-3 (]: Began executing node model.chorus_data_engineer_interview.stg_patients
[0m18:23:47.257579 [debug] [Thread-4 (]: Began executing node model.chorus_data_engineer_interview.stg_practitioners
[0m18:23:47.284062 [debug] [Thread-2 (]: Writing runtime sql for node "model.chorus_data_engineer_interview.stg_observations"
[0m18:23:47.284949 [debug] [Thread-1 (]: Writing runtime sql for node "model.chorus_data_engineer_interview.stg_encounters"
[0m18:23:47.287675 [debug] [Thread-3 (]: Writing runtime sql for node "model.chorus_data_engineer_interview.stg_patients"
[0m18:23:47.290581 [debug] [Thread-4 (]: Writing runtime sql for node "model.chorus_data_engineer_interview.stg_practitioners"
[0m18:23:47.291340 [debug] [Thread-1 (]: Using postgres connection "model.chorus_data_engineer_interview.stg_encounters"
[0m18:23:47.291646 [debug] [Thread-2 (]: Using postgres connection "model.chorus_data_engineer_interview.stg_observations"
[0m18:23:47.291986 [debug] [Thread-1 (]: On model.chorus_data_engineer_interview.stg_encounters: /* {"app": "dbt", "dbt_version": "1.11.8", "profile_name": "chorus_data_engineer_interview", "target_name": "dev", "node_id": "model.chorus_data_engineer_interview.stg_encounters"} */

  create view "postgres"."public"."stg_encounters__dbt_tmp"
    
    
  as (
    SELECT
  id,
  patient_id,
  practitioner_id,
  status,
  encounter_date,
  reason,
  created_at
FROM "postgres"."public"."Encounter"
  );
[0m18:23:47.292418 [debug] [Thread-2 (]: On model.chorus_data_engineer_interview.stg_observations: /* {"app": "dbt", "dbt_version": "1.11.8", "profile_name": "chorus_data_engineer_interview", "target_name": "dev", "node_id": "model.chorus_data_engineer_interview.stg_observations"} */

  create view "postgres"."public"."stg_observations__dbt_tmp"
    
    
  as (
    SELECT
  id,
  patient_id,
  encounter_id,
  type,
  value,
  unit,
  recorded_at
FROM "postgres"."public"."Observation"
  );
[0m18:23:47.292768 [debug] [Thread-3 (]: Using postgres connection "model.chorus_data_engineer_interview.stg_patients"
[0m18:23:47.293067 [debug] [Thread-4 (]: Using postgres connection "model.chorus_data_engineer_interview.stg_practitioners"
[0m18:23:47.293335 [debug] [Thread-1 (]: Opening a new connection, currently in state closed
[0m18:23:47.293585 [debug] [Thread-2 (]: Opening a new connection, currently in state init
[0m18:23:47.293833 [debug] [Thread-3 (]: On model.chorus_data_engineer_interview.stg_patients: /* {"app": "dbt", "dbt_version": "1.11.8", "profile_name": "chorus_data_engineer_interview", "target_name": "dev", "node_id": "model.chorus_data_engineer_interview.stg_patients"} */

  create view "postgres"."public"."stg_patients__dbt_tmp"
    
    
  as (
    SELECT
  id,
  identifier,
  name,
  gender,
  birth_date,
  address,
  telecom,
  active,
  created_at
FROM "postgres"."public"."Patient"
  );
[0m18:23:47.294121 [debug] [Thread-4 (]: On model.chorus_data_engineer_interview.stg_practitioners: /* {"app": "dbt", "dbt_version": "1.11.8", "profile_name": "chorus_data_engineer_interview", "target_name": "dev", "node_id": "model.chorus_data_engineer_interview.stg_practitioners"} */

  create view "postgres"."public"."stg_practitioners__dbt_tmp"
    
    
  as (
    SELECT
  id,
  identifier,
  name,
  specialty,
  telecom,
  active,
  created_at
FROM "postgres"."public"."Practitioner"
  );
[0m18:23:47.294665 [debug] [Thread-3 (]: Opening a new connection, currently in state init
[0m18:23:47.294942 [debug] [Thread-4 (]: Opening a new connection, currently in state init
[0m18:23:47.307826 [debug] [Thread-2 (]: SQL status: CREATE VIEW in 0.014 seconds
[0m18:23:47.308169 [debug] [Thread-3 (]: SQL status: CREATE VIEW in 0.013 seconds
[0m18:23:47.308467 [debug] [Thread-1 (]: SQL status: CREATE VIEW in 0.015 seconds
[0m18:23:47.308753 [debug] [Thread-4 (]: SQL status: CREATE VIEW in 0.014 seconds
[0m18:23:47.314695 [debug] [Thread-2 (]: Using postgres connection "model.chorus_data_engineer_interview.stg_observations"
[0m18:23:47.317270 [debug] [Thread-3 (]: Using postgres connection "model.chorus_data_engineer_interview.stg_patients"
[0m18:23:47.319657 [debug] [Thread-1 (]: Using postgres connection "model.chorus_data_engineer_interview.stg_encounters"
[0m18:23:47.322097 [debug] [Thread-4 (]: Using postgres connection "model.chorus_data_engineer_interview.stg_practitioners"
[0m18:23:47.322402 [debug] [Thread-2 (]: On model.chorus_data_engineer_interview.stg_observations: /* {"app": "dbt", "dbt_version": "1.11.8", "profile_name": "chorus_data_engineer_interview", "target_name": "dev", "node_id": "model.chorus_data_engineer_interview.stg_observations"} */
alter table "postgres"."public"."stg_observations" rename to "stg_observations__dbt_backup"
[0m18:23:47.322675 [debug] [Thread-3 (]: On model.chorus_data_engineer_interview.stg_patients: /* {"app": "dbt", "dbt_version": "1.11.8", "profile_name": "chorus_data_engineer_interview", "target_name": "dev", "node_id": "model.chorus_data_engineer_interview.stg_patients"} */
alter table "postgres"."public"."stg_patients" rename to "stg_patients__dbt_backup"
[0m18:23:47.322937 [debug] [Thread-1 (]: On model.chorus_data_engineer_interview.stg_encounters: /* {"app": "dbt", "dbt_version": "1.11.8", "profile_name": "chorus_data_engineer_interview", "target_name": "dev", "node_id": "model.chorus_data_engineer_interview.stg_encounters"} */
alter table "postgres"."public"."stg_encounters" rename to "stg_encounters__dbt_backup"
[0m18:23:47.323189 [debug] [Thread-4 (]: On model.chorus_data_engineer_interview.stg_practitioners: /* {"app": "dbt", "dbt_version": "1.11.8", "profile_name": "chorus_data_engineer_interview", "target_name": "dev", "node_id": "model.chorus_data_engineer_interview.stg_practitioners"} */
alter table "postgres"."public"."stg_practitioners" rename to "stg_practitioners__dbt_backup"
[0m18:23:47.325107 [debug] [Thread-1 (]: SQL status: ALTER TABLE in 0.002 seconds
[0m18:23:47.325364 [debug] [Thread-4 (]: SQL status: ALTER TABLE in 0.002 seconds
[0m18:23:47.325666 [debug] [Thread-2 (]: SQL status: ALTER TABLE in 0.002 seconds
[0m18:23:47.325933 [debug] [Thread-3 (]: SQL status: ALTER TABLE in 0.002 seconds
[0m18:23:47.328241 [debug] [Thread-1 (]: Using postgres connection "model.chorus_data_engineer_interview.stg_encounters"
[0m18:23:47.330405 [debug] [Thread-4 (]: Using postgres connection "model.chorus_data_engineer_interview.stg_practitioners"
[0m18:23:47.332524 [debug] [Thread-2 (]: Using postgres connection "model.chorus_data_engineer_interview.stg_observations"
[0m18:23:47.335971 [debug] [Thread-3 (]: Using postgres connection "model.chorus_data_engineer_interview.stg_patients"
[0m18:23:47.336259 [debug] [Thread-1 (]: On model.chorus_data_engineer_interview.stg_encounters: /* {"app": "dbt", "dbt_version": "1.11.8", "profile_name": "chorus_data_engineer_interview", "target_name": "dev", "node_id": "model.chorus_data_engineer_interview.stg_encounters"} */
alter table "postgres"."public"."stg_encounters__dbt_tmp" rename to "stg_encounters"
[0m18:23:47.336527 [debug] [Thread-4 (]: On model.chorus_data_engineer_interview.stg_practitioners: /* {"app": "dbt", "dbt_version": "1.11.8", "profile_name": "chorus_data_engineer_interview", "target_name": "dev", "node_id": "model.chorus_data_engineer_interview.stg_practitioners"} */
alter table "postgres"."public"."stg_practitioners__dbt_tmp" rename to "stg_practitioners"
[0m18:23:47.336954 [debug] [Thread-2 (]: On model.chorus_data_engineer_interview.stg_observations: /* {"app": "dbt", "dbt_version": "1.11.8", "profile_name": "chorus_data_engineer_interview", "target_name": "dev", "node_id": "model.chorus_data_engineer_interview.stg_observations"} */
alter table "postgres"."public"."stg_observations__dbt_tmp" rename to "stg_observations"
[0m18:23:47.337238 [debug] [Thread-3 (]: On model.chorus_data_engineer_interview.stg_patients: /* {"app": "dbt", "dbt_version": "1.11.8", "profile_name": "chorus_data_engineer_interview", "target_name": "dev", "node_id": "model.chorus_data_engineer_interview.stg_patients"} */
alter table "postgres"."public"."stg_patients__dbt_tmp" rename to "stg_patients"
[0m18:23:47.339234 [debug] [Thread-4 (]: SQL status: ALTER TABLE in 0.002 seconds
[0m18:23:47.339515 [debug] [Thread-2 (]: SQL status: ALTER TABLE in 0.002 seconds
[0m18:23:47.339852 [debug] [Thread-3 (]: SQL status: ALTER TABLE in 0.002 seconds
[0m18:23:47.340134 [debug] [Thread-1 (]: SQL status: ALTER TABLE in 0.003 seconds
[0m18:23:47.355009 [debug] [Thread-4 (]: On model.chorus_data_engineer_interview.stg_practitioners: COMMIT
[0m18:23:47.356145 [debug] [Thread-2 (]: On model.chorus_data_engineer_interview.stg_observations: COMMIT
[0m18:23:47.357330 [debug] [Thread-3 (]: On model.chorus_data_engineer_interview.stg_patients: COMMIT
[0m18:23:47.358359 [debug] [Thread-1 (]: On model.chorus_data_engineer_interview.stg_encounters: COMMIT
[0m18:23:47.358631 [debug] [Thread-4 (]: Using postgres connection "model.chorus_data_engineer_interview.stg_practitioners"
[0m18:23:47.358884 [debug] [Thread-2 (]: Using postgres connection "model.chorus_data_engineer_interview.stg_observations"
[0m18:23:47.359126 [debug] [Thread-3 (]: Using postgres connection "model.chorus_data_engineer_interview.stg_patients"
[0m18:23:47.359362 [debug] [Thread-1 (]: Using postgres connection "model.chorus_data_engineer_interview.stg_encounters"
[0m18:23:47.359594 [debug] [Thread-4 (]: On model.chorus_data_engineer_interview.stg_practitioners: COMMIT
[0m18:23:47.359823 [debug] [Thread-2 (]: On model.chorus_data_engineer_interview.stg_observations: COMMIT
[0m18:23:47.360147 [debug] [Thread-3 (]: On model.chorus_data_engineer_interview.stg_patients: COMMIT
[0m18:23:47.360473 [debug] [Thread-1 (]: On model.chorus_data_engineer_interview.stg_encounters: COMMIT
[0m18:23:47.363820 [debug] [Thread-3 (]: SQL status: COMMIT in 0.003 seconds
[0m18:23:47.364125 [debug] [Thread-2 (]: SQL status: COMMIT in 0.003 seconds
[0m18:23:47.364388 [debug] [Thread-4 (]: SQL status: COMMIT in 0.004 seconds
[0m18:23:47.364609 [debug] [Thread-1 (]: SQL status: COMMIT in 0.004 seconds
[0m18:23:47.369749 [debug] [Thread-3 (]: Applying DROP to: "postgres"."public"."stg_patients__dbt_backup"
[0m18:23:47.371606 [debug] [Thread-2 (]: Applying DROP to: "postgres"."public"."stg_observations__dbt_backup"
[0m18:23:47.373346 [debug] [Thread-4 (]: Applying DROP to: "postgres"."public"."stg_practitioners__dbt_backup"
[0m18:23:47.375093 [debug] [Thread-1 (]: Applying DROP to: "postgres"."public"."stg_encounters__dbt_backup"
[0m18:23:47.378885 [debug] [Thread-3 (]: Using postgres connection "model.chorus_data_engineer_interview.stg_patients"
[0m18:23:47.379428 [debug] [Thread-2 (]: Using postgres connection "model.chorus_data_engineer_interview.stg_observations"
[0m18:23:47.379950 [debug] [Thread-4 (]: Using postgres connection "model.chorus_data_engineer_interview.stg_practitioners"
[0m18:23:47.380449 [debug] [Thread-1 (]: Using postgres connection "model.chorus_data_engineer_interview.stg_encounters"
[0m18:23:47.380714 [debug] [Thread-3 (]: On model.chorus_data_engineer_interview.stg_patients: /* {"app": "dbt", "dbt_version": "1.11.8", "profile_name": "chorus_data_engineer_interview", "target_name": "dev", "node_id": "model.chorus_data_engineer_interview.stg_patients"} */
drop view if exists "postgres"."public"."stg_patients__dbt_backup" cascade
[0m18:23:47.380974 [debug] [Thread-2 (]: On model.chorus_data_engineer_interview.stg_observations: /* {"app": "dbt", "dbt_version": "1.11.8", "profile_name": "chorus_data_engineer_interview", "target_name": "dev", "node_id": "model.chorus_data_engineer_interview.stg_observations"} */
drop view if exists "postgres"."public"."stg_observations__dbt_backup" cascade
[0m18:23:47.381235 [debug] [Thread-4 (]: On model.chorus_data_engineer_interview.stg_practitioners: /* {"app": "dbt", "dbt_version": "1.11.8", "profile_name": "chorus_data_engineer_interview", "target_name": "dev", "node_id": "model.chorus_data_engineer_interview.stg_practitioners"} */
drop view if exists "postgres"."public"."stg_practitioners__dbt_backup" cascade
[0m18:23:47.381493 [debug] [Thread-1 (]: On model.chorus_data_engineer_interview.stg_encounters: /* {"app": "dbt", "dbt_version": "1.11.8", "profile_name": "chorus_data_engineer_interview", "target_name": "dev", "node_id": "model.chorus_data_engineer_interview.stg_encounters"} */
drop view if exists "postgres"."public"."stg_encounters__dbt_backup" cascade
[0m18:23:47.385535 [debug] [Thread-1 (]: SQL status: DROP VIEW in 0.004 seconds
[0m18:23:47.385822 [debug] [Thread-3 (]: SQL status: DROP VIEW in 0.004 seconds
[0m18:23:47.386072 [debug] [Thread-4 (]: SQL status: DROP VIEW in 0.004 seconds
[0m18:23:47.386305 [debug] [Thread-2 (]: SQL status: DROP VIEW in 0.004 seconds
[0m18:23:47.388182 [debug] [Thread-1 (]: On model.chorus_data_engineer_interview.stg_encounters: Close
[0m18:23:47.389138 [debug] [Thread-3 (]: On model.chorus_data_engineer_interview.stg_patients: Close
[0m18:23:47.390012 [debug] [Thread-4 (]: On model.chorus_data_engineer_interview.stg_practitioners: Close
[0m18:23:47.390926 [debug] [Thread-2 (]: On model.chorus_data_engineer_interview.stg_observations: Close
[0m18:23:47.393019 [debug] [Thread-1 (]: Sending event: {'category': 'dbt', 'action': 'run_model', 'label': '9dbf1ef1-ee6f-4338-bb92-ad4f5a81072d', 'context': [<snowplow_tracker.self_describing_json.SelfDescribingJson object at 0x10c5a5310>]}
[0m18:23:47.393296 [debug] [Thread-3 (]: Sending event: {'category': 'dbt', 'action': 'run_model', 'label': '9dbf1ef1-ee6f-4338-bb92-ad4f5a81072d', 'context': [<snowplow_tracker.self_describing_json.SelfDescribingJson object at 0x10cba0810>]}
[0m18:23:47.393769 [info ] [Thread-1 (]: 1 of 4 OK created sql view model public.stg_encounters ......................... [[32mCREATE VIEW[0m in 0.16s]
[0m18:23:47.394007 [debug] [Thread-4 (]: Sending event: {'category': 'dbt', 'action': 'run_model', 'label': '9dbf1ef1-ee6f-4338-bb92-ad4f5a81072d', 'context': [<snowplow_tracker.self_describing_json.SelfDescribingJson object at 0x10ba317d0>]}
[0m18:23:47.394521 [info ] [Thread-3 (]: 3 of 4 OK created sql view model public.stg_patients ........................... [[32mCREATE VIEW[0m in 0.16s]
[0m18:23:47.394818 [debug] [Thread-2 (]: Sending event: {'category': 'dbt', 'action': 'run_model', 'label': '9dbf1ef1-ee6f-4338-bb92-ad4f5a81072d', 'context': [<snowplow_tracker.self_describing_json.SelfDescribingJson object at 0x10cbc3b10>]}
[0m18:23:47.395237 [debug] [Thread-1 (]: Finished running node model.chorus_data_engineer_interview.stg_encounters
[0m18:23:47.395674 [info ] [Thread-4 (]: 4 of 4 OK created sql view model public.stg_practitioners ...................... [[32mCREATE VIEW[0m in 0.16s]
[0m18:23:47.396229 [debug] [Thread-3 (]: Finished running node model.chorus_data_engineer_interview.stg_patients
[0m18:23:47.396644 [info ] [Thread-2 (]: 2 of 4 OK created sql view model public.stg_observations ....................... [[32mCREATE VIEW[0m in 0.16s]
[0m18:23:47.397151 [debug] [Thread-4 (]: Finished running node model.chorus_data_engineer_interview.stg_practitioners
[0m18:23:47.397581 [debug] [Thread-2 (]: Finished running node model.chorus_data_engineer_interview.stg_observations
[0m18:23:47.398482 [debug] [MainThread]: On master: COMMIT
[0m18:23:47.398754 [debug] [MainThread]: Using postgres connection "master"
[0m18:23:47.398968 [debug] [MainThread]: On master: COMMIT
[0m18:23:47.399166 [debug] [MainThread]: Opening a new connection, currently in state closed
[0m18:23:47.408313 [debug] [MainThread]: SQL status: COMMIT in 0.009 seconds
[0m18:23:47.408621 [debug] [MainThread]: On master: Close
[0m18:23:47.408938 [debug] [MainThread]: Connection 'master' was properly closed.
[0m18:23:47.409197 [debug] [MainThread]: Connection 'model.chorus_data_engineer_interview.stg_encounters' was properly closed.
[0m18:23:47.409401 [debug] [MainThread]: Connection 'model.chorus_data_engineer_interview.stg_observations' was properly closed.
[0m18:23:47.409588 [debug] [MainThread]: Connection 'model.chorus_data_engineer_interview.stg_patients' was properly closed.
[0m18:23:47.409769 [debug] [MainThread]: Connection 'model.chorus_data_engineer_interview.stg_practitioners' was properly closed.
[0m18:23:47.410025 [info ] [MainThread]: 
[0m18:23:47.410253 [info ] [MainThread]: Finished running 4 view models in 0 hours 0 minutes and 0.33 seconds (0.33s).
[0m18:23:47.411221 [debug] [MainThread]: Command end result
[0m18:23:47.438525 [debug] [MainThread]: Wrote artifact WritableManifest to /Users/home/PycharmProjects/chorusinnovations/chorus-data-engineering-interview/dbt/target/manifest.json
[0m18:23:47.439946 [debug] [MainThread]: Wrote artifact SemanticManifest to /Users/home/PycharmProjects/chorusinnovations/chorus-data-engineering-interview/dbt/target/semantic_manifest.json
[0m18:23:47.444926 [debug] [MainThread]: Wrote artifact RunExecutionResult to /Users/home/PycharmProjects/chorusinnovations/chorus-data-engineering-interview/dbt/target/run_results.json
[0m18:23:47.445196 [info ] [MainThread]: 
[0m18:23:47.445486 [info ] [MainThread]: [32mCompleted successfully[0m
[0m18:23:47.445708 [info ] [MainThread]: 
[0m18:23:47.445989 [info ] [MainThread]: Done. PASS=4 WARN=0 ERROR=0 SKIP=0 NO-OP=0 TOTAL=4
[0m18:23:47.448886 [debug] [MainThread]: Resource report: {"command_name": "run", "command_success": true, "command_wall_clock_time": 1.0854073, "process_in_blocks": "0", "process_kernel_time": 0.326054, "process_mem_max_rss": "148094976", "process_out_blocks": "0", "process_user_time": 1.978783}
[0m18:23:47.449244 [debug] [MainThread]: Command `dbt run` succeeded at 18:23:47.449176 after 1.09 seconds
[0m18:23:47.449519 [debug] [MainThread]: Sending event: {'category': 'dbt', 'action': 'invocation', 'label': 'end', 'context': [<snowplow_tracker.self_describing_json.SelfDescribingJson object at 0x10b655a50>, <snowplow_tracker.self_describing_json.SelfDescribingJson object at 0x107491fd0>, <snowplow_tracker.self_describing_json.SelfDescribingJson object at 0x1075be610>]}
[0m18:23:47.449779 [debug] [MainThread]: Flushing usage events
[0m18:23:47.793585 [debug] [MainThread]: An error was encountered while trying to flush usage events
[0m18:32:45.905999 [debug] [MainThread]: Sending event: {'category': 'dbt', 'action': 'invocation', 'label': 'start', 'context': [<snowplow_tracker.self_describing_json.SelfDescribingJson object at 0x10c16eb90>, <snowplow_tracker.self_describing_json.SelfDescribingJson object at 0x10c0eb010>, <snowplow_tracker.self_describing_json.SelfDescribingJson object at 0x10c1d52d0>]}


============================== 18:32:45.909873 | 6e3ea7f2-3d65-484d-ac5e-e9e10fe19d91 ==============================
[0m18:32:45.909873 [info ] [MainThread]: Running with dbt=1.11.8
[0m18:32:45.910334 [debug] [MainThread]: running dbt with arguments {'cache_selected_only': 'False', 'write_json': 'True', 'target_path': 'None', 'static_parser': 'True', 'version_check': 'True', 'debug': 'False', 'send_anonymous_usage_stats': 'True', 'quiet': 'False', 'warn_error': 'None', 'printer_width': '80', 'use_experimental_parser': 'False', 'introspect': 'True', 'log_path': '/Users/home/PycharmProjects/chorusinnovations/chorus-data-engineering-interview/dbt/logs', 'partial_parse': 'True', 'use_colors': 'True', 'log_cache_events': 'False', 'fail_fast': 'False', 'empty': 'None', 'invocation_command': 'dbt test --select all_patient_observations.sql', 'profiles_dir': '/Users/home/.dbt', 'log_format': 'default', 'no_print': 'None', 'indirect_selection': 'eager', 'warn_error_options': 'WarnErrorOptionsV2(error=[], warn=[], silence=[])'}
[0m18:32:46.115762 [debug] [MainThread]: Sending event: {'category': 'dbt', 'action': 'project_id', 'label': '6e3ea7f2-3d65-484d-ac5e-e9e10fe19d91', 'context': [<snowplow_tracker.self_describing_json.SelfDescribingJson object at 0x10c76ad10>]}
[0m18:32:46.168497 [debug] [MainThread]: Sending event: {'category': 'dbt', 'action': 'adapter_info', 'label': '6e3ea7f2-3d65-484d-ac5e-e9e10fe19d91', 'context': [<snowplow_tracker.self_describing_json.SelfDescribingJson object at 0x1093c4a50>]}
[0m18:32:46.169904 [info ] [MainThread]: Registered adapter: postgres=1.10.0
[0m18:32:46.276363 [debug] [MainThread]: checksum: 7d524ac048c2100769df89d592e662e060a73ca564e31bd9c2a37efdfe8d8ab6, vars: {}, profile: , target: , version: 1.11.8
[0m18:32:46.401320 [debug] [MainThread]: Partial parsing enabled: 0 files deleted, 3 files added, 0 files changed.
[0m18:32:46.401822 [debug] [MainThread]: Partial parsing: added file: chorus_data_engineer_interview://models/beginner/all_patient_observations.sql
[0m18:32:46.402077 [debug] [MainThread]: Partial parsing: added file: chorus_data_engineer_interview://models/beginner/active_patients.sql
[0m18:32:46.402295 [debug] [MainThread]: Partial parsing: added file: chorus_data_engineer_interview://models/beginner/all_patient_encounters.sql
[0m18:32:46.599390 [error] [MainThread]: Encountered an error:
Compilation Error
  Model 'model.chorus_data_engineer_interview.all_patient_observations' (models/beginner/all_patient_observations.sql) depends on a source named 'fhir.Observations' which was not found
[0m18:32:46.603078 [debug] [MainThread]: Resource report: {"command_name": "test", "command_success": false, "command_wall_clock_time": 0.7625441, "process_in_blocks": "0", "process_kernel_time": 0.32013, "process_mem_max_rss": "131006464", "process_out_blocks": "0", "process_user_time": 1.699794}
[0m18:32:46.603433 [debug] [MainThread]: Command `dbt test` failed at 18:32:46.603360 after 0.76 seconds
[0m18:32:46.603715 [debug] [MainThread]: Sending event: {'category': 'dbt', 'action': 'invocation', 'label': 'end', 'context': [<snowplow_tracker.self_describing_json.SelfDescribingJson object at 0x10c1b5b90>, <snowplow_tracker.self_describing_json.SelfDescribingJson object at 0x10c7d9210>, <snowplow_tracker.self_describing_json.SelfDescribingJson object at 0x107e86390>]}
[0m18:32:46.603995 [debug] [MainThread]: Flushing usage events
[0m18:32:47.100614 [debug] [MainThread]: An error was encountered while trying to flush usage events
[0m18:33:52.642250 [debug] [MainThread]: Sending event: {'category': 'dbt', 'action': 'invocation', 'label': 'start', 'context': [<snowplow_tracker.self_describing_json.SelfDescribingJson object at 0x109c72a50>, <snowplow_tracker.self_describing_json.SelfDescribingJson object at 0x109bdb210>, <snowplow_tracker.self_describing_json.SelfDescribingJson object at 0x109cd4f10>]}


============================== 18:33:52.646201 | 6a01c11e-b4cc-4453-8bb1-db10edc4c035 ==============================
[0m18:33:52.646201 [info ] [MainThread]: Running with dbt=1.11.8
[0m18:33:52.646694 [debug] [MainThread]: running dbt with arguments {'target_path': 'None', 'send_anonymous_usage_stats': 'True', 'log_path': '/Users/home/PycharmProjects/chorusinnovations/chorus-data-engineering-interview/dbt/logs', 'empty': 'False', 'warn_error_options': 'WarnErrorOptionsV2(error=[], warn=[], silence=[])', 'write_json': 'True', 'profiles_dir': '/Users/home/.dbt', 'warn_error': 'None', 'fail_fast': 'False', 'log_cache_events': 'False', 'static_parser': 'True', 'use_colors': 'True', 'log_format': 'default', 'no_print': 'None', 'partial_parse': 'True', 'use_experimental_parser': 'False', 'printer_width': '80', 'invocation_command': 'dbt run --select all_patient_observations.sql', 'indirect_selection': 'eager', 'debug': 'False', 'cache_selected_only': 'False', 'version_check': 'True', 'introspect': 'True', 'quiet': 'False'}
[0m18:33:52.849045 [debug] [MainThread]: Sending event: {'category': 'dbt', 'action': 'project_id', 'label': '6a01c11e-b4cc-4453-8bb1-db10edc4c035', 'context': [<snowplow_tracker.self_describing_json.SelfDescribingJson object at 0x109cf6f50>]}
[0m18:33:52.900101 [debug] [MainThread]: Sending event: {'category': 'dbt', 'action': 'adapter_info', 'label': '6a01c11e-b4cc-4453-8bb1-db10edc4c035', 'context': [<snowplow_tracker.self_describing_json.SelfDescribingJson object at 0x106ea0cd0>]}
[0m18:33:52.903121 [info ] [MainThread]: Registered adapter: postgres=1.10.0
[0m18:33:52.995481 [debug] [MainThread]: checksum: 7d524ac048c2100769df89d592e662e060a73ca564e31bd9c2a37efdfe8d8ab6, vars: {}, profile: , target: , version: 1.11.8
[0m18:33:53.120007 [debug] [MainThread]: Partial parsing enabled: 0 files deleted, 3 files added, 0 files changed.
[0m18:33:53.120476 [debug] [MainThread]: Partial parsing: added file: chorus_data_engineer_interview://models/beginner/active_patients.sql
[0m18:33:53.120722 [debug] [MainThread]: Partial parsing: added file: chorus_data_engineer_interview://models/beginner/all_patient_encounters.sql
[0m18:33:53.120941 [debug] [MainThread]: Partial parsing: added file: chorus_data_engineer_interview://models/beginner/all_patient_observations.sql
[0m18:33:53.388629 [debug] [MainThread]: Sending event: {'category': 'dbt', 'action': 'load_project', 'label': '6a01c11e-b4cc-4453-8bb1-db10edc4c035', 'context': [<snowplow_tracker.self_describing_json.SelfDescribingJson object at 0x1078cd690>]}
[0m18:33:53.471818 [debug] [MainThread]: Wrote artifact WritableManifest to /Users/home/PycharmProjects/chorusinnovations/chorus-data-engineering-interview/dbt/target/manifest.json
[0m18:33:53.474003 [debug] [MainThread]: Wrote artifact SemanticManifest to /Users/home/PycharmProjects/chorusinnovations/chorus-data-engineering-interview/dbt/target/semantic_manifest.json
[0m18:33:53.484606 [debug] [MainThread]: Sending event: {'category': 'dbt', 'action': 'resource_counts', 'label': '6a01c11e-b4cc-4453-8bb1-db10edc4c035', 'context': [<snowplow_tracker.self_describing_json.SelfDescribingJson object at 0x10ac8f8d0>]}
[0m18:33:53.485026 [info ] [MainThread]: Found 7 models, 21 data tests, 5 sources, 465 macros
[0m18:33:53.485277 [debug] [MainThread]: Sending event: {'category': 'dbt', 'action': 'runnable_timing', 'label': '6a01c11e-b4cc-4453-8bb1-db10edc4c035', 'context': [<snowplow_tracker.self_describing_json.SelfDescribingJson object at 0x109c873d0>]}
[0m18:33:53.486858 [info ] [MainThread]: 
[0m18:33:53.487103 [info ] [MainThread]: Concurrency: 4 threads (target='dev')
[0m18:33:53.487294 [info ] [MainThread]: 
[0m18:33:53.487607 [debug] [MainThread]: Acquiring new postgres connection 'master'
[0m18:33:53.488195 [debug] [ThreadPool]: Acquiring new postgres connection 'list_postgres'
[0m18:33:53.534154 [debug] [ThreadPool]: Using postgres connection "list_postgres"
[0m18:33:53.534425 [debug] [ThreadPool]: On list_postgres: /* {"app": "dbt", "dbt_version": "1.11.8", "profile_name": "chorus_data_engineer_interview", "target_name": "dev", "connection_name": "list_postgres"} */

    select distinct nspname from pg_namespace
  
[0m18:33:53.534625 [debug] [ThreadPool]: Opening a new connection, currently in state init
[0m18:33:53.574003 [debug] [ThreadPool]: SQL status: SELECT 4 in 0.039 seconds
[0m18:33:53.575050 [debug] [ThreadPool]: On list_postgres: Close
[0m18:33:53.578975 [debug] [ThreadPool]: Re-using an available connection from the pool (formerly list_postgres, now list_postgres_public)
[0m18:33:53.583621 [debug] [ThreadPool]: Using postgres connection "list_postgres_public"
[0m18:33:53.583907 [debug] [ThreadPool]: On list_postgres_public: /* {"app": "dbt", "dbt_version": "1.11.8", "profile_name": "chorus_data_engineer_interview", "target_name": "dev", "connection_name": "list_postgres_public"} */
select
      'postgres' as database,
      tablename as name,
      schemaname as schema,
      'table' as type
    from pg_tables
    where schemaname ilike 'public'
    union all
    select
      'postgres' as database,
      viewname as name,
      schemaname as schema,
      'view' as type
    from pg_views
    where schemaname ilike 'public'
    union all
    select
      'postgres' as database,
      matviewname as name,
      schemaname as schema,
      'materialized_view' as type
    from pg_matviews
    where schemaname ilike 'public'
  
[0m18:33:53.584135 [debug] [ThreadPool]: Opening a new connection, currently in state closed
[0m18:33:53.596837 [debug] [ThreadPool]: SQL status: SELECT 11 in 0.013 seconds
[0m18:33:53.597993 [debug] [ThreadPool]: On list_postgres_public: ROLLBACK
[0m18:33:53.599082 [debug] [ThreadPool]: On list_postgres_public: Close
[0m18:33:53.603765 [debug] [MainThread]: Using postgres connection "master"
[0m18:33:53.604104 [debug] [MainThread]: On master: /* {"app": "dbt", "dbt_version": "1.11.8", "profile_name": "chorus_data_engineer_interview", "target_name": "dev", "connection_name": "master"} */
select distinct
        dependent_namespace.nspname as dependent_schema,
        dependent_class.relname as dependent_name,
        referenced_namespace.nspname as referenced_schema,
        referenced_class.relname as referenced_name

    -- Query for views: views are entries in pg_class with an entry in pg_rewrite, but we avoid
    -- a seq scan on pg_rewrite by leveraging the fact there is an "internal" row in pg_depend for
    -- the view...
    from pg_class as dependent_class
    join pg_namespace as dependent_namespace on dependent_namespace.oid = dependent_class.relnamespace
    join pg_depend as dependent_depend on dependent_depend.refobjid = dependent_class.oid
        and dependent_depend.classid = 'pg_rewrite'::regclass
        and dependent_depend.refclassid = 'pg_class'::regclass
        and dependent_depend.deptype = 'i'

    -- ... and via pg_depend (that has a row per column, hence the need for "distinct" above, and
    -- making sure to exclude the internal row to avoid a view appearing to depend on itself)...
    join pg_depend as joining_depend on joining_depend.objid = dependent_depend.objid
        and joining_depend.classid = 'pg_rewrite'::regclass
        and joining_depend.refclassid = 'pg_class'::regclass
        and joining_depend.refobjid != dependent_depend.refobjid

    -- ... we can find the tables they query from in pg_class, but excluding system tables. Note we
    -- don't need need to exclude _dependent_ system tables, because they only query from other
    -- system tables, and so are automatically excluded by excluding _referenced_ system tables
    join pg_class as referenced_class on referenced_class.oid = joining_depend.refobjid
    join pg_namespace as referenced_namespace on referenced_namespace.oid = referenced_class.relnamespace
        and referenced_namespace.nspname != 'information_schema'
        and referenced_namespace.nspname not like 'pg\_%'

    order by
        dependent_schema, dependent_name, referenced_schema, referenced_name;
[0m18:33:53.604384 [debug] [MainThread]: Opening a new connection, currently in state init
[0m18:33:53.616251 [debug] [MainThread]: SQL status: SELECT 5 in 0.012 seconds
[0m18:33:53.617877 [debug] [MainThread]: Sending event: {'category': 'dbt', 'action': 'runnable_timing', 'label': '6a01c11e-b4cc-4453-8bb1-db10edc4c035', 'context': [<snowplow_tracker.self_describing_json.SelfDescribingJson object at 0x1095113d0>]}
[0m18:33:53.618196 [debug] [MainThread]: On master: ROLLBACK
[0m18:33:53.619303 [debug] [MainThread]: On master: COMMIT
[0m18:33:53.619557 [debug] [MainThread]: Using postgres connection "master"
[0m18:33:53.619766 [debug] [MainThread]: On master: COMMIT
[0m18:33:53.622724 [debug] [MainThread]: SQL status: COMMIT in 0.003 seconds
[0m18:33:53.622933 [debug] [MainThread]: On master: Close
[0m18:33:53.625847 [debug] [Thread-1 (]: Began running node model.chorus_data_engineer_interview.all_patient_observations
[0m18:33:53.626275 [info ] [Thread-1 (]: 1 of 1 START sql view model public.all_patient_observations .................... [RUN]
[0m18:33:53.626607 [debug] [Thread-1 (]: Re-using an available connection from the pool (formerly list_postgres_public, now model.chorus_data_engineer_interview.all_patient_observations)
[0m18:33:53.626866 [debug] [Thread-1 (]: Began compiling node model.chorus_data_engineer_interview.all_patient_observations
[0m18:33:53.638845 [debug] [Thread-1 (]: Compilation Error in model all_patient_observations (models/beginner/all_patient_observations.sql)
  Required var 'id' not found in config:
  Vars supplied to all_patient_observations = {}
[0m18:33:53.640229 [debug] [Thread-1 (]: Sending event: {'category': 'dbt', 'action': 'run_model', 'label': '6a01c11e-b4cc-4453-8bb1-db10edc4c035', 'context': [<snowplow_tracker.self_describing_json.SelfDescribingJson object at 0x10af39750>]}
[0m18:33:53.640739 [error] [Thread-1 (]: 1 of 1 ERROR creating sql view model public.all_patient_observations ........... [[31mERROR[0m in 0.01s]
[0m18:33:53.641105 [debug] [Thread-1 (]: Finished running node model.chorus_data_engineer_interview.all_patient_observations
[0m18:33:53.641394 [debug] [Thread-7 (]: Marking all children of 'model.chorus_data_engineer_interview.all_patient_observations' to be skipped because of status 'error'.  Reason: Compilation Error in model all_patient_observations (models/beginner/all_patient_observations.sql)
  Required var 'id' not found in config:
  Vars supplied to all_patient_observations = {}.
[0m18:33:53.642546 [debug] [MainThread]: On master: COMMIT
[0m18:33:53.642780 [debug] [MainThread]: Using postgres connection "master"
[0m18:33:53.642970 [debug] [MainThread]: On master: COMMIT
[0m18:33:53.643147 [debug] [MainThread]: Opening a new connection, currently in state closed
[0m18:33:53.650263 [debug] [MainThread]: SQL status: COMMIT in 0.007 seconds
[0m18:33:53.650515 [debug] [MainThread]: On master: Close
[0m18:33:53.650800 [debug] [MainThread]: Connection 'master' was properly closed.
[0m18:33:53.651042 [debug] [MainThread]: Connection 'model.chorus_data_engineer_interview.all_patient_observations' was properly closed.
[0m18:33:53.651271 [info ] [MainThread]: 
[0m18:33:53.651490 [info ] [MainThread]: Finished running 1 view model in 0 hours 0 minutes and 0.16 seconds (0.16s).
[0m18:33:53.651977 [debug] [MainThread]: Command end result
[0m18:33:53.680407 [debug] [MainThread]: Wrote artifact WritableManifest to /Users/home/PycharmProjects/chorusinnovations/chorus-data-engineering-interview/dbt/target/manifest.json
[0m18:33:53.681828 [debug] [MainThread]: Wrote artifact SemanticManifest to /Users/home/PycharmProjects/chorusinnovations/chorus-data-engineering-interview/dbt/target/semantic_manifest.json
[0m18:33:53.686857 [debug] [MainThread]: Wrote artifact RunExecutionResult to /Users/home/PycharmProjects/chorusinnovations/chorus-data-engineering-interview/dbt/target/run_results.json
[0m18:33:53.687098 [info ] [MainThread]: 
[0m18:33:53.687361 [info ] [MainThread]: [31mCompleted with 1 error, 0 partial successes, and 0 warnings:[0m
[0m18:33:53.687563 [info ] [MainThread]: 
[0m18:33:53.687816 [error] [MainThread]: [31mFailure in model all_patient_observations (models/beginner/all_patient_observations.sql)[0m
[0m18:33:53.688054 [error] [MainThread]:   Compilation Error in model all_patient_observations (models/beginner/all_patient_observations.sql)
  Required var 'id' not found in config:
  Vars supplied to all_patient_observations = {}
[0m18:33:53.688234 [info ] [MainThread]: 
[0m18:33:53.688430 [info ] [MainThread]: Done. PASS=0 WARN=0 ERROR=1 SKIP=0 NO-OP=0 TOTAL=1
[0m18:33:53.691507 [debug] [MainThread]: Resource report: {"command_name": "run", "command_success": false, "command_wall_clock_time": 1.1185857, "process_in_blocks": "0", "process_kernel_time": 0.351865, "process_mem_max_rss": "150257664", "process_out_blocks": "0", "process_user_time": 1.956254}
[0m18:33:53.691847 [debug] [MainThread]: Command `dbt run` failed at 18:33:53.691779 after 1.12 seconds
[0m18:33:53.692118 [debug] [MainThread]: Sending event: {'category': 'dbt', 'action': 'invocation', 'label': 'end', 'context': [<snowplow_tracker.self_describing_json.SelfDescribingJson object at 0x109cd4e50>, <snowplow_tracker.self_describing_json.SelfDescribingJson object at 0x109c72a50>, <snowplow_tracker.self_describing_json.SelfDescribingJson object at 0x109bda650>]}
[0m18:33:53.692365 [debug] [MainThread]: Flushing usage events
[0m18:33:54.043101 [debug] [MainThread]: An error was encountered while trying to flush usage events
[0m18:34:08.745045 [debug] [MainThread]: Sending event: {'category': 'dbt', 'action': 'invocation', 'label': 'start', 'context': [<snowplow_tracker.self_describing_json.SelfDescribingJson object at 0x10d697390>, <snowplow_tracker.self_describing_json.SelfDescribingJson object at 0x10d78c790>, <snowplow_tracker.self_describing_json.SelfDescribingJson object at 0x10d78cb90>]}


============================== 18:34:08.748901 | c47133f7-3b65-4aed-80d1-17ddd863d0c9 ==============================
[0m18:34:08.748901 [info ] [MainThread]: Running with dbt=1.11.8
[0m18:34:08.749366 [debug] [MainThread]: running dbt with arguments {'printer_width': '80', 'profiles_dir': '/Users/home/.dbt', 'indirect_selection': 'eager', 'warn_error_options': 'WarnErrorOptionsV2(error=[], warn=[], silence=[])', 'use_experimental_parser': 'False', 'write_json': 'True', 'quiet': 'False', 'introspect': 'True', 'debug': 'False', 'partial_parse': 'True', 'version_check': 'True', 'invocation_command': 'dbt show --select all_patient_observations.sql', 'log_cache_events': 'False', 'log_path': '/Users/home/PycharmProjects/chorusinnovations/chorus-data-engineering-interview/dbt/logs', 'warn_error': 'None', 'no_print': 'None', 'send_anonymous_usage_stats': 'True', 'empty': 'None', 'log_format': 'default', 'cache_selected_only': 'False', 'fail_fast': 'False', 'use_colors': 'True', 'static_parser': 'True', 'target_path': 'None'}
[0m18:34:08.919231 [debug] [MainThread]: Sending event: {'category': 'dbt', 'action': 'project_id', 'label': 'c47133f7-3b65-4aed-80d1-17ddd863d0c9', 'context': [<snowplow_tracker.self_describing_json.SelfDescribingJson object at 0x10d78c9d0>]}
[0m18:34:08.972615 [debug] [MainThread]: Sending event: {'category': 'dbt', 'action': 'adapter_info', 'label': 'c47133f7-3b65-4aed-80d1-17ddd863d0c9', 'context': [<snowplow_tracker.self_describing_json.SelfDescribingJson object at 0x10a950810>]}
[0m18:34:08.982599 [info ] [MainThread]: Registered adapter: postgres=1.10.0
[0m18:34:09.073824 [debug] [MainThread]: checksum: 7d524ac048c2100769df89d592e662e060a73ca564e31bd9c2a37efdfe8d8ab6, vars: {}, profile: , target: , version: 1.11.8
[0m18:34:09.197925 [debug] [MainThread]: Partial parsing enabled: 0 files deleted, 0 files added, 0 files changed.
[0m18:34:09.198271 [debug] [MainThread]: Nothing changed, skipping partial parsing.
[0m18:34:09.198472 [debug] [MainThread]: Partial parsing enabled, no changes found, skipping parsing
[0m18:34:09.238851 [debug] [MainThread]: Sending event: {'category': 'dbt', 'action': 'load_project', 'label': 'c47133f7-3b65-4aed-80d1-17ddd863d0c9', 'context': [<snowplow_tracker.self_describing_json.SelfDescribingJson object at 0x10e51fb90>]}
[0m18:34:09.354423 [debug] [MainThread]: Wrote artifact WritableManifest to /Users/home/PycharmProjects/chorusinnovations/chorus-data-engineering-interview/dbt/target/manifest.json
[0m18:34:09.356238 [debug] [MainThread]: Wrote artifact SemanticManifest to /Users/home/PycharmProjects/chorusinnovations/chorus-data-engineering-interview/dbt/target/semantic_manifest.json
[0m18:34:09.359574 [debug] [MainThread]: Sending event: {'category': 'dbt', 'action': 'resource_counts', 'label': 'c47133f7-3b65-4aed-80d1-17ddd863d0c9', 'context': [<snowplow_tracker.self_describing_json.SelfDescribingJson object at 0x10ba6e3d0>]}
[0m18:34:09.359946 [info ] [MainThread]: Found 7 models, 21 data tests, 5 sources, 465 macros
[0m18:34:09.360187 [debug] [MainThread]: Sending event: {'category': 'dbt', 'action': 'runnable_timing', 'label': 'c47133f7-3b65-4aed-80d1-17ddd863d0c9', 'context': [<snowplow_tracker.self_describing_json.SelfDescribingJson object at 0x10c914890>]}
[0m18:34:09.361746 [info ] [MainThread]: 
[0m18:34:09.361988 [info ] [MainThread]: Concurrency: 4 threads (target='dev')
[0m18:34:09.362179 [info ] [MainThread]: 
[0m18:34:09.362523 [debug] [MainThread]: Acquiring new postgres connection 'master'
[0m18:34:09.365822 [debug] [ThreadPool]: Acquiring new postgres connection 'list_postgres_public'
[0m18:34:09.412540 [debug] [ThreadPool]: Using postgres connection "list_postgres_public"
[0m18:34:09.412850 [debug] [ThreadPool]: On list_postgres_public: /* {"app": "dbt", "dbt_version": "1.11.8", "profile_name": "chorus_data_engineer_interview", "target_name": "dev", "connection_name": "list_postgres_public"} */
select
      'postgres' as database,
      tablename as name,
      schemaname as schema,
      'table' as type
    from pg_tables
    where schemaname ilike 'public'
    union all
    select
      'postgres' as database,
      viewname as name,
      schemaname as schema,
      'view' as type
    from pg_views
    where schemaname ilike 'public'
    union all
    select
      'postgres' as database,
      matviewname as name,
      schemaname as schema,
      'materialized_view' as type
    from pg_matviews
    where schemaname ilike 'public'
  
[0m18:34:09.413085 [debug] [ThreadPool]: Opening a new connection, currently in state init
[0m18:34:09.453793 [debug] [ThreadPool]: SQL status: SELECT 11 in 0.041 seconds
[0m18:34:09.455055 [debug] [ThreadPool]: On list_postgres_public: ROLLBACK
[0m18:34:09.456323 [debug] [ThreadPool]: On list_postgres_public: Close
[0m18:34:09.461281 [debug] [MainThread]: Using postgres connection "master"
[0m18:34:09.461650 [debug] [MainThread]: On master: /* {"app": "dbt", "dbt_version": "1.11.8", "profile_name": "chorus_data_engineer_interview", "target_name": "dev", "connection_name": "master"} */
select distinct
        dependent_namespace.nspname as dependent_schema,
        dependent_class.relname as dependent_name,
        referenced_namespace.nspname as referenced_schema,
        referenced_class.relname as referenced_name

    -- Query for views: views are entries in pg_class with an entry in pg_rewrite, but we avoid
    -- a seq scan on pg_rewrite by leveraging the fact there is an "internal" row in pg_depend for
    -- the view...
    from pg_class as dependent_class
    join pg_namespace as dependent_namespace on dependent_namespace.oid = dependent_class.relnamespace
    join pg_depend as dependent_depend on dependent_depend.refobjid = dependent_class.oid
        and dependent_depend.classid = 'pg_rewrite'::regclass
        and dependent_depend.refclassid = 'pg_class'::regclass
        and dependent_depend.deptype = 'i'

    -- ... and via pg_depend (that has a row per column, hence the need for "distinct" above, and
    -- making sure to exclude the internal row to avoid a view appearing to depend on itself)...
    join pg_depend as joining_depend on joining_depend.objid = dependent_depend.objid
        and joining_depend.classid = 'pg_rewrite'::regclass
        and joining_depend.refclassid = 'pg_class'::regclass
        and joining_depend.refobjid != dependent_depend.refobjid

    -- ... we can find the tables they query from in pg_class, but excluding system tables. Note we
    -- don't need need to exclude _dependent_ system tables, because they only query from other
    -- system tables, and so are automatically excluded by excluding _referenced_ system tables
    join pg_class as referenced_class on referenced_class.oid = joining_depend.refobjid
    join pg_namespace as referenced_namespace on referenced_namespace.oid = referenced_class.relnamespace
        and referenced_namespace.nspname != 'information_schema'
        and referenced_namespace.nspname not like 'pg\_%'

    order by
        dependent_schema, dependent_name, referenced_schema, referenced_name;
[0m18:34:09.461935 [debug] [MainThread]: Opening a new connection, currently in state init
[0m18:34:09.474979 [debug] [MainThread]: SQL status: SELECT 5 in 0.013 seconds
[0m18:34:09.476584 [debug] [MainThread]: Sending event: {'category': 'dbt', 'action': 'runnable_timing', 'label': 'c47133f7-3b65-4aed-80d1-17ddd863d0c9', 'context': [<snowplow_tracker.self_describing_json.SelfDescribingJson object at 0x10dd4b990>]}
[0m18:34:09.476876 [debug] [MainThread]: On master: ROLLBACK
[0m18:34:09.477934 [debug] [MainThread]: On master: Close
[0m18:34:09.479983 [debug] [Thread-1 (]: Began running node model.chorus_data_engineer_interview.all_patient_observations
[0m18:34:09.480314 [debug] [Thread-1 (]: Re-using an available connection from the pool (formerly list_postgres_public, now model.chorus_data_engineer_interview.all_patient_observations)
[0m18:34:09.480577 [debug] [Thread-1 (]: Began compiling node model.chorus_data_engineer_interview.all_patient_observations
[0m18:34:09.493054 [debug] [Thread-1 (]: Compilation Error in model all_patient_observations (models/beginner/all_patient_observations.sql)
  Required var 'id' not found in config:
  Vars supplied to all_patient_observations = {}
[0m18:34:09.493491 [debug] [Thread-1 (]: Finished running node model.chorus_data_engineer_interview.all_patient_observations
[0m18:34:09.493820 [debug] [Thread-7 (]: Marking all children of 'model.chorus_data_engineer_interview.all_patient_observations' to be skipped because of status 'error'.  Reason: Compilation Error in model all_patient_observations (models/beginner/all_patient_observations.sql)
  Required var 'id' not found in config:
  Vars supplied to all_patient_observations = {}.
[0m18:34:09.494499 [debug] [MainThread]: Connection 'master' was properly closed.
[0m18:34:09.494809 [debug] [MainThread]: Connection 'model.chorus_data_engineer_interview.all_patient_observations' was properly closed.
[0m18:34:09.495136 [error] [MainThread]: Encountered an error:
Runtime Error
  Compilation Error in model all_patient_observations (models/beginner/all_patient_observations.sql)
    Required var 'id' not found in config:
    Vars supplied to all_patient_observations = {}
[0m18:34:09.498312 [debug] [MainThread]: Resource report: {"command_name": "show", "command_success": false, "command_wall_clock_time": 0.8155054, "process_in_blocks": "0", "process_kernel_time": 0.332823, "process_mem_max_rss": "146063360", "process_out_blocks": "0", "process_user_time": 1.728048}
[0m18:34:09.498629 [debug] [MainThread]: Command `dbt show` failed at 18:34:09.498558 after 0.82 seconds
[0m18:34:09.498879 [debug] [MainThread]: Sending event: {'category': 'dbt', 'action': 'invocation', 'label': 'end', 'context': [<snowplow_tracker.self_describing_json.SelfDescribingJson object at 0x10d757450>, <snowplow_tracker.self_describing_json.SelfDescribingJson object at 0x10e479710>, <snowplow_tracker.self_describing_json.SelfDescribingJson object at 0x10e436510>]}
[0m18:34:09.499138 [debug] [MainThread]: Flushing usage events
[0m18:34:09.915323 [debug] [MainThread]: An error was encountered while trying to flush usage events
[0m18:34:28.981166 [debug] [MainThread]: Sending event: {'category': 'dbt', 'action': 'invocation', 'label': 'start', 'context': [<snowplow_tracker.self_describing_json.SelfDescribingJson object at 0x10bd1cad0>, <snowplow_tracker.self_describing_json.SelfDescribingJson object at 0x10bdfcf50>, <snowplow_tracker.self_describing_json.SelfDescribingJson object at 0x10bdfd350>]}


============================== 18:34:28.985226 | 5e84fac5-e02a-46ba-a9c8-b245f8e88b6f ==============================
[0m18:34:28.985226 [info ] [MainThread]: Running with dbt=1.11.8
[0m18:34:28.985691 [debug] [MainThread]: running dbt with arguments {'use_colors': 'True', 'partial_parse': 'True', 'profiles_dir': '/Users/home/.dbt', 'cache_selected_only': 'False', 'fail_fast': 'False', 'log_format': 'default', 'warn_error': 'None', 'no_print': 'None', 'warn_error_options': 'WarnErrorOptionsV2(error=[], warn=[], silence=[])', 'debug': 'False', 'empty': 'None', 'target_path': 'None', 'introspect': 'True', 'indirect_selection': 'eager', 'static_parser': 'True', 'printer_width': '80', 'quiet': 'False', 'log_cache_events': 'False', 'use_experimental_parser': 'False', 'invocation_command': 'dbt test --select all_patient_observations.sql', 'version_check': 'True', 'send_anonymous_usage_stats': 'True', 'log_path': '/Users/home/PycharmProjects/chorusinnovations/chorus-data-engineering-interview/dbt/logs', 'write_json': 'True'}
[0m18:34:29.150578 [debug] [MainThread]: Sending event: {'category': 'dbt', 'action': 'project_id', 'label': '5e84fac5-e02a-46ba-a9c8-b245f8e88b6f', 'context': [<snowplow_tracker.self_describing_json.SelfDescribingJson object at 0x10baa9510>]}
[0m18:34:29.201663 [debug] [MainThread]: Sending event: {'category': 'dbt', 'action': 'adapter_info', 'label': '5e84fac5-e02a-46ba-a9c8-b245f8e88b6f', 'context': [<snowplow_tracker.self_describing_json.SelfDescribingJson object at 0x10900ca90>]}
[0m18:34:29.203106 [info ] [MainThread]: Registered adapter: postgres=1.10.0
[0m18:34:29.294827 [debug] [MainThread]: checksum: 7d524ac048c2100769df89d592e662e060a73ca564e31bd9c2a37efdfe8d8ab6, vars: {}, profile: , target: , version: 1.11.8
[0m18:34:29.417704 [debug] [MainThread]: Partial parsing enabled: 0 files deleted, 0 files added, 0 files changed.
[0m18:34:29.418042 [debug] [MainThread]: Nothing changed, skipping partial parsing.
[0m18:34:29.418244 [debug] [MainThread]: Partial parsing enabled, no changes found, skipping parsing
[0m18:34:29.458384 [debug] [MainThread]: Sending event: {'category': 'dbt', 'action': 'load_project', 'label': '5e84fac5-e02a-46ba-a9c8-b245f8e88b6f', 'context': [<snowplow_tracker.self_describing_json.SelfDescribingJson object at 0x10cb80b50>]}
[0m18:34:29.574794 [debug] [MainThread]: Wrote artifact WritableManifest to /Users/home/PycharmProjects/chorusinnovations/chorus-data-engineering-interview/dbt/target/manifest.json
[0m18:34:29.576706 [debug] [MainThread]: Wrote artifact SemanticManifest to /Users/home/PycharmProjects/chorusinnovations/chorus-data-engineering-interview/dbt/target/semantic_manifest.json
[0m18:34:29.594351 [debug] [MainThread]: Sending event: {'category': 'dbt', 'action': 'resource_counts', 'label': '5e84fac5-e02a-46ba-a9c8-b245f8e88b6f', 'context': [<snowplow_tracker.self_describing_json.SelfDescribingJson object at 0x10c3fc890>]}
[0m18:34:29.594749 [info ] [MainThread]: Found 7 models, 21 data tests, 5 sources, 465 macros
[0m18:34:29.594983 [debug] [MainThread]: Sending event: {'category': 'dbt', 'action': 'runnable_timing', 'label': '5e84fac5-e02a-46ba-a9c8-b245f8e88b6f', 'context': [<snowplow_tracker.self_describing_json.SelfDescribingJson object at 0x10cad1450>]}
[0m18:34:29.596448 [warn ] [MainThread]: Nothing to do. Try checking your model configs and model specification args
[0m18:34:29.597835 [debug] [MainThread]: Command end result
[0m18:34:29.623702 [debug] [MainThread]: Wrote artifact WritableManifest to /Users/home/PycharmProjects/chorusinnovations/chorus-data-engineering-interview/dbt/target/manifest.json
[0m18:34:29.625079 [debug] [MainThread]: Wrote artifact SemanticManifest to /Users/home/PycharmProjects/chorusinnovations/chorus-data-engineering-interview/dbt/target/semantic_manifest.json
[0m18:34:29.627637 [debug] [MainThread]: Wrote artifact RunExecutionResult to /Users/home/PycharmProjects/chorusinnovations/chorus-data-engineering-interview/dbt/target/run_results.json
[0m18:34:29.630871 [debug] [MainThread]: Resource report: {"command_name": "test", "command_success": true, "command_wall_clock_time": 0.7151426, "process_in_blocks": "0", "process_kernel_time": 0.308594, "process_mem_max_rss": "131121152", "process_out_blocks": "0", "process_user_time": 1.711759}
[0m18:34:29.631202 [debug] [MainThread]: Command `dbt test` succeeded at 18:34:29.631134 after 0.72 seconds
[0m18:34:29.631458 [debug] [MainThread]: Sending event: {'category': 'dbt', 'action': 'invocation', 'label': 'end', 'context': [<snowplow_tracker.self_describing_json.SelfDescribingJson object at 0x1029b1d50>, <snowplow_tracker.self_describing_json.SelfDescribingJson object at 0x102ade3d0>, <snowplow_tracker.self_describing_json.SelfDescribingJson object at 0x1029d7090>]}
[0m18:34:29.631701 [debug] [MainThread]: Flushing usage events
[0m18:34:29.992360 [debug] [MainThread]: An error was encountered while trying to flush usage events
[0m18:34:38.318887 [debug] [MainThread]: Sending event: {'category': 'dbt', 'action': 'invocation', 'label': 'start', 'context': [<snowplow_tracker.self_describing_json.SelfDescribingJson object at 0x10b8f3bd0>, <snowplow_tracker.self_describing_json.SelfDescribingJson object at 0x10b8fcbd0>, <snowplow_tracker.self_describing_json.SelfDescribingJson object at 0x10b91cf50>]}


============================== 18:34:38.322587 | 33fd49c5-9372-4a73-9984-39af56759a0b ==============================
[0m18:34:38.322587 [info ] [MainThread]: Running with dbt=1.11.8
[0m18:34:38.323060 [debug] [MainThread]: running dbt with arguments {'use_experimental_parser': 'False', 'target_path': 'None', 'version_check': 'True', 'partial_parse': 'True', 'use_colors': 'True', 'invocation_command': 'dbt run --select all_patient_observations.sql', 'static_parser': 'True', 'introspect': 'True', 'debug': 'False', 'warn_error': 'None', 'warn_error_options': 'WarnErrorOptionsV2(error=[], warn=[], silence=[])', 'write_json': 'True', 'empty': 'False', 'indirect_selection': 'eager', 'log_cache_events': 'False', 'cache_selected_only': 'False', 'profiles_dir': '/Users/home/.dbt', 'log_path': '/Users/home/PycharmProjects/chorusinnovations/chorus-data-engineering-interview/dbt/logs', 'send_anonymous_usage_stats': 'True', 'log_format': 'default', 'quiet': 'False', 'printer_width': '80', 'no_print': 'None', 'fail_fast': 'False'}
[0m18:34:38.475615 [debug] [MainThread]: Sending event: {'category': 'dbt', 'action': 'project_id', 'label': '33fd49c5-9372-4a73-9984-39af56759a0b', 'context': [<snowplow_tracker.self_describing_json.SelfDescribingJson object at 0x10bef5690>]}
[0m18:34:38.527283 [debug] [MainThread]: Sending event: {'category': 'dbt', 'action': 'adapter_info', 'label': '33fd49c5-9372-4a73-9984-39af56759a0b', 'context': [<snowplow_tracker.self_describing_json.SelfDescribingJson object at 0x108afc050>]}
[0m18:34:38.528682 [info ] [MainThread]: Registered adapter: postgres=1.10.0
[0m18:34:38.618840 [debug] [MainThread]: checksum: 7d524ac048c2100769df89d592e662e060a73ca564e31bd9c2a37efdfe8d8ab6, vars: {}, profile: , target: , version: 1.11.8
[0m18:34:38.741048 [debug] [MainThread]: Partial parsing enabled: 0 files deleted, 0 files added, 0 files changed.
[0m18:34:38.741382 [debug] [MainThread]: Nothing changed, skipping partial parsing.
[0m18:34:38.741582 [debug] [MainThread]: Partial parsing enabled, no changes found, skipping parsing
[0m18:34:38.781400 [debug] [MainThread]: Sending event: {'category': 'dbt', 'action': 'load_project', 'label': '33fd49c5-9372-4a73-9984-39af56759a0b', 'context': [<snowplow_tracker.self_describing_json.SelfDescribingJson object at 0x10c652790>]}
[0m18:34:38.898959 [debug] [MainThread]: Wrote artifact WritableManifest to /Users/home/PycharmProjects/chorusinnovations/chorus-data-engineering-interview/dbt/target/manifest.json
[0m18:34:38.900874 [debug] [MainThread]: Wrote artifact SemanticManifest to /Users/home/PycharmProjects/chorusinnovations/chorus-data-engineering-interview/dbt/target/semantic_manifest.json
[0m18:34:38.910591 [debug] [MainThread]: Sending event: {'category': 'dbt', 'action': 'resource_counts', 'label': '33fd49c5-9372-4a73-9984-39af56759a0b', 'context': [<snowplow_tracker.self_describing_json.SelfDescribingJson object at 0x10c57bd90>]}
[0m18:34:38.910979 [info ] [MainThread]: Found 7 models, 21 data tests, 5 sources, 465 macros
[0m18:34:38.911214 [debug] [MainThread]: Sending event: {'category': 'dbt', 'action': 'runnable_timing', 'label': '33fd49c5-9372-4a73-9984-39af56759a0b', 'context': [<snowplow_tracker.self_describing_json.SelfDescribingJson object at 0x10bf09550>]}
[0m18:34:38.912778 [info ] [MainThread]: 
[0m18:34:38.913015 [info ] [MainThread]: Concurrency: 4 threads (target='dev')
[0m18:34:38.913324 [info ] [MainThread]: 
[0m18:34:38.913710 [debug] [MainThread]: Acquiring new postgres connection 'master'
[0m18:34:38.914362 [debug] [ThreadPool]: Acquiring new postgres connection 'list_postgres'
[0m18:34:38.960841 [debug] [ThreadPool]: Using postgres connection "list_postgres"
[0m18:34:38.961125 [debug] [ThreadPool]: On list_postgres: /* {"app": "dbt", "dbt_version": "1.11.8", "profile_name": "chorus_data_engineer_interview", "target_name": "dev", "connection_name": "list_postgres"} */

    select distinct nspname from pg_namespace
  
[0m18:34:38.961338 [debug] [ThreadPool]: Opening a new connection, currently in state init
[0m18:34:38.996955 [debug] [ThreadPool]: SQL status: SELECT 4 in 0.036 seconds
[0m18:34:38.997961 [debug] [ThreadPool]: On list_postgres: Close
[0m18:34:39.001757 [debug] [ThreadPool]: Re-using an available connection from the pool (formerly list_postgres, now list_postgres_public)
[0m18:34:39.006497 [debug] [ThreadPool]: Using postgres connection "list_postgres_public"
[0m18:34:39.006774 [debug] [ThreadPool]: On list_postgres_public: /* {"app": "dbt", "dbt_version": "1.11.8", "profile_name": "chorus_data_engineer_interview", "target_name": "dev", "connection_name": "list_postgres_public"} */
select
      'postgres' as database,
      tablename as name,
      schemaname as schema,
      'table' as type
    from pg_tables
    where schemaname ilike 'public'
    union all
    select
      'postgres' as database,
      viewname as name,
      schemaname as schema,
      'view' as type
    from pg_views
    where schemaname ilike 'public'
    union all
    select
      'postgres' as database,
      matviewname as name,
      schemaname as schema,
      'materialized_view' as type
    from pg_matviews
    where schemaname ilike 'public'
  
[0m18:34:39.006996 [debug] [ThreadPool]: Opening a new connection, currently in state closed
[0m18:34:39.018857 [debug] [ThreadPool]: SQL status: SELECT 11 in 0.012 seconds
[0m18:34:39.019987 [debug] [ThreadPool]: On list_postgres_public: ROLLBACK
[0m18:34:39.021157 [debug] [ThreadPool]: On list_postgres_public: Close
[0m18:34:39.025923 [debug] [MainThread]: Using postgres connection "master"
[0m18:34:39.026258 [debug] [MainThread]: On master: /* {"app": "dbt", "dbt_version": "1.11.8", "profile_name": "chorus_data_engineer_interview", "target_name": "dev", "connection_name": "master"} */
select distinct
        dependent_namespace.nspname as dependent_schema,
        dependent_class.relname as dependent_name,
        referenced_namespace.nspname as referenced_schema,
        referenced_class.relname as referenced_name

    -- Query for views: views are entries in pg_class with an entry in pg_rewrite, but we avoid
    -- a seq scan on pg_rewrite by leveraging the fact there is an "internal" row in pg_depend for
    -- the view...
    from pg_class as dependent_class
    join pg_namespace as dependent_namespace on dependent_namespace.oid = dependent_class.relnamespace
    join pg_depend as dependent_depend on dependent_depend.refobjid = dependent_class.oid
        and dependent_depend.classid = 'pg_rewrite'::regclass
        and dependent_depend.refclassid = 'pg_class'::regclass
        and dependent_depend.deptype = 'i'

    -- ... and via pg_depend (that has a row per column, hence the need for "distinct" above, and
    -- making sure to exclude the internal row to avoid a view appearing to depend on itself)...
    join pg_depend as joining_depend on joining_depend.objid = dependent_depend.objid
        and joining_depend.classid = 'pg_rewrite'::regclass
        and joining_depend.refclassid = 'pg_class'::regclass
        and joining_depend.refobjid != dependent_depend.refobjid

    -- ... we can find the tables they query from in pg_class, but excluding system tables. Note we
    -- don't need need to exclude _dependent_ system tables, because they only query from other
    -- system tables, and so are automatically excluded by excluding _referenced_ system tables
    join pg_class as referenced_class on referenced_class.oid = joining_depend.refobjid
    join pg_namespace as referenced_namespace on referenced_namespace.oid = referenced_class.relnamespace
        and referenced_namespace.nspname != 'information_schema'
        and referenced_namespace.nspname not like 'pg\_%'

    order by
        dependent_schema, dependent_name, referenced_schema, referenced_name;
[0m18:34:39.026536 [debug] [MainThread]: Opening a new connection, currently in state init
[0m18:34:39.040611 [debug] [MainThread]: SQL status: SELECT 5 in 0.014 seconds
[0m18:34:39.042234 [debug] [MainThread]: Sending event: {'category': 'dbt', 'action': 'runnable_timing', 'label': '33fd49c5-9372-4a73-9984-39af56759a0b', 'context': [<snowplow_tracker.self_describing_json.SelfDescribingJson object at 0x10c672390>]}
[0m18:34:39.042556 [debug] [MainThread]: On master: ROLLBACK
[0m18:34:39.043996 [debug] [MainThread]: On master: COMMIT
[0m18:34:39.044271 [debug] [MainThread]: Using postgres connection "master"
[0m18:34:39.044508 [debug] [MainThread]: On master: COMMIT
[0m18:34:39.046469 [debug] [MainThread]: SQL status: COMMIT in 0.002 seconds
[0m18:34:39.046729 [debug] [MainThread]: On master: Close
[0m18:34:39.049972 [debug] [Thread-1 (]: Began running node model.chorus_data_engineer_interview.all_patient_observations
[0m18:34:39.050349 [info ] [Thread-1 (]: 1 of 1 START sql view model public.all_patient_observations .................... [RUN]
[0m18:34:39.050670 [debug] [Thread-1 (]: Re-using an available connection from the pool (formerly list_postgres_public, now model.chorus_data_engineer_interview.all_patient_observations)
[0m18:34:39.050917 [debug] [Thread-1 (]: Began compiling node model.chorus_data_engineer_interview.all_patient_observations
[0m18:34:39.062975 [debug] [Thread-1 (]: Compilation Error in model all_patient_observations (models/beginner/all_patient_observations.sql)
  Required var 'id' not found in config:
  Vars supplied to all_patient_observations = {}
[0m18:34:39.064487 [debug] [Thread-1 (]: Sending event: {'category': 'dbt', 'action': 'run_model', 'label': '33fd49c5-9372-4a73-9984-39af56759a0b', 'context': [<snowplow_tracker.self_describing_json.SelfDescribingJson object at 0x10b67bf10>]}
[0m18:34:39.064950 [error] [Thread-1 (]: 1 of 1 ERROR creating sql view model public.all_patient_observations ........... [[31mERROR[0m in 0.01s]
[0m18:34:39.065311 [debug] [Thread-1 (]: Finished running node model.chorus_data_engineer_interview.all_patient_observations
[0m18:34:39.065602 [debug] [Thread-7 (]: Marking all children of 'model.chorus_data_engineer_interview.all_patient_observations' to be skipped because of status 'error'.  Reason: Compilation Error in model all_patient_observations (models/beginner/all_patient_observations.sql)
  Required var 'id' not found in config:
  Vars supplied to all_patient_observations = {}.
[0m18:34:39.066766 [debug] [MainThread]: On master: COMMIT
[0m18:34:39.066978 [debug] [MainThread]: Using postgres connection "master"
[0m18:34:39.067159 [debug] [MainThread]: On master: COMMIT
[0m18:34:39.067325 [debug] [MainThread]: Opening a new connection, currently in state closed
[0m18:34:39.074548 [debug] [MainThread]: SQL status: COMMIT in 0.007 seconds
[0m18:34:39.074808 [debug] [MainThread]: On master: Close
[0m18:34:39.075082 [debug] [MainThread]: Connection 'master' was properly closed.
[0m18:34:39.075271 [debug] [MainThread]: Connection 'model.chorus_data_engineer_interview.all_patient_observations' was properly closed.
[0m18:34:39.075464 [info ] [MainThread]: 
[0m18:34:39.075669 [info ] [MainThread]: Finished running 1 view model in 0 hours 0 minutes and 0.16 seconds (0.16s).
[0m18:34:39.076070 [debug] [MainThread]: Command end result
[0m18:34:39.103888 [debug] [MainThread]: Wrote artifact WritableManifest to /Users/home/PycharmProjects/chorusinnovations/chorus-data-engineering-interview/dbt/target/manifest.json
[0m18:34:39.105192 [debug] [MainThread]: Wrote artifact SemanticManifest to /Users/home/PycharmProjects/chorusinnovations/chorus-data-engineering-interview/dbt/target/semantic_manifest.json
[0m18:34:39.109770 [debug] [MainThread]: Wrote artifact RunExecutionResult to /Users/home/PycharmProjects/chorusinnovations/chorus-data-engineering-interview/dbt/target/run_results.json
[0m18:34:39.109986 [info ] [MainThread]: 
[0m18:34:39.110240 [info ] [MainThread]: [31mCompleted with 1 error, 0 partial successes, and 0 warnings:[0m
[0m18:34:39.110439 [info ] [MainThread]: 
[0m18:34:39.110688 [error] [MainThread]: [31mFailure in model all_patient_observations (models/beginner/all_patient_observations.sql)[0m
[0m18:34:39.110926 [error] [MainThread]:   Compilation Error in model all_patient_observations (models/beginner/all_patient_observations.sql)
  Required var 'id' not found in config:
  Vars supplied to all_patient_observations = {}
[0m18:34:39.111104 [info ] [MainThread]: 
[0m18:34:39.111295 [info ] [MainThread]: Done. PASS=0 WARN=0 ERROR=1 SKIP=0 NO-OP=0 TOTAL=1
[0m18:34:39.114344 [debug] [MainThread]: Resource report: {"command_name": "run", "command_success": false, "command_wall_clock_time": 0.85757774, "process_in_blocks": "0", "process_kernel_time": 0.282557, "process_mem_max_rss": "146423808", "process_out_blocks": "0", "process_user_time": 1.773731}
[0m18:34:39.114656 [debug] [MainThread]: Command `dbt run` failed at 18:34:39.114596 after 0.86 seconds
[0m18:34:39.114905 [debug] [MainThread]: Sending event: {'category': 'dbt', 'action': 'invocation', 'label': 'end', 'context': [<snowplow_tracker.self_describing_json.SelfDescribingJson object at 0x10b91c850>, <snowplow_tracker.self_describing_json.SelfDescribingJson object at 0x10c68f610>, <snowplow_tracker.self_describing_json.SelfDescribingJson object at 0x10c68f190>]}
[0m18:34:39.115143 [debug] [MainThread]: Flushing usage events
[0m18:34:39.473565 [debug] [MainThread]: An error was encountered while trying to flush usage events
[0m18:38:56.883025 [debug] [MainThread]: Sending event: {'category': 'dbt', 'action': 'invocation', 'label': 'start', 'context': [<snowplow_tracker.self_describing_json.SelfDescribingJson object at 0x10be80450>, <snowplow_tracker.self_describing_json.SelfDescribingJson object at 0x10bf70690>, <snowplow_tracker.self_describing_json.SelfDescribingJson object at 0x10bf70a90>]}


============================== 18:38:56.887010 | 08e5a4bc-7464-4004-8045-63970c209d79 ==============================
[0m18:38:56.887010 [info ] [MainThread]: Running with dbt=1.11.8
[0m18:38:56.887473 [debug] [MainThread]: running dbt with arguments {'profiles_dir': '/Users/home/.dbt', 'invocation_command': 'dbt run --select all_active_patients.sql', 'log_format': 'default', 'static_parser': 'True', 'send_anonymous_usage_stats': 'True', 'quiet': 'False', 'introspect': 'True', 'printer_width': '80', 'warn_error_options': 'WarnErrorOptionsV2(error=[], warn=[], silence=[])', 'debug': 'False', 'use_experimental_parser': 'False', 'no_print': 'None', 'version_check': 'True', 'target_path': 'None', 'partial_parse': 'True', 'cache_selected_only': 'False', 'indirect_selection': 'eager', 'empty': 'False', 'log_cache_events': 'False', 'warn_error': 'None', 'fail_fast': 'False', 'write_json': 'True', 'log_path': '/Users/home/PycharmProjects/chorusinnovations/chorus-data-engineering-interview/dbt/logs', 'use_colors': 'True'}
[0m18:38:57.092841 [debug] [MainThread]: Sending event: {'category': 'dbt', 'action': 'project_id', 'label': '08e5a4bc-7464-4004-8045-63970c209d79', 'context': [<snowplow_tracker.self_describing_json.SelfDescribingJson object at 0x10bc0d750>]}
[0m18:38:57.145740 [debug] [MainThread]: Sending event: {'category': 'dbt', 'action': 'adapter_info', 'label': '08e5a4bc-7464-4004-8045-63970c209d79', 'context': [<snowplow_tracker.self_describing_json.SelfDescribingJson object at 0x10913cc90>]}
[0m18:38:57.146694 [info ] [MainThread]: Registered adapter: postgres=1.10.0
[0m18:38:57.241395 [debug] [MainThread]: checksum: 7d524ac048c2100769df89d592e662e060a73ca564e31bd9c2a37efdfe8d8ab6, vars: {}, profile: , target: , version: 1.11.8
[0m18:38:57.369113 [debug] [MainThread]: Partial parsing enabled: 3 files deleted, 4 files added, 0 files changed.
[0m18:38:57.369651 [debug] [MainThread]: Partial parsing: added file: chorus_data_engineer_interview://models/01_beginner/all_patient_encounters.sql
[0m18:38:57.369913 [debug] [MainThread]: Partial parsing: added file: chorus_data_engineer_interview://models/01_beginner/all_active_patients.sql
[0m18:38:57.370134 [debug] [MainThread]: Partial parsing: added file: chorus_data_engineer_interview://models/01_beginner/all_patient_observations.sql
[0m18:38:57.370344 [debug] [MainThread]: Partial parsing: added file: chorus_data_engineer_interview://models/02_intermediate/recent_patient_encounters.sql
[0m18:38:57.370535 [debug] [MainThread]: Partial parsing: deleted file: chorus_data_engineer_interview://models/beginner/active_patients.sql
[0m18:38:57.370715 [debug] [MainThread]: Partial parsing: deleted file: chorus_data_engineer_interview://models/beginner/all_patient_encounters.sql
[0m18:38:57.370894 [debug] [MainThread]: Partial parsing: deleted file: chorus_data_engineer_interview://models/beginner/all_patient_observations.sql
[0m18:38:57.663063 [debug] [MainThread]: Sending event: {'category': 'dbt', 'action': 'load_project', 'label': '08e5a4bc-7464-4004-8045-63970c209d79', 'context': [<snowplow_tracker.self_describing_json.SelfDescribingJson object at 0x10c594890>]}
[0m18:38:57.743294 [debug] [MainThread]: Wrote artifact WritableManifest to /Users/home/PycharmProjects/chorusinnovations/chorus-data-engineering-interview/dbt/target/manifest.json
[0m18:38:57.745180 [debug] [MainThread]: Wrote artifact SemanticManifest to /Users/home/PycharmProjects/chorusinnovations/chorus-data-engineering-interview/dbt/target/semantic_manifest.json
[0m18:38:57.755695 [debug] [MainThread]: Sending event: {'category': 'dbt', 'action': 'resource_counts', 'label': '08e5a4bc-7464-4004-8045-63970c209d79', 'context': [<snowplow_tracker.self_describing_json.SelfDescribingJson object at 0x10bf2e690>]}
[0m18:38:57.756092 [info ] [MainThread]: Found 8 models, 21 data tests, 5 sources, 465 macros
[0m18:38:57.756338 [debug] [MainThread]: Sending event: {'category': 'dbt', 'action': 'runnable_timing', 'label': '08e5a4bc-7464-4004-8045-63970c209d79', 'context': [<snowplow_tracker.self_describing_json.SelfDescribingJson object at 0x10bf88a50>]}
[0m18:38:57.757888 [info ] [MainThread]: 
[0m18:38:57.758143 [info ] [MainThread]: Concurrency: 4 threads (target='dev')
[0m18:38:57.758326 [info ] [MainThread]: 
[0m18:38:57.758625 [debug] [MainThread]: Acquiring new postgres connection 'master'
[0m18:38:57.759178 [debug] [ThreadPool]: Acquiring new postgres connection 'list_postgres'
[0m18:38:57.804512 [debug] [ThreadPool]: Using postgres connection "list_postgres"
[0m18:38:57.804787 [debug] [ThreadPool]: On list_postgres: /* {"app": "dbt", "dbt_version": "1.11.8", "profile_name": "chorus_data_engineer_interview", "target_name": "dev", "connection_name": "list_postgres"} */

    select distinct nspname from pg_namespace
  
[0m18:38:57.804993 [debug] [ThreadPool]: Opening a new connection, currently in state init
[0m18:38:57.851770 [debug] [ThreadPool]: SQL status: SELECT 4 in 0.047 seconds
[0m18:38:57.852867 [debug] [ThreadPool]: On list_postgres: Close
[0m18:38:57.856717 [debug] [ThreadPool]: Re-using an available connection from the pool (formerly list_postgres, now list_postgres_public)
[0m18:38:57.861461 [debug] [ThreadPool]: Using postgres connection "list_postgres_public"
[0m18:38:57.861755 [debug] [ThreadPool]: On list_postgres_public: /* {"app": "dbt", "dbt_version": "1.11.8", "profile_name": "chorus_data_engineer_interview", "target_name": "dev", "connection_name": "list_postgres_public"} */
select
      'postgres' as database,
      tablename as name,
      schemaname as schema,
      'table' as type
    from pg_tables
    where schemaname ilike 'public'
    union all
    select
      'postgres' as database,
      viewname as name,
      schemaname as schema,
      'view' as type
    from pg_views
    where schemaname ilike 'public'
    union all
    select
      'postgres' as database,
      matviewname as name,
      schemaname as schema,
      'materialized_view' as type
    from pg_matviews
    where schemaname ilike 'public'
  
[0m18:38:57.861984 [debug] [ThreadPool]: Opening a new connection, currently in state closed
[0m18:38:57.877059 [debug] [ThreadPool]: SQL status: SELECT 11 in 0.015 seconds
[0m18:38:57.878189 [debug] [ThreadPool]: On list_postgres_public: ROLLBACK
[0m18:38:57.879940 [debug] [ThreadPool]: On list_postgres_public: Close
[0m18:38:57.885111 [debug] [MainThread]: Using postgres connection "master"
[0m18:38:57.885434 [debug] [MainThread]: On master: /* {"app": "dbt", "dbt_version": "1.11.8", "profile_name": "chorus_data_engineer_interview", "target_name": "dev", "connection_name": "master"} */
select distinct
        dependent_namespace.nspname as dependent_schema,
        dependent_class.relname as dependent_name,
        referenced_namespace.nspname as referenced_schema,
        referenced_class.relname as referenced_name

    -- Query for views: views are entries in pg_class with an entry in pg_rewrite, but we avoid
    -- a seq scan on pg_rewrite by leveraging the fact there is an "internal" row in pg_depend for
    -- the view...
    from pg_class as dependent_class
    join pg_namespace as dependent_namespace on dependent_namespace.oid = dependent_class.relnamespace
    join pg_depend as dependent_depend on dependent_depend.refobjid = dependent_class.oid
        and dependent_depend.classid = 'pg_rewrite'::regclass
        and dependent_depend.refclassid = 'pg_class'::regclass
        and dependent_depend.deptype = 'i'

    -- ... and via pg_depend (that has a row per column, hence the need for "distinct" above, and
    -- making sure to exclude the internal row to avoid a view appearing to depend on itself)...
    join pg_depend as joining_depend on joining_depend.objid = dependent_depend.objid
        and joining_depend.classid = 'pg_rewrite'::regclass
        and joining_depend.refclassid = 'pg_class'::regclass
        and joining_depend.refobjid != dependent_depend.refobjid

    -- ... we can find the tables they query from in pg_class, but excluding system tables. Note we
    -- don't need need to exclude _dependent_ system tables, because they only query from other
    -- system tables, and so are automatically excluded by excluding _referenced_ system tables
    join pg_class as referenced_class on referenced_class.oid = joining_depend.refobjid
    join pg_namespace as referenced_namespace on referenced_namespace.oid = referenced_class.relnamespace
        and referenced_namespace.nspname != 'information_schema'
        and referenced_namespace.nspname not like 'pg\_%'

    order by
        dependent_schema, dependent_name, referenced_schema, referenced_name;
[0m18:38:57.885714 [debug] [MainThread]: Opening a new connection, currently in state init
[0m18:38:57.896952 [debug] [MainThread]: SQL status: SELECT 5 in 0.011 seconds
[0m18:38:57.898607 [debug] [MainThread]: Sending event: {'category': 'dbt', 'action': 'runnable_timing', 'label': '08e5a4bc-7464-4004-8045-63970c209d79', 'context': [<snowplow_tracker.self_describing_json.SelfDescribingJson object at 0x10d24aa50>]}
[0m18:38:57.898930 [debug] [MainThread]: On master: ROLLBACK
[0m18:38:57.899988 [debug] [MainThread]: On master: COMMIT
[0m18:38:57.900247 [debug] [MainThread]: Using postgres connection "master"
[0m18:38:57.900451 [debug] [MainThread]: On master: COMMIT
[0m18:38:57.902100 [debug] [MainThread]: SQL status: COMMIT in 0.001 seconds
[0m18:38:57.902367 [debug] [MainThread]: On master: Close
[0m18:38:57.904758 [debug] [Thread-1 (]: Began running node model.chorus_data_engineer_interview.all_active_patients
[0m18:38:57.905186 [info ] [Thread-1 (]: 1 of 1 START sql view model public.all_active_patients ......................... [RUN]
[0m18:38:57.905504 [debug] [Thread-1 (]: Re-using an available connection from the pool (formerly list_postgres_public, now model.chorus_data_engineer_interview.all_active_patients)
[0m18:38:57.905753 [debug] [Thread-1 (]: Began compiling node model.chorus_data_engineer_interview.all_active_patients
[0m18:38:57.911427 [debug] [Thread-1 (]: Writing injected SQL for node "model.chorus_data_engineer_interview.all_active_patients"
[0m18:38:57.912077 [debug] [Thread-1 (]: Began executing node model.chorus_data_engineer_interview.all_active_patients
[0m18:38:57.940353 [debug] [Thread-1 (]: Writing runtime sql for node "model.chorus_data_engineer_interview.all_active_patients"
[0m18:38:57.941165 [debug] [Thread-1 (]: Using postgres connection "model.chorus_data_engineer_interview.all_active_patients"
[0m18:38:57.941436 [debug] [Thread-1 (]: On model.chorus_data_engineer_interview.all_active_patients: /* {"app": "dbt", "dbt_version": "1.11.8", "profile_name": "chorus_data_engineer_interview", "target_name": "dev", "node_id": "model.chorus_data_engineer_interview.all_active_patients"} */

  create view "postgres"."public"."all_active_patients__dbt_tmp"
    
    
  as (
    /* Write a query to return all patients who are active. */

SELECT
  id,
  identifier,
  gender
FROM "postgres"."public"."Patient"
WHERE active = true
  );
[0m18:38:57.941698 [debug] [Thread-1 (]: Opening a new connection, currently in state closed
[0m18:38:57.954935 [debug] [Thread-1 (]: SQL status: CREATE VIEW in 0.013 seconds
[0m18:38:57.959888 [debug] [Thread-1 (]: Using postgres connection "model.chorus_data_engineer_interview.all_active_patients"
[0m18:38:57.960181 [debug] [Thread-1 (]: On model.chorus_data_engineer_interview.all_active_patients: /* {"app": "dbt", "dbt_version": "1.11.8", "profile_name": "chorus_data_engineer_interview", "target_name": "dev", "node_id": "model.chorus_data_engineer_interview.all_active_patients"} */
alter table "postgres"."public"."all_active_patients__dbt_tmp" rename to "all_active_patients"
[0m18:38:57.961665 [debug] [Thread-1 (]: SQL status: ALTER TABLE in 0.001 seconds
[0m18:38:57.975398 [debug] [Thread-1 (]: On model.chorus_data_engineer_interview.all_active_patients: COMMIT
[0m18:38:57.975703 [debug] [Thread-1 (]: Using postgres connection "model.chorus_data_engineer_interview.all_active_patients"
[0m18:38:57.975946 [debug] [Thread-1 (]: On model.chorus_data_engineer_interview.all_active_patients: COMMIT
[0m18:38:57.978512 [debug] [Thread-1 (]: SQL status: COMMIT in 0.002 seconds
[0m18:38:57.983427 [debug] [Thread-1 (]: Applying DROP to: "postgres"."public"."all_active_patients__dbt_backup"
[0m18:38:57.987127 [debug] [Thread-1 (]: Using postgres connection "model.chorus_data_engineer_interview.all_active_patients"
[0m18:38:57.987417 [debug] [Thread-1 (]: On model.chorus_data_engineer_interview.all_active_patients: /* {"app": "dbt", "dbt_version": "1.11.8", "profile_name": "chorus_data_engineer_interview", "target_name": "dev", "node_id": "model.chorus_data_engineer_interview.all_active_patients"} */
drop view if exists "postgres"."public"."all_active_patients__dbt_backup" cascade
[0m18:38:57.988899 [debug] [Thread-1 (]: SQL status: DROP VIEW in 0.001 seconds
[0m18:38:57.990790 [debug] [Thread-1 (]: On model.chorus_data_engineer_interview.all_active_patients: Close
[0m18:38:57.992371 [debug] [Thread-1 (]: Sending event: {'category': 'dbt', 'action': 'run_model', 'label': '08e5a4bc-7464-4004-8045-63970c209d79', 'context': [<snowplow_tracker.self_describing_json.SelfDescribingJson object at 0x10d257110>]}
[0m18:38:57.992870 [info ] [Thread-1 (]: 1 of 1 OK created sql view model public.all_active_patients .................... [[32mCREATE VIEW[0m in 0.09s]
[0m18:38:57.993289 [debug] [Thread-1 (]: Finished running node model.chorus_data_engineer_interview.all_active_patients
[0m18:38:57.994405 [debug] [MainThread]: On master: COMMIT
[0m18:38:57.994650 [debug] [MainThread]: Using postgres connection "master"
[0m18:38:57.994848 [debug] [MainThread]: On master: COMMIT
[0m18:38:57.995028 [debug] [MainThread]: Opening a new connection, currently in state closed
[0m18:38:58.002123 [debug] [MainThread]: SQL status: COMMIT in 0.007 seconds
[0m18:38:58.002365 [debug] [MainThread]: On master: Close
[0m18:38:58.002638 [debug] [MainThread]: Connection 'master' was properly closed.
[0m18:38:58.002823 [debug] [MainThread]: Connection 'model.chorus_data_engineer_interview.all_active_patients' was properly closed.
[0m18:38:58.003021 [info ] [MainThread]: 
[0m18:38:58.003232 [info ] [MainThread]: Finished running 1 view model in 0 hours 0 minutes and 0.24 seconds (0.24s).
[0m18:38:58.003684 [debug] [MainThread]: Command end result
[0m18:38:58.030599 [debug] [MainThread]: Wrote artifact WritableManifest to /Users/home/PycharmProjects/chorusinnovations/chorus-data-engineering-interview/dbt/target/manifest.json
[0m18:38:58.031989 [debug] [MainThread]: Wrote artifact SemanticManifest to /Users/home/PycharmProjects/chorusinnovations/chorus-data-engineering-interview/dbt/target/semantic_manifest.json
[0m18:38:58.036718 [debug] [MainThread]: Wrote artifact RunExecutionResult to /Users/home/PycharmProjects/chorusinnovations/chorus-data-engineering-interview/dbt/target/run_results.json
[0m18:38:58.036961 [info ] [MainThread]: 
[0m18:38:58.037240 [info ] [MainThread]: [32mCompleted successfully[0m
[0m18:38:58.037436 [info ] [MainThread]: 
[0m18:38:58.037641 [info ] [MainThread]: Done. PASS=1 WARN=0 ERROR=0 SKIP=0 NO-OP=0 TOTAL=1
[0m18:38:58.040851 [debug] [MainThread]: Resource report: {"command_name": "run", "command_success": true, "command_wall_clock_time": 1.2236955, "process_in_blocks": "0", "process_kernel_time": 0.358706, "process_mem_max_rss": "150323200", "process_out_blocks": "0", "process_user_time": 2.043825}
[0m18:38:58.041179 [debug] [MainThread]: Command `dbt run` succeeded at 18:38:58.041113 after 1.22 seconds
[0m18:38:58.041433 [debug] [MainThread]: Sending event: {'category': 'dbt', 'action': 'invocation', 'label': 'end', 'context': [<snowplow_tracker.self_describing_json.SelfDescribingJson object at 0x102af1e90>, <snowplow_tracker.self_describing_json.SelfDescribingJson object at 0x107b62790>, <snowplow_tracker.self_describing_json.SelfDescribingJson object at 0x102b171d0>]}
[0m18:38:58.041676 [debug] [MainThread]: Flushing usage events
[0m18:38:58.467877 [debug] [MainThread]: An error was encountered while trying to flush usage events
[0m18:41:58.206225 [debug] [MainThread]: Sending event: {'category': 'dbt', 'action': 'invocation', 'label': 'start', 'context': [<snowplow_tracker.self_describing_json.SelfDescribingJson object at 0x10c01c7d0>, <snowplow_tracker.self_describing_json.SelfDescribingJson object at 0x10c080690>, <snowplow_tracker.self_describing_json.SelfDescribingJson object at 0x10c080a90>]}


============================== 18:41:58.210200 | d61bed73-ce69-4d2d-b0ad-fd66e3228867 ==============================
[0m18:41:58.210200 [info ] [MainThread]: Running with dbt=1.11.8
[0m18:41:58.210740 [debug] [MainThread]: running dbt with arguments {'no_print': 'None', 'warn_error': 'None', 'cache_selected_only': 'False', 'warn_error_options': 'WarnErrorOptionsV2(error=[], warn=[], silence=[])', 'profiles_dir': '/Users/home/.dbt', 'target_path': 'None', 'use_experimental_parser': 'False', 'write_json': 'True', 'introspect': 'True', 'static_parser': 'True', 'log_path': '/Users/home/PycharmProjects/chorusinnovations/chorus-data-engineering-interview/dbt/logs', 'indirect_selection': 'eager', 'empty': 'False', 'log_format': 'default', 'use_colors': 'True', 'debug': 'False', 'fail_fast': 'False', 'invocation_command': 'dbt run --select patient_multi_practitioners.sql', 'log_cache_events': 'False', 'partial_parse': 'True', 'printer_width': '80', 'version_check': 'True', 'quiet': 'False', 'send_anonymous_usage_stats': 'True'}
[0m18:41:58.415756 [debug] [MainThread]: Sending event: {'category': 'dbt', 'action': 'project_id', 'label': 'd61bed73-ce69-4d2d-b0ad-fd66e3228867', 'context': [<snowplow_tracker.self_describing_json.SelfDescribingJson object at 0x10c607790>]}
[0m18:41:58.469637 [debug] [MainThread]: Sending event: {'category': 'dbt', 'action': 'adapter_info', 'label': 'd61bed73-ce69-4d2d-b0ad-fd66e3228867', 'context': [<snowplow_tracker.self_describing_json.SelfDescribingJson object at 0x109279090>]}
[0m18:41:58.471083 [info ] [MainThread]: Registered adapter: postgres=1.10.0
[0m18:41:58.563728 [debug] [MainThread]: checksum: 7d524ac048c2100769df89d592e662e060a73ca564e31bd9c2a37efdfe8d8ab6, vars: {}, profile: , target: , version: 1.11.8
[0m18:41:58.689994 [debug] [MainThread]: Partial parsing enabled: 0 files deleted, 1 files added, 3 files changed.
[0m18:41:58.690493 [debug] [MainThread]: Partial parsing: added file: chorus_data_engineer_interview://models/02_intermediate/patient_multi_practitioners.sql
[0m18:41:58.690792 [debug] [MainThread]: Partial parsing: updated file: chorus_data_engineer_interview://models/01_beginner/all_patient_observations.sql
[0m18:41:58.691069 [debug] [MainThread]: Partial parsing: updated file: chorus_data_engineer_interview://models/02_intermediate/recent_patient_encounters.sql
[0m18:41:58.691327 [debug] [MainThread]: Partial parsing: updated file: chorus_data_engineer_interview://models/01_beginner/all_patient_encounters.sql
[0m18:41:58.963728 [debug] [MainThread]: Sending event: {'category': 'dbt', 'action': 'load_project', 'label': 'd61bed73-ce69-4d2d-b0ad-fd66e3228867', 'context': [<snowplow_tracker.self_describing_json.SelfDescribingJson object at 0x10ce14590>]}
[0m18:41:59.045238 [debug] [MainThread]: Wrote artifact WritableManifest to /Users/home/PycharmProjects/chorusinnovations/chorus-data-engineering-interview/dbt/target/manifest.json
[0m18:41:59.047242 [debug] [MainThread]: Wrote artifact SemanticManifest to /Users/home/PycharmProjects/chorusinnovations/chorus-data-engineering-interview/dbt/target/semantic_manifest.json
[0m18:41:59.060057 [debug] [MainThread]: Sending event: {'category': 'dbt', 'action': 'resource_counts', 'label': 'd61bed73-ce69-4d2d-b0ad-fd66e3228867', 'context': [<snowplow_tracker.self_describing_json.SelfDescribingJson object at 0x10d100210>]}
[0m18:41:59.060426 [info ] [MainThread]: Found 9 models, 21 data tests, 5 sources, 465 macros
[0m18:41:59.060661 [debug] [MainThread]: Sending event: {'category': 'dbt', 'action': 'runnable_timing', 'label': 'd61bed73-ce69-4d2d-b0ad-fd66e3228867', 'context': [<snowplow_tracker.self_describing_json.SelfDescribingJson object at 0x10c4fcb90>]}
[0m18:41:59.062205 [info ] [MainThread]: 
[0m18:41:59.062446 [info ] [MainThread]: Concurrency: 4 threads (target='dev')
[0m18:41:59.062630 [info ] [MainThread]: 
[0m18:41:59.062933 [debug] [MainThread]: Acquiring new postgres connection 'master'
[0m18:41:59.063495 [debug] [ThreadPool]: Acquiring new postgres connection 'list_postgres'
[0m18:41:59.108602 [debug] [ThreadPool]: Using postgres connection "list_postgres"
[0m18:41:59.108863 [debug] [ThreadPool]: On list_postgres: /* {"app": "dbt", "dbt_version": "1.11.8", "profile_name": "chorus_data_engineer_interview", "target_name": "dev", "connection_name": "list_postgres"} */

    select distinct nspname from pg_namespace
  
[0m18:41:59.109059 [debug] [ThreadPool]: Opening a new connection, currently in state init
[0m18:41:59.153917 [debug] [ThreadPool]: SQL status: SELECT 4 in 0.045 seconds
[0m18:41:59.154922 [debug] [ThreadPool]: On list_postgres: Close
[0m18:41:59.158938 [debug] [ThreadPool]: Re-using an available connection from the pool (formerly list_postgres, now list_postgres_public)
[0m18:41:59.163752 [debug] [ThreadPool]: Using postgres connection "list_postgres_public"
[0m18:41:59.164020 [debug] [ThreadPool]: On list_postgres_public: /* {"app": "dbt", "dbt_version": "1.11.8", "profile_name": "chorus_data_engineer_interview", "target_name": "dev", "connection_name": "list_postgres_public"} */
select
      'postgres' as database,
      tablename as name,
      schemaname as schema,
      'table' as type
    from pg_tables
    where schemaname ilike 'public'
    union all
    select
      'postgres' as database,
      viewname as name,
      schemaname as schema,
      'view' as type
    from pg_views
    where schemaname ilike 'public'
    union all
    select
      'postgres' as database,
      matviewname as name,
      schemaname as schema,
      'materialized_view' as type
    from pg_matviews
    where schemaname ilike 'public'
  
[0m18:41:59.164236 [debug] [ThreadPool]: Opening a new connection, currently in state closed
[0m18:41:59.176457 [debug] [ThreadPool]: SQL status: SELECT 12 in 0.012 seconds
[0m18:41:59.177633 [debug] [ThreadPool]: On list_postgres_public: ROLLBACK
[0m18:41:59.178633 [debug] [ThreadPool]: On list_postgres_public: Close
[0m18:41:59.183486 [debug] [MainThread]: Using postgres connection "master"
[0m18:41:59.183803 [debug] [MainThread]: On master: /* {"app": "dbt", "dbt_version": "1.11.8", "profile_name": "chorus_data_engineer_interview", "target_name": "dev", "connection_name": "master"} */
select distinct
        dependent_namespace.nspname as dependent_schema,
        dependent_class.relname as dependent_name,
        referenced_namespace.nspname as referenced_schema,
        referenced_class.relname as referenced_name

    -- Query for views: views are entries in pg_class with an entry in pg_rewrite, but we avoid
    -- a seq scan on pg_rewrite by leveraging the fact there is an "internal" row in pg_depend for
    -- the view...
    from pg_class as dependent_class
    join pg_namespace as dependent_namespace on dependent_namespace.oid = dependent_class.relnamespace
    join pg_depend as dependent_depend on dependent_depend.refobjid = dependent_class.oid
        and dependent_depend.classid = 'pg_rewrite'::regclass
        and dependent_depend.refclassid = 'pg_class'::regclass
        and dependent_depend.deptype = 'i'

    -- ... and via pg_depend (that has a row per column, hence the need for "distinct" above, and
    -- making sure to exclude the internal row to avoid a view appearing to depend on itself)...
    join pg_depend as joining_depend on joining_depend.objid = dependent_depend.objid
        and joining_depend.classid = 'pg_rewrite'::regclass
        and joining_depend.refclassid = 'pg_class'::regclass
        and joining_depend.refobjid != dependent_depend.refobjid

    -- ... we can find the tables they query from in pg_class, but excluding system tables. Note we
    -- don't need need to exclude _dependent_ system tables, because they only query from other
    -- system tables, and so are automatically excluded by excluding _referenced_ system tables
    join pg_class as referenced_class on referenced_class.oid = joining_depend.refobjid
    join pg_namespace as referenced_namespace on referenced_namespace.oid = referenced_class.relnamespace
        and referenced_namespace.nspname != 'information_schema'
        and referenced_namespace.nspname not like 'pg\_%'

    order by
        dependent_schema, dependent_name, referenced_schema, referenced_name;
[0m18:41:59.184076 [debug] [MainThread]: Opening a new connection, currently in state init
[0m18:41:59.196596 [debug] [MainThread]: SQL status: SELECT 6 in 0.012 seconds
[0m18:41:59.198320 [debug] [MainThread]: Sending event: {'category': 'dbt', 'action': 'runnable_timing', 'label': 'd61bed73-ce69-4d2d-b0ad-fd66e3228867', 'context': [<snowplow_tracker.self_describing_json.SelfDescribingJson object at 0x10cc95bd0>]}
[0m18:41:59.198630 [debug] [MainThread]: On master: ROLLBACK
[0m18:41:59.199745 [debug] [MainThread]: On master: COMMIT
[0m18:41:59.199958 [debug] [MainThread]: Using postgres connection "master"
[0m18:41:59.200139 [debug] [MainThread]: On master: COMMIT
[0m18:41:59.201754 [debug] [MainThread]: SQL status: COMMIT in 0.001 seconds
[0m18:41:59.202012 [debug] [MainThread]: On master: Close
[0m18:41:59.204262 [debug] [Thread-1 (]: Began running node model.chorus_data_engineer_interview.patient_multi_practitioners
[0m18:41:59.204658 [info ] [Thread-1 (]: 1 of 1 START sql view model public.patient_multi_practitioners ................. [RUN]
[0m18:41:59.204993 [debug] [Thread-1 (]: Re-using an available connection from the pool (formerly list_postgres_public, now model.chorus_data_engineer_interview.patient_multi_practitioners)
[0m18:41:59.205248 [debug] [Thread-1 (]: Began compiling node model.chorus_data_engineer_interview.patient_multi_practitioners
[0m18:41:59.210943 [debug] [Thread-1 (]: Writing injected SQL for node "model.chorus_data_engineer_interview.patient_multi_practitioners"
[0m18:41:59.211580 [debug] [Thread-1 (]: Began executing node model.chorus_data_engineer_interview.patient_multi_practitioners
[0m18:41:59.239628 [debug] [Thread-1 (]: Writing runtime sql for node "model.chorus_data_engineer_interview.patient_multi_practitioners"
[0m18:41:59.240448 [debug] [Thread-1 (]: Using postgres connection "model.chorus_data_engineer_interview.patient_multi_practitioners"
[0m18:41:59.240760 [debug] [Thread-1 (]: On model.chorus_data_engineer_interview.patient_multi_practitioners: /* {"app": "dbt", "dbt_version": "1.11.8", "profile_name": "chorus_data_engineer_interview", "target_name": "dev", "node_id": "model.chorus_data_engineer_interview.patient_multi_practitioners"} */

  create view "postgres"."public"."patient_multi_practitioners__dbt_tmp"
    
    
  as (
    /*
Write a query to return a list of patient IDs who have had encounters with more than one distinct practitioner.
 */

WITH practitioner_counts AS (
    SELECT
        patient_id,
        COUNT(DISTINCT practitioner_id) AS distinct_practitioners
    FROM "postgres"."public"."Encounter"
    GROUP BY patient_id
)
SELECT
    patient_id
FROM practitioner_counts
WHERE distinct_practitioners > 1;
  );
[0m18:41:59.241036 [debug] [Thread-1 (]: Opening a new connection, currently in state closed
[0m18:41:59.248820 [debug] [Thread-1 (]: Postgres adapter: Postgres error: syntax error at or near ";"
LINE 21: WHERE distinct_practitioners > 1;
                                         ^

[0m18:41:59.249141 [debug] [Thread-1 (]: On model.chorus_data_engineer_interview.patient_multi_practitioners: ROLLBACK
[0m18:41:59.250297 [debug] [Thread-1 (]: On model.chorus_data_engineer_interview.patient_multi_practitioners: Close
[0m18:41:59.256687 [debug] [Thread-1 (]: Database Error in model patient_multi_practitioners (models/02_intermediate/patient_multi_practitioners.sql)
  syntax error at or near ";"
  LINE 21: WHERE distinct_practitioners > 1;
                                           ^
  compiled code at target/run/chorus_data_engineer_interview/models/02_intermediate/patient_multi_practitioners.sql
[0m18:41:59.258139 [debug] [Thread-1 (]: Sending event: {'category': 'dbt', 'action': 'run_model', 'label': 'd61bed73-ce69-4d2d-b0ad-fd66e3228867', 'context': [<snowplow_tracker.self_describing_json.SelfDescribingJson object at 0x10d360190>]}
[0m18:41:59.258640 [error] [Thread-1 (]: 1 of 1 ERROR creating sql view model public.patient_multi_practitioners ........ [[31mERROR[0m in 0.05s]
[0m18:41:59.259126 [debug] [Thread-1 (]: Finished running node model.chorus_data_engineer_interview.patient_multi_practitioners
[0m18:41:59.259521 [debug] [Thread-7 (]: Marking all children of 'model.chorus_data_engineer_interview.patient_multi_practitioners' to be skipped because of status 'error'.  Reason: Database Error in model patient_multi_practitioners (models/02_intermediate/patient_multi_practitioners.sql)
  syntax error at or near ";"
  LINE 21: WHERE distinct_practitioners > 1;
                                           ^
  compiled code at target/run/chorus_data_engineer_interview/models/02_intermediate/patient_multi_practitioners.sql.
[0m18:41:59.260753 [debug] [MainThread]: On master: COMMIT
[0m18:41:59.260970 [debug] [MainThread]: Using postgres connection "master"
[0m18:41:59.261288 [debug] [MainThread]: On master: COMMIT
[0m18:41:59.261498 [debug] [MainThread]: Opening a new connection, currently in state closed
[0m18:41:59.268754 [debug] [MainThread]: SQL status: COMMIT in 0.007 seconds
[0m18:41:59.269084 [debug] [MainThread]: On master: Close
[0m18:41:59.269398 [debug] [MainThread]: Connection 'master' was properly closed.
[0m18:41:59.269594 [debug] [MainThread]: Connection 'model.chorus_data_engineer_interview.patient_multi_practitioners' was properly closed.
[0m18:41:59.269996 [info ] [MainThread]: 
[0m18:41:59.270259 [info ] [MainThread]: Finished running 1 view model in 0 hours 0 minutes and 0.21 seconds (0.21s).
[0m18:41:59.270772 [debug] [MainThread]: Command end result
[0m18:41:59.299027 [debug] [MainThread]: Wrote artifact WritableManifest to /Users/home/PycharmProjects/chorusinnovations/chorus-data-engineering-interview/dbt/target/manifest.json
[0m18:41:59.300547 [debug] [MainThread]: Wrote artifact SemanticManifest to /Users/home/PycharmProjects/chorusinnovations/chorus-data-engineering-interview/dbt/target/semantic_manifest.json
[0m18:41:59.305506 [debug] [MainThread]: Wrote artifact RunExecutionResult to /Users/home/PycharmProjects/chorusinnovations/chorus-data-engineering-interview/dbt/target/run_results.json
[0m18:41:59.305745 [info ] [MainThread]: 
[0m18:41:59.306023 [info ] [MainThread]: [31mCompleted with 1 error, 0 partial successes, and 0 warnings:[0m
[0m18:41:59.306227 [info ] [MainThread]: 
[0m18:41:59.306473 [error] [MainThread]: [31mFailure in model patient_multi_practitioners (models/02_intermediate/patient_multi_practitioners.sql)[0m
[0m18:41:59.306722 [error] [MainThread]:   Database Error in model patient_multi_practitioners (models/02_intermediate/patient_multi_practitioners.sql)
  syntax error at or near ";"
  LINE 21: WHERE distinct_practitioners > 1;
                                           ^
  compiled code at target/run/chorus_data_engineer_interview/models/02_intermediate/patient_multi_practitioners.sql
[0m18:41:59.306906 [info ] [MainThread]: 
[0m18:41:59.307124 [info ] [MainThread]:   compiled code at target/compiled/chorus_data_engineer_interview/models/02_intermediate/patient_multi_practitioners.sql
[0m18:41:59.307296 [info ] [MainThread]: 
[0m18:41:59.307490 [info ] [MainThread]: Done. PASS=0 WARN=0 ERROR=1 SKIP=0 NO-OP=0 TOTAL=1
[0m18:41:59.310738 [debug] [MainThread]: Resource report: {"command_name": "run", "command_success": false, "command_wall_clock_time": 1.171335, "process_in_blocks": "0", "process_kernel_time": 0.350564, "process_mem_max_rss": "150929408", "process_out_blocks": "0", "process_user_time": 2.015145}
[0m18:41:59.311047 [debug] [MainThread]: Command `dbt run` failed at 18:41:59.310984 after 1.17 seconds
[0m18:41:59.311303 [debug] [MainThread]: Sending event: {'category': 'dbt', 'action': 'invocation', 'label': 'end', 'context': [<snowplow_tracker.self_describing_json.SelfDescribingJson object at 0x10c080850>, <snowplow_tracker.self_describing_json.SelfDescribingJson object at 0x10c080bd0>, <snowplow_tracker.self_describing_json.SelfDescribingJson object at 0x102d3e810>]}
[0m18:41:59.311545 [debug] [MainThread]: Flushing usage events
[0m18:41:59.740236 [debug] [MainThread]: An error was encountered while trying to flush usage events
[0m18:42:05.618687 [debug] [MainThread]: Sending event: {'category': 'dbt', 'action': 'invocation', 'label': 'start', 'context': [<snowplow_tracker.self_describing_json.SelfDescribingJson object at 0x10bddac90>, <snowplow_tracker.self_describing_json.SelfDescribingJson object at 0x10be6b090>, <snowplow_tracker.self_describing_json.SelfDescribingJson object at 0x10bec8cd0>]}


============================== 18:42:05.622402 | 93b2a28d-5167-407a-84ed-593046f2c30d ==============================
[0m18:42:05.622402 [info ] [MainThread]: Running with dbt=1.11.8
[0m18:42:05.622850 [debug] [MainThread]: running dbt with arguments {'send_anonymous_usage_stats': 'True', 'use_colors': 'True', 'no_print': 'None', 'static_parser': 'True', 'target_path': 'None', 'log_path': '/Users/home/PycharmProjects/chorusinnovations/chorus-data-engineering-interview/dbt/logs', 'profiles_dir': '/Users/home/.dbt', 'empty': 'False', 'log_cache_events': 'False', 'printer_width': '80', 'fail_fast': 'False', 'write_json': 'True', 'log_format': 'default', 'quiet': 'False', 'debug': 'False', 'invocation_command': 'dbt run --select recent_patient_encounters.sql', 'warn_error_options': 'WarnErrorOptionsV2(error=[], warn=[], silence=[])', 'indirect_selection': 'eager', 'partial_parse': 'True', 'use_experimental_parser': 'False', 'cache_selected_only': 'False', 'warn_error': 'None', 'version_check': 'True', 'introspect': 'True'}
[0m18:42:05.777094 [debug] [MainThread]: Sending event: {'category': 'dbt', 'action': 'project_id', 'label': '93b2a28d-5167-407a-84ed-593046f2c30d', 'context': [<snowplow_tracker.self_describing_json.SelfDescribingJson object at 0x10be32f50>]}
[0m18:42:05.828983 [debug] [MainThread]: Sending event: {'category': 'dbt', 'action': 'adapter_info', 'label': '93b2a28d-5167-407a-84ed-593046f2c30d', 'context': [<snowplow_tracker.self_describing_json.SelfDescribingJson object at 0x109094910>]}
[0m18:42:05.830480 [info ] [MainThread]: Registered adapter: postgres=1.10.0
[0m18:42:05.920904 [debug] [MainThread]: checksum: 7d524ac048c2100769df89d592e662e060a73ca564e31bd9c2a37efdfe8d8ab6, vars: {}, profile: , target: , version: 1.11.8
[0m18:42:06.043973 [debug] [MainThread]: Partial parsing enabled: 0 files deleted, 0 files added, 0 files changed.
[0m18:42:06.044336 [debug] [MainThread]: Nothing changed, skipping partial parsing.
[0m18:42:06.044546 [debug] [MainThread]: Partial parsing enabled, no changes found, skipping parsing
[0m18:42:06.085230 [debug] [MainThread]: Sending event: {'category': 'dbt', 'action': 'load_project', 'label': '93b2a28d-5167-407a-84ed-593046f2c30d', 'context': [<snowplow_tracker.self_describing_json.SelfDescribingJson object at 0x10cbfff10>]}
[0m18:42:06.202587 [debug] [MainThread]: Wrote artifact WritableManifest to /Users/home/PycharmProjects/chorusinnovations/chorus-data-engineering-interview/dbt/target/manifest.json
[0m18:42:06.204306 [debug] [MainThread]: Wrote artifact SemanticManifest to /Users/home/PycharmProjects/chorusinnovations/chorus-data-engineering-interview/dbt/target/semantic_manifest.json
[0m18:42:06.214238 [debug] [MainThread]: Sending event: {'category': 'dbt', 'action': 'resource_counts', 'label': '93b2a28d-5167-407a-84ed-593046f2c30d', 'context': [<snowplow_tracker.self_describing_json.SelfDescribingJson object at 0x10caef890>]}
[0m18:42:06.214627 [info ] [MainThread]: Found 9 models, 21 data tests, 5 sources, 465 macros
[0m18:42:06.214860 [debug] [MainThread]: Sending event: {'category': 'dbt', 'action': 'runnable_timing', 'label': '93b2a28d-5167-407a-84ed-593046f2c30d', 'context': [<snowplow_tracker.self_describing_json.SelfDescribingJson object at 0x10cb0fe10>]}
[0m18:42:06.216424 [info ] [MainThread]: 
[0m18:42:06.216670 [info ] [MainThread]: Concurrency: 4 threads (target='dev')
[0m18:42:06.216861 [info ] [MainThread]: 
[0m18:42:06.217193 [debug] [MainThread]: Acquiring new postgres connection 'master'
[0m18:42:06.217766 [debug] [ThreadPool]: Acquiring new postgres connection 'list_postgres'
[0m18:42:06.256874 [debug] [ThreadPool]: Using postgres connection "list_postgres"
[0m18:42:06.257138 [debug] [ThreadPool]: On list_postgres: /* {"app": "dbt", "dbt_version": "1.11.8", "profile_name": "chorus_data_engineer_interview", "target_name": "dev", "connection_name": "list_postgres"} */

    select distinct nspname from pg_namespace
  
[0m18:42:06.257344 [debug] [ThreadPool]: Opening a new connection, currently in state init
[0m18:42:06.288508 [debug] [ThreadPool]: SQL status: SELECT 4 in 0.031 seconds
[0m18:42:06.289522 [debug] [ThreadPool]: On list_postgres: Close
[0m18:42:06.293328 [debug] [ThreadPool]: Re-using an available connection from the pool (formerly list_postgres, now list_postgres_public)
[0m18:42:06.298019 [debug] [ThreadPool]: Using postgres connection "list_postgres_public"
[0m18:42:06.298275 [debug] [ThreadPool]: On list_postgres_public: /* {"app": "dbt", "dbt_version": "1.11.8", "profile_name": "chorus_data_engineer_interview", "target_name": "dev", "connection_name": "list_postgres_public"} */
select
      'postgres' as database,
      tablename as name,
      schemaname as schema,
      'table' as type
    from pg_tables
    where schemaname ilike 'public'
    union all
    select
      'postgres' as database,
      viewname as name,
      schemaname as schema,
      'view' as type
    from pg_views
    where schemaname ilike 'public'
    union all
    select
      'postgres' as database,
      matviewname as name,
      schemaname as schema,
      'materialized_view' as type
    from pg_matviews
    where schemaname ilike 'public'
  
[0m18:42:06.298498 [debug] [ThreadPool]: Opening a new connection, currently in state closed
[0m18:42:06.310191 [debug] [ThreadPool]: SQL status: SELECT 12 in 0.012 seconds
[0m18:42:06.311284 [debug] [ThreadPool]: On list_postgres_public: ROLLBACK
[0m18:42:06.312340 [debug] [ThreadPool]: On list_postgres_public: Close
[0m18:42:06.317447 [debug] [MainThread]: Using postgres connection "master"
[0m18:42:06.317798 [debug] [MainThread]: On master: /* {"app": "dbt", "dbt_version": "1.11.8", "profile_name": "chorus_data_engineer_interview", "target_name": "dev", "connection_name": "master"} */
select distinct
        dependent_namespace.nspname as dependent_schema,
        dependent_class.relname as dependent_name,
        referenced_namespace.nspname as referenced_schema,
        referenced_class.relname as referenced_name

    -- Query for views: views are entries in pg_class with an entry in pg_rewrite, but we avoid
    -- a seq scan on pg_rewrite by leveraging the fact there is an "internal" row in pg_depend for
    -- the view...
    from pg_class as dependent_class
    join pg_namespace as dependent_namespace on dependent_namespace.oid = dependent_class.relnamespace
    join pg_depend as dependent_depend on dependent_depend.refobjid = dependent_class.oid
        and dependent_depend.classid = 'pg_rewrite'::regclass
        and dependent_depend.refclassid = 'pg_class'::regclass
        and dependent_depend.deptype = 'i'

    -- ... and via pg_depend (that has a row per column, hence the need for "distinct" above, and
    -- making sure to exclude the internal row to avoid a view appearing to depend on itself)...
    join pg_depend as joining_depend on joining_depend.objid = dependent_depend.objid
        and joining_depend.classid = 'pg_rewrite'::regclass
        and joining_depend.refclassid = 'pg_class'::regclass
        and joining_depend.refobjid != dependent_depend.refobjid

    -- ... we can find the tables they query from in pg_class, but excluding system tables. Note we
    -- don't need need to exclude _dependent_ system tables, because they only query from other
    -- system tables, and so are automatically excluded by excluding _referenced_ system tables
    join pg_class as referenced_class on referenced_class.oid = joining_depend.refobjid
    join pg_namespace as referenced_namespace on referenced_namespace.oid = referenced_class.relnamespace
        and referenced_namespace.nspname != 'information_schema'
        and referenced_namespace.nspname not like 'pg\_%'

    order by
        dependent_schema, dependent_name, referenced_schema, referenced_name;
[0m18:42:06.318085 [debug] [MainThread]: Opening a new connection, currently in state init
[0m18:42:06.330437 [debug] [MainThread]: SQL status: SELECT 6 in 0.012 seconds
[0m18:42:06.332141 [debug] [MainThread]: Sending event: {'category': 'dbt', 'action': 'runnable_timing', 'label': '93b2a28d-5167-407a-84ed-593046f2c30d', 'context': [<snowplow_tracker.self_describing_json.SelfDescribingJson object at 0x10b7092d0>]}
[0m18:42:06.332476 [debug] [MainThread]: On master: ROLLBACK
[0m18:42:06.333487 [debug] [MainThread]: On master: COMMIT
[0m18:42:06.333739 [debug] [MainThread]: Using postgres connection "master"
[0m18:42:06.333940 [debug] [MainThread]: On master: COMMIT
[0m18:42:06.336589 [debug] [MainThread]: SQL status: COMMIT in 0.002 seconds
[0m18:42:06.336882 [debug] [MainThread]: On master: Close
[0m18:42:06.339764 [debug] [Thread-1 (]: Began running node model.chorus_data_engineer_interview.recent_patient_encounters
[0m18:42:06.340139 [info ] [Thread-1 (]: 1 of 1 START sql view model public.recent_patient_encounters ................... [RUN]
[0m18:42:06.340448 [debug] [Thread-1 (]: Re-using an available connection from the pool (formerly list_postgres_public, now model.chorus_data_engineer_interview.recent_patient_encounters)
[0m18:42:06.340695 [debug] [Thread-1 (]: Began compiling node model.chorus_data_engineer_interview.recent_patient_encounters
[0m18:42:06.346575 [debug] [Thread-1 (]: Writing injected SQL for node "model.chorus_data_engineer_interview.recent_patient_encounters"
[0m18:42:06.347151 [debug] [Thread-1 (]: Began executing node model.chorus_data_engineer_interview.recent_patient_encounters
[0m18:42:06.376117 [debug] [Thread-1 (]: Writing runtime sql for node "model.chorus_data_engineer_interview.recent_patient_encounters"
[0m18:42:06.376808 [debug] [Thread-1 (]: Using postgres connection "model.chorus_data_engineer_interview.recent_patient_encounters"
[0m18:42:06.377159 [debug] [Thread-1 (]: On model.chorus_data_engineer_interview.recent_patient_encounters: /* {"app": "dbt", "dbt_version": "1.11.8", "profile_name": "chorus_data_engineer_interview", "target_name": "dev", "node_id": "model.chorus_data_engineer_interview.recent_patient_encounters"} */

  create view "postgres"."public"."recent_patient_encounters__dbt_tmp"
    
    
  as (
    /*
Retrieve each patient’s most recent encounter (based on encounter_date). Return the patient_id, encounter_date, and status.
*/

WITH ranked_encounters AS (
    SELECT
        patient_id,
        encounter_date,
        status,
        ROW_NUMBER() OVER (PARTITION BY patient_id ORDER BY encounter_date DESC) AS rn
    FROM "postgres"."public"."Encounter"
)
SELECT
    patient_id,
    encounter_date,
    status
FROM ranked_encounters
WHERE rn = 1;
  );
[0m18:42:06.377460 [debug] [Thread-1 (]: Opening a new connection, currently in state closed
[0m18:42:06.399547 [debug] [Thread-1 (]: Postgres adapter: Postgres error: syntax error at or near ";"
LINE 24: WHERE rn = 1;
                     ^

[0m18:42:06.400187 [debug] [Thread-1 (]: On model.chorus_data_engineer_interview.recent_patient_encounters: ROLLBACK
[0m18:42:06.402275 [debug] [Thread-1 (]: On model.chorus_data_engineer_interview.recent_patient_encounters: Close
[0m18:42:06.409377 [debug] [Thread-1 (]: Database Error in model recent_patient_encounters (models/02_intermediate/recent_patient_encounters.sql)
  syntax error at or near ";"
  LINE 24: WHERE rn = 1;
                       ^
  compiled code at target/run/chorus_data_engineer_interview/models/02_intermediate/recent_patient_encounters.sql
[0m18:42:06.410937 [debug] [Thread-1 (]: Sending event: {'category': 'dbt', 'action': 'run_model', 'label': '93b2a28d-5167-407a-84ed-593046f2c30d', 'context': [<snowplow_tracker.self_describing_json.SelfDescribingJson object at 0x10d0426d0>]}
[0m18:42:06.411502 [error] [Thread-1 (]: 1 of 1 ERROR creating sql view model public.recent_patient_encounters .......... [[31mERROR[0m in 0.07s]
[0m18:42:06.411944 [debug] [Thread-1 (]: Finished running node model.chorus_data_engineer_interview.recent_patient_encounters
[0m18:42:06.412482 [debug] [Thread-7 (]: Marking all children of 'model.chorus_data_engineer_interview.recent_patient_encounters' to be skipped because of status 'error'.  Reason: Database Error in model recent_patient_encounters (models/02_intermediate/recent_patient_encounters.sql)
  syntax error at or near ";"
  LINE 24: WHERE rn = 1;
                       ^
  compiled code at target/run/chorus_data_engineer_interview/models/02_intermediate/recent_patient_encounters.sql.
[0m18:42:06.413835 [debug] [MainThread]: On master: COMMIT
[0m18:42:06.414105 [debug] [MainThread]: Using postgres connection "master"
[0m18:42:06.414315 [debug] [MainThread]: On master: COMMIT
[0m18:42:06.414519 [debug] [MainThread]: Opening a new connection, currently in state closed
[0m18:42:06.424000 [debug] [MainThread]: SQL status: COMMIT in 0.009 seconds
[0m18:42:06.424362 [debug] [MainThread]: On master: Close
[0m18:42:06.424841 [debug] [MainThread]: Connection 'master' was properly closed.
[0m18:42:06.425216 [debug] [MainThread]: Connection 'model.chorus_data_engineer_interview.recent_patient_encounters' was properly closed.
[0m18:42:06.425560 [info ] [MainThread]: 
[0m18:42:06.426023 [info ] [MainThread]: Finished running 1 view model in 0 hours 0 minutes and 0.21 seconds (0.21s).
[0m18:42:06.427193 [debug] [MainThread]: Command end result
[0m18:42:06.460840 [debug] [MainThread]: Wrote artifact WritableManifest to /Users/home/PycharmProjects/chorusinnovations/chorus-data-engineering-interview/dbt/target/manifest.json
[0m18:42:06.462402 [debug] [MainThread]: Wrote artifact SemanticManifest to /Users/home/PycharmProjects/chorusinnovations/chorus-data-engineering-interview/dbt/target/semantic_manifest.json
[0m18:42:06.467095 [debug] [MainThread]: Wrote artifact RunExecutionResult to /Users/home/PycharmProjects/chorusinnovations/chorus-data-engineering-interview/dbt/target/run_results.json
[0m18:42:06.467322 [info ] [MainThread]: 
[0m18:42:06.467585 [info ] [MainThread]: [31mCompleted with 1 error, 0 partial successes, and 0 warnings:[0m
[0m18:42:06.467783 [info ] [MainThread]: 
[0m18:42:06.468028 [error] [MainThread]: [31mFailure in model recent_patient_encounters (models/02_intermediate/recent_patient_encounters.sql)[0m
[0m18:42:06.468271 [error] [MainThread]:   Database Error in model recent_patient_encounters (models/02_intermediate/recent_patient_encounters.sql)
  syntax error at or near ";"
  LINE 24: WHERE rn = 1;
                       ^
  compiled code at target/run/chorus_data_engineer_interview/models/02_intermediate/recent_patient_encounters.sql
[0m18:42:06.468463 [info ] [MainThread]: 
[0m18:42:06.468676 [info ] [MainThread]:   compiled code at target/compiled/chorus_data_engineer_interview/models/02_intermediate/recent_patient_encounters.sql
[0m18:42:06.468847 [info ] [MainThread]: 
[0m18:42:06.469039 [info ] [MainThread]: Done. PASS=0 WARN=0 ERROR=1 SKIP=0 NO-OP=0 TOTAL=1
[0m18:42:06.472072 [debug] [MainThread]: Resource report: {"command_name": "run", "command_success": false, "command_wall_clock_time": 0.9155396, "process_in_blocks": "0", "process_kernel_time": 0.300273, "process_mem_max_rss": "147128320", "process_out_blocks": "0", "process_user_time": 1.804921}
[0m18:42:06.472441 [debug] [MainThread]: Command `dbt run` failed at 18:42:06.472366 after 0.92 seconds
[0m18:42:06.472725 [debug] [MainThread]: Sending event: {'category': 'dbt', 'action': 'invocation', 'label': 'end', 'context': [<snowplow_tracker.self_describing_json.SelfDescribingJson object at 0x10b0cfdd0>, <snowplow_tracker.self_describing_json.SelfDescribingJson object at 0x10bec8890>, <snowplow_tracker.self_describing_json.SelfDescribingJson object at 0x10becb050>]}
[0m18:42:06.472985 [debug] [MainThread]: Flushing usage events
[0m18:42:06.825684 [debug] [MainThread]: An error was encountered while trying to flush usage events
[0m18:43:14.045290 [debug] [MainThread]: Sending event: {'category': 'dbt', 'action': 'invocation', 'label': 'start', 'context': [<snowplow_tracker.self_describing_json.SelfDescribingJson object at 0x10b8deb50>, <snowplow_tracker.self_describing_json.SelfDescribingJson object at 0x10b9cca10>, <snowplow_tracker.self_describing_json.SelfDescribingJson object at 0x10b9cce10>]}


============================== 18:43:14.049333 | 680946c4-f9a6-4122-a983-ad3259d672c4 ==============================
[0m18:43:14.049333 [info ] [MainThread]: Running with dbt=1.11.8
[0m18:43:14.049844 [debug] [MainThread]: running dbt with arguments {'debug': 'False', 'indirect_selection': 'eager', 'empty': 'False', 'log_cache_events': 'False', 'send_anonymous_usage_stats': 'True', 'use_experimental_parser': 'False', 'no_print': 'None', 'target_path': 'None', 'write_json': 'True', 'static_parser': 'True', 'printer_width': '80', 'log_path': '/Users/home/PycharmProjects/chorusinnovations/chorus-data-engineering-interview/dbt/logs', 'use_colors': 'True', 'warn_error_options': 'WarnErrorOptionsV2(error=[], warn=[], silence=[])', 'quiet': 'False', 'fail_fast': 'False', 'warn_error': 'None', 'introspect': 'True', 'invocation_command': 'dbt run --select recent_patient_encounters.sql', 'log_format': 'default', 'version_check': 'True', 'cache_selected_only': 'False', 'partial_parse': 'True', 'profiles_dir': '/Users/home/.dbt'}
[0m18:43:14.254735 [debug] [MainThread]: Sending event: {'category': 'dbt', 'action': 'project_id', 'label': '680946c4-f9a6-4122-a983-ad3259d672c4', 'context': [<snowplow_tracker.self_describing_json.SelfDescribingJson object at 0x10ab94c10>]}
[0m18:43:14.306431 [debug] [MainThread]: Sending event: {'category': 'dbt', 'action': 'adapter_info', 'label': '680946c4-f9a6-4122-a983-ad3259d672c4', 'context': [<snowplow_tracker.self_describing_json.SelfDescribingJson object at 0x108b98350>]}
[0m18:43:14.308579 [info ] [MainThread]: Registered adapter: postgres=1.10.0
[0m18:43:14.399692 [debug] [MainThread]: checksum: 7d524ac048c2100769df89d592e662e060a73ca564e31bd9c2a37efdfe8d8ab6, vars: {}, profile: , target: , version: 1.11.8
[0m18:43:14.527624 [debug] [MainThread]: Partial parsing enabled: 0 files deleted, 0 files added, 2 files changed.
[0m18:43:14.528217 [debug] [MainThread]: Partial parsing: updated file: chorus_data_engineer_interview://models/02_intermediate/recent_patient_encounters.sql
[0m18:43:14.528519 [debug] [MainThread]: Partial parsing: updated file: chorus_data_engineer_interview://models/02_intermediate/patient_multi_practitioners.sql
[0m18:43:14.791405 [debug] [MainThread]: Sending event: {'category': 'dbt', 'action': 'load_project', 'label': '680946c4-f9a6-4122-a983-ad3259d672c4', 'context': [<snowplow_tracker.self_describing_json.SelfDescribingJson object at 0x10b9a29d0>]}
[0m18:43:14.870896 [debug] [MainThread]: Wrote artifact WritableManifest to /Users/home/PycharmProjects/chorusinnovations/chorus-data-engineering-interview/dbt/target/manifest.json
[0m18:43:14.872580 [debug] [MainThread]: Wrote artifact SemanticManifest to /Users/home/PycharmProjects/chorusinnovations/chorus-data-engineering-interview/dbt/target/semantic_manifest.json
[0m18:43:14.882853 [debug] [MainThread]: Sending event: {'category': 'dbt', 'action': 'resource_counts', 'label': '680946c4-f9a6-4122-a983-ad3259d672c4', 'context': [<snowplow_tracker.self_describing_json.SelfDescribingJson object at 0x10c614750>]}
[0m18:43:14.883232 [info ] [MainThread]: Found 9 models, 21 data tests, 5 sources, 465 macros
[0m18:43:14.883467 [debug] [MainThread]: Sending event: {'category': 'dbt', 'action': 'runnable_timing', 'label': '680946c4-f9a6-4122-a983-ad3259d672c4', 'context': [<snowplow_tracker.self_describing_json.SelfDescribingJson object at 0x10c5cc910>]}
[0m18:43:14.885098 [info ] [MainThread]: 
[0m18:43:14.885378 [info ] [MainThread]: Concurrency: 4 threads (target='dev')
[0m18:43:14.885574 [info ] [MainThread]: 
[0m18:43:14.885884 [debug] [MainThread]: Acquiring new postgres connection 'master'
[0m18:43:14.886494 [debug] [ThreadPool]: Acquiring new postgres connection 'list_postgres'
[0m18:43:14.931587 [debug] [ThreadPool]: Using postgres connection "list_postgres"
[0m18:43:14.931853 [debug] [ThreadPool]: On list_postgres: /* {"app": "dbt", "dbt_version": "1.11.8", "profile_name": "chorus_data_engineer_interview", "target_name": "dev", "connection_name": "list_postgres"} */

    select distinct nspname from pg_namespace
  
[0m18:43:14.932060 [debug] [ThreadPool]: Opening a new connection, currently in state init
[0m18:43:14.986764 [debug] [ThreadPool]: SQL status: SELECT 4 in 0.055 seconds
[0m18:43:14.987900 [debug] [ThreadPool]: On list_postgres: Close
[0m18:43:14.992037 [debug] [ThreadPool]: Re-using an available connection from the pool (formerly list_postgres, now list_postgres_public)
[0m18:43:14.997280 [debug] [ThreadPool]: Using postgres connection "list_postgres_public"
[0m18:43:14.997584 [debug] [ThreadPool]: On list_postgres_public: /* {"app": "dbt", "dbt_version": "1.11.8", "profile_name": "chorus_data_engineer_interview", "target_name": "dev", "connection_name": "list_postgres_public"} */
select
      'postgres' as database,
      tablename as name,
      schemaname as schema,
      'table' as type
    from pg_tables
    where schemaname ilike 'public'
    union all
    select
      'postgres' as database,
      viewname as name,
      schemaname as schema,
      'view' as type
    from pg_views
    where schemaname ilike 'public'
    union all
    select
      'postgres' as database,
      matviewname as name,
      schemaname as schema,
      'materialized_view' as type
    from pg_matviews
    where schemaname ilike 'public'
  
[0m18:43:14.997817 [debug] [ThreadPool]: Opening a new connection, currently in state closed
[0m18:43:15.014228 [debug] [ThreadPool]: SQL status: SELECT 12 in 0.016 seconds
[0m18:43:15.015520 [debug] [ThreadPool]: On list_postgres_public: ROLLBACK
[0m18:43:15.016729 [debug] [ThreadPool]: On list_postgres_public: Close
[0m18:43:15.022120 [debug] [MainThread]: Using postgres connection "master"
[0m18:43:15.022468 [debug] [MainThread]: On master: /* {"app": "dbt", "dbt_version": "1.11.8", "profile_name": "chorus_data_engineer_interview", "target_name": "dev", "connection_name": "master"} */
select distinct
        dependent_namespace.nspname as dependent_schema,
        dependent_class.relname as dependent_name,
        referenced_namespace.nspname as referenced_schema,
        referenced_class.relname as referenced_name

    -- Query for views: views are entries in pg_class with an entry in pg_rewrite, but we avoid
    -- a seq scan on pg_rewrite by leveraging the fact there is an "internal" row in pg_depend for
    -- the view...
    from pg_class as dependent_class
    join pg_namespace as dependent_namespace on dependent_namespace.oid = dependent_class.relnamespace
    join pg_depend as dependent_depend on dependent_depend.refobjid = dependent_class.oid
        and dependent_depend.classid = 'pg_rewrite'::regclass
        and dependent_depend.refclassid = 'pg_class'::regclass
        and dependent_depend.deptype = 'i'

    -- ... and via pg_depend (that has a row per column, hence the need for "distinct" above, and
    -- making sure to exclude the internal row to avoid a view appearing to depend on itself)...
    join pg_depend as joining_depend on joining_depend.objid = dependent_depend.objid
        and joining_depend.classid = 'pg_rewrite'::regclass
        and joining_depend.refclassid = 'pg_class'::regclass
        and joining_depend.refobjid != dependent_depend.refobjid

    -- ... we can find the tables they query from in pg_class, but excluding system tables. Note we
    -- don't need need to exclude _dependent_ system tables, because they only query from other
    -- system tables, and so are automatically excluded by excluding _referenced_ system tables
    join pg_class as referenced_class on referenced_class.oid = joining_depend.refobjid
    join pg_namespace as referenced_namespace on referenced_namespace.oid = referenced_class.relnamespace
        and referenced_namespace.nspname != 'information_schema'
        and referenced_namespace.nspname not like 'pg\_%'

    order by
        dependent_schema, dependent_name, referenced_schema, referenced_name;
[0m18:43:15.022764 [debug] [MainThread]: Opening a new connection, currently in state init
[0m18:43:15.036138 [debug] [MainThread]: SQL status: SELECT 6 in 0.013 seconds
[0m18:43:15.038066 [debug] [MainThread]: Sending event: {'category': 'dbt', 'action': 'runnable_timing', 'label': '680946c4-f9a6-4122-a983-ad3259d672c4', 'context': [<snowplow_tracker.self_describing_json.SelfDescribingJson object at 0x10c5fb290>]}
[0m18:43:15.038414 [debug] [MainThread]: On master: ROLLBACK
[0m18:43:15.039946 [debug] [MainThread]: On master: COMMIT
[0m18:43:15.040221 [debug] [MainThread]: Using postgres connection "master"
[0m18:43:15.040435 [debug] [MainThread]: On master: COMMIT
[0m18:43:15.043142 [debug] [MainThread]: SQL status: COMMIT in 0.002 seconds
[0m18:43:15.043376 [debug] [MainThread]: On master: Close
[0m18:43:15.046956 [debug] [Thread-1 (]: Began running node model.chorus_data_engineer_interview.recent_patient_encounters
[0m18:43:15.047380 [info ] [Thread-1 (]: 1 of 1 START sql view model public.recent_patient_encounters ................... [RUN]
[0m18:43:15.047737 [debug] [Thread-1 (]: Re-using an available connection from the pool (formerly list_postgres_public, now model.chorus_data_engineer_interview.recent_patient_encounters)
[0m18:43:15.048002 [debug] [Thread-1 (]: Began compiling node model.chorus_data_engineer_interview.recent_patient_encounters
[0m18:43:15.055595 [debug] [Thread-1 (]: Writing injected SQL for node "model.chorus_data_engineer_interview.recent_patient_encounters"
[0m18:43:15.056877 [debug] [Thread-1 (]: Began executing node model.chorus_data_engineer_interview.recent_patient_encounters
[0m18:43:15.107341 [debug] [Thread-1 (]: Writing runtime sql for node "model.chorus_data_engineer_interview.recent_patient_encounters"
[0m18:43:15.108302 [debug] [Thread-1 (]: Using postgres connection "model.chorus_data_engineer_interview.recent_patient_encounters"
[0m18:43:15.108622 [debug] [Thread-1 (]: On model.chorus_data_engineer_interview.recent_patient_encounters: /* {"app": "dbt", "dbt_version": "1.11.8", "profile_name": "chorus_data_engineer_interview", "target_name": "dev", "node_id": "model.chorus_data_engineer_interview.recent_patient_encounters"} */

  create view "postgres"."public"."recent_patient_encounters__dbt_tmp"
    
    
  as (
    /*
Retrieve each patient’s most recent encounter (based on encounter_date). Return the patient_id, encounter_date, and status.
*/

WITH ranked_encounters AS (
    SELECT
        patient_id,
        encounter_date,
        status,
        ROW_NUMBER() OVER (PARTITION BY patient_id ORDER BY encounter_date DESC) AS rn
    FROM "postgres"."public"."Encounter"
)
SELECT
    patient_id,
    encounter_date,
    status
FROM ranked_encounters
WHERE rn = 1
  );
[0m18:43:15.108910 [debug] [Thread-1 (]: Opening a new connection, currently in state closed
[0m18:43:15.131512 [debug] [Thread-1 (]: SQL status: CREATE VIEW in 0.022 seconds
[0m18:43:15.138232 [debug] [Thread-1 (]: Using postgres connection "model.chorus_data_engineer_interview.recent_patient_encounters"
[0m18:43:15.138665 [debug] [Thread-1 (]: On model.chorus_data_engineer_interview.recent_patient_encounters: /* {"app": "dbt", "dbt_version": "1.11.8", "profile_name": "chorus_data_engineer_interview", "target_name": "dev", "node_id": "model.chorus_data_engineer_interview.recent_patient_encounters"} */
alter table "postgres"."public"."recent_patient_encounters__dbt_tmp" rename to "recent_patient_encounters"
[0m18:43:15.140664 [debug] [Thread-1 (]: SQL status: ALTER TABLE in 0.002 seconds
[0m18:43:15.154392 [debug] [Thread-1 (]: On model.chorus_data_engineer_interview.recent_patient_encounters: COMMIT
[0m18:43:15.154762 [debug] [Thread-1 (]: Using postgres connection "model.chorus_data_engineer_interview.recent_patient_encounters"
[0m18:43:15.155020 [debug] [Thread-1 (]: On model.chorus_data_engineer_interview.recent_patient_encounters: COMMIT
[0m18:43:15.158194 [debug] [Thread-1 (]: SQL status: COMMIT in 0.003 seconds
[0m18:43:15.163211 [debug] [Thread-1 (]: Applying DROP to: "postgres"."public"."recent_patient_encounters__dbt_backup"
[0m18:43:15.167057 [debug] [Thread-1 (]: Using postgres connection "model.chorus_data_engineer_interview.recent_patient_encounters"
[0m18:43:15.167348 [debug] [Thread-1 (]: On model.chorus_data_engineer_interview.recent_patient_encounters: /* {"app": "dbt", "dbt_version": "1.11.8", "profile_name": "chorus_data_engineer_interview", "target_name": "dev", "node_id": "model.chorus_data_engineer_interview.recent_patient_encounters"} */
drop view if exists "postgres"."public"."recent_patient_encounters__dbt_backup" cascade
[0m18:43:15.169385 [debug] [Thread-1 (]: SQL status: DROP VIEW in 0.002 seconds
[0m18:43:15.171253 [debug] [Thread-1 (]: On model.chorus_data_engineer_interview.recent_patient_encounters: Close
[0m18:43:15.173583 [debug] [Thread-1 (]: Sending event: {'category': 'dbt', 'action': 'run_model', 'label': '680946c4-f9a6-4122-a983-ad3259d672c4', 'context': [<snowplow_tracker.self_describing_json.SelfDescribingJson object at 0x10cd72790>]}
[0m18:43:15.174146 [info ] [Thread-1 (]: 1 of 1 OK created sql view model public.recent_patient_encounters .............. [[32mCREATE VIEW[0m in 0.12s]
[0m18:43:15.174580 [debug] [Thread-1 (]: Finished running node model.chorus_data_engineer_interview.recent_patient_encounters
[0m18:43:15.175755 [debug] [MainThread]: On master: COMMIT
[0m18:43:15.176154 [debug] [MainThread]: Using postgres connection "master"
[0m18:43:15.176473 [debug] [MainThread]: On master: COMMIT
[0m18:43:15.176679 [debug] [MainThread]: Opening a new connection, currently in state closed
[0m18:43:15.187223 [debug] [MainThread]: SQL status: COMMIT in 0.010 seconds
[0m18:43:15.187615 [debug] [MainThread]: On master: Close
[0m18:43:15.187932 [debug] [MainThread]: Connection 'master' was properly closed.
[0m18:43:15.188126 [debug] [MainThread]: Connection 'model.chorus_data_engineer_interview.recent_patient_encounters' was properly closed.
[0m18:43:15.188338 [info ] [MainThread]: 
[0m18:43:15.188549 [info ] [MainThread]: Finished running 1 view model in 0 hours 0 minutes and 0.30 seconds (0.30s).
[0m18:43:15.189023 [debug] [MainThread]: Command end result
[0m18:43:15.219100 [debug] [MainThread]: Wrote artifact WritableManifest to /Users/home/PycharmProjects/chorusinnovations/chorus-data-engineering-interview/dbt/target/manifest.json
[0m18:43:15.220629 [debug] [MainThread]: Wrote artifact SemanticManifest to /Users/home/PycharmProjects/chorusinnovations/chorus-data-engineering-interview/dbt/target/semantic_manifest.json
[0m18:43:15.225271 [debug] [MainThread]: Wrote artifact RunExecutionResult to /Users/home/PycharmProjects/chorusinnovations/chorus-data-engineering-interview/dbt/target/run_results.json
[0m18:43:15.225512 [info ] [MainThread]: 
[0m18:43:15.225788 [info ] [MainThread]: [32mCompleted successfully[0m
[0m18:43:15.225973 [info ] [MainThread]: 
[0m18:43:15.226175 [info ] [MainThread]: Done. PASS=1 WARN=0 ERROR=0 SKIP=0 NO-OP=0 TOTAL=1
[0m18:43:15.230618 [debug] [MainThread]: Resource report: {"command_name": "run", "command_success": true, "command_wall_clock_time": 1.2506428, "process_in_blocks": "0", "process_kernel_time": 0.364952, "process_mem_max_rss": "150355968", "process_out_blocks": "0", "process_user_time": 2.041515}
[0m18:43:15.230952 [debug] [MainThread]: Command `dbt run` succeeded at 18:43:15.230885 after 1.25 seconds
[0m18:43:15.231218 [debug] [MainThread]: Sending event: {'category': 'dbt', 'action': 'invocation', 'label': 'end', 'context': [<snowplow_tracker.self_describing_json.SelfDescribingJson object at 0x102555d50>, <snowplow_tracker.self_describing_json.SelfDescribingJson object at 0x102682410>, <snowplow_tracker.self_describing_json.SelfDescribingJson object at 0x10257b090>]}
[0m18:43:15.231472 [debug] [MainThread]: Flushing usage events
[0m18:43:15.588213 [debug] [MainThread]: An error was encountered while trying to flush usage events
[0m18:43:22.009738 [debug] [MainThread]: Sending event: {'category': 'dbt', 'action': 'invocation', 'label': 'start', 'context': [<snowplow_tracker.self_describing_json.SelfDescribingJson object at 0x10bf81a90>, <snowplow_tracker.self_describing_json.SelfDescribingJson object at 0x10bd0df10>, <snowplow_tracker.self_describing_json.SelfDescribingJson object at 0x10c070a50>]}


============================== 18:43:22.013516 | 512828b7-e5e3-495d-bdf8-778f295accdd ==============================
[0m18:43:22.013516 [info ] [MainThread]: Running with dbt=1.11.8
[0m18:43:22.014002 [debug] [MainThread]: running dbt with arguments {'debug': 'False', 'empty': 'False', 'log_format': 'default', 'static_parser': 'True', 'version_check': 'True', 'use_experimental_parser': 'False', 'fail_fast': 'False', 'cache_selected_only': 'False', 'partial_parse': 'True', 'profiles_dir': '/Users/home/.dbt', 'log_cache_events': 'False', 'warn_error': 'None', 'log_path': '/Users/home/PycharmProjects/chorusinnovations/chorus-data-engineering-interview/dbt/logs', 'use_colors': 'True', 'introspect': 'True', 'printer_width': '80', 'warn_error_options': 'WarnErrorOptionsV2(error=[], warn=[], silence=[])', 'quiet': 'False', 'no_print': 'None', 'indirect_selection': 'eager', 'invocation_command': 'dbt run --select patient_multi_practitioners.sql', 'write_json': 'True', 'target_path': 'None', 'send_anonymous_usage_stats': 'True'}
[0m18:43:22.170046 [debug] [MainThread]: Sending event: {'category': 'dbt', 'action': 'project_id', 'label': '512828b7-e5e3-495d-bdf8-778f295accdd', 'context': [<snowplow_tracker.self_describing_json.SelfDescribingJson object at 0x10c044e50>]}
[0m18:43:22.221858 [debug] [MainThread]: Sending event: {'category': 'dbt', 'action': 'adapter_info', 'label': '512828b7-e5e3-495d-bdf8-778f295accdd', 'context': [<snowplow_tracker.self_describing_json.SelfDescribingJson object at 0x109268610>]}
[0m18:43:22.223258 [info ] [MainThread]: Registered adapter: postgres=1.10.0
[0m18:43:22.313923 [debug] [MainThread]: checksum: 7d524ac048c2100769df89d592e662e060a73ca564e31bd9c2a37efdfe8d8ab6, vars: {}, profile: , target: , version: 1.11.8
[0m18:43:22.436439 [debug] [MainThread]: Partial parsing enabled: 0 files deleted, 0 files added, 0 files changed.
[0m18:43:22.436791 [debug] [MainThread]: Nothing changed, skipping partial parsing.
[0m18:43:22.436997 [debug] [MainThread]: Partial parsing enabled, no changes found, skipping parsing
[0m18:43:22.477425 [debug] [MainThread]: Sending event: {'category': 'dbt', 'action': 'load_project', 'label': '512828b7-e5e3-495d-bdf8-778f295accdd', 'context': [<snowplow_tracker.self_describing_json.SelfDescribingJson object at 0x10cda7c90>]}
[0m18:43:22.594622 [debug] [MainThread]: Wrote artifact WritableManifest to /Users/home/PycharmProjects/chorusinnovations/chorus-data-engineering-interview/dbt/target/manifest.json
[0m18:43:22.596328 [debug] [MainThread]: Wrote artifact SemanticManifest to /Users/home/PycharmProjects/chorusinnovations/chorus-data-engineering-interview/dbt/target/semantic_manifest.json
[0m18:43:22.606608 [debug] [MainThread]: Sending event: {'category': 'dbt', 'action': 'resource_counts', 'label': '512828b7-e5e3-495d-bdf8-778f295accdd', 'context': [<snowplow_tracker.self_describing_json.SelfDescribingJson object at 0x10ccb3e10>]}
[0m18:43:22.607007 [info ] [MainThread]: Found 9 models, 21 data tests, 5 sources, 465 macros
[0m18:43:22.607249 [debug] [MainThread]: Sending event: {'category': 'dbt', 'action': 'runnable_timing', 'label': '512828b7-e5e3-495d-bdf8-778f295accdd', 'context': [<snowplow_tracker.self_describing_json.SelfDescribingJson object at 0x10c6967d0>]}
[0m18:43:22.608827 [info ] [MainThread]: 
[0m18:43:22.609066 [info ] [MainThread]: Concurrency: 4 threads (target='dev')
[0m18:43:22.609249 [info ] [MainThread]: 
[0m18:43:22.609573 [debug] [MainThread]: Acquiring new postgres connection 'master'
[0m18:43:22.610165 [debug] [ThreadPool]: Acquiring new postgres connection 'list_postgres'
[0m18:43:22.655089 [debug] [ThreadPool]: Using postgres connection "list_postgres"
[0m18:43:22.655359 [debug] [ThreadPool]: On list_postgres: /* {"app": "dbt", "dbt_version": "1.11.8", "profile_name": "chorus_data_engineer_interview", "target_name": "dev", "connection_name": "list_postgres"} */

    select distinct nspname from pg_namespace
  
[0m18:43:22.655562 [debug] [ThreadPool]: Opening a new connection, currently in state init
[0m18:43:22.687485 [debug] [ThreadPool]: SQL status: SELECT 4 in 0.032 seconds
[0m18:43:22.688502 [debug] [ThreadPool]: On list_postgres: Close
[0m18:43:22.692333 [debug] [ThreadPool]: Re-using an available connection from the pool (formerly list_postgres, now list_postgres_public)
[0m18:43:22.697035 [debug] [ThreadPool]: Using postgres connection "list_postgres_public"
[0m18:43:22.697303 [debug] [ThreadPool]: On list_postgres_public: /* {"app": "dbt", "dbt_version": "1.11.8", "profile_name": "chorus_data_engineer_interview", "target_name": "dev", "connection_name": "list_postgres_public"} */
select
      'postgres' as database,
      tablename as name,
      schemaname as schema,
      'table' as type
    from pg_tables
    where schemaname ilike 'public'
    union all
    select
      'postgres' as database,
      viewname as name,
      schemaname as schema,
      'view' as type
    from pg_views
    where schemaname ilike 'public'
    union all
    select
      'postgres' as database,
      matviewname as name,
      schemaname as schema,
      'materialized_view' as type
    from pg_matviews
    where schemaname ilike 'public'
  
[0m18:43:22.697526 [debug] [ThreadPool]: Opening a new connection, currently in state closed
[0m18:43:22.712630 [debug] [ThreadPool]: SQL status: SELECT 13 in 0.015 seconds
[0m18:43:22.713766 [debug] [ThreadPool]: On list_postgres_public: ROLLBACK
[0m18:43:22.714927 [debug] [ThreadPool]: On list_postgres_public: Close
[0m18:43:22.719956 [debug] [MainThread]: Using postgres connection "master"
[0m18:43:22.720298 [debug] [MainThread]: On master: /* {"app": "dbt", "dbt_version": "1.11.8", "profile_name": "chorus_data_engineer_interview", "target_name": "dev", "connection_name": "master"} */
select distinct
        dependent_namespace.nspname as dependent_schema,
        dependent_class.relname as dependent_name,
        referenced_namespace.nspname as referenced_schema,
        referenced_class.relname as referenced_name

    -- Query for views: views are entries in pg_class with an entry in pg_rewrite, but we avoid
    -- a seq scan on pg_rewrite by leveraging the fact there is an "internal" row in pg_depend for
    -- the view...
    from pg_class as dependent_class
    join pg_namespace as dependent_namespace on dependent_namespace.oid = dependent_class.relnamespace
    join pg_depend as dependent_depend on dependent_depend.refobjid = dependent_class.oid
        and dependent_depend.classid = 'pg_rewrite'::regclass
        and dependent_depend.refclassid = 'pg_class'::regclass
        and dependent_depend.deptype = 'i'

    -- ... and via pg_depend (that has a row per column, hence the need for "distinct" above, and
    -- making sure to exclude the internal row to avoid a view appearing to depend on itself)...
    join pg_depend as joining_depend on joining_depend.objid = dependent_depend.objid
        and joining_depend.classid = 'pg_rewrite'::regclass
        and joining_depend.refclassid = 'pg_class'::regclass
        and joining_depend.refobjid != dependent_depend.refobjid

    -- ... we can find the tables they query from in pg_class, but excluding system tables. Note we
    -- don't need need to exclude _dependent_ system tables, because they only query from other
    -- system tables, and so are automatically excluded by excluding _referenced_ system tables
    join pg_class as referenced_class on referenced_class.oid = joining_depend.refobjid
    join pg_namespace as referenced_namespace on referenced_namespace.oid = referenced_class.relnamespace
        and referenced_namespace.nspname != 'information_schema'
        and referenced_namespace.nspname not like 'pg\_%'

    order by
        dependent_schema, dependent_name, referenced_schema, referenced_name;
[0m18:43:22.720583 [debug] [MainThread]: Opening a new connection, currently in state init
[0m18:43:22.733456 [debug] [MainThread]: SQL status: SELECT 7 in 0.013 seconds
[0m18:43:22.735403 [debug] [MainThread]: Sending event: {'category': 'dbt', 'action': 'runnable_timing', 'label': '512828b7-e5e3-495d-bdf8-778f295accdd', 'context': [<snowplow_tracker.self_describing_json.SelfDescribingJson object at 0x10cde9850>]}
[0m18:43:22.735724 [debug] [MainThread]: On master: ROLLBACK
[0m18:43:22.736739 [debug] [MainThread]: On master: COMMIT
[0m18:43:22.736989 [debug] [MainThread]: Using postgres connection "master"
[0m18:43:22.737189 [debug] [MainThread]: On master: COMMIT
[0m18:43:22.738973 [debug] [MainThread]: SQL status: COMMIT in 0.002 seconds
[0m18:43:22.739178 [debug] [MainThread]: On master: Close
[0m18:43:22.743912 [debug] [Thread-1 (]: Began running node model.chorus_data_engineer_interview.patient_multi_practitioners
[0m18:43:22.744309 [info ] [Thread-1 (]: 1 of 1 START sql view model public.patient_multi_practitioners ................. [RUN]
[0m18:43:22.744638 [debug] [Thread-1 (]: Re-using an available connection from the pool (formerly list_postgres_public, now model.chorus_data_engineer_interview.patient_multi_practitioners)
[0m18:43:22.744888 [debug] [Thread-1 (]: Began compiling node model.chorus_data_engineer_interview.patient_multi_practitioners
[0m18:43:22.750761 [debug] [Thread-1 (]: Writing injected SQL for node "model.chorus_data_engineer_interview.patient_multi_practitioners"
[0m18:43:22.751535 [debug] [Thread-1 (]: Began executing node model.chorus_data_engineer_interview.patient_multi_practitioners
[0m18:43:22.779671 [debug] [Thread-1 (]: Writing runtime sql for node "model.chorus_data_engineer_interview.patient_multi_practitioners"
[0m18:43:22.780247 [debug] [Thread-1 (]: Using postgres connection "model.chorus_data_engineer_interview.patient_multi_practitioners"
[0m18:43:22.780547 [debug] [Thread-1 (]: On model.chorus_data_engineer_interview.patient_multi_practitioners: /* {"app": "dbt", "dbt_version": "1.11.8", "profile_name": "chorus_data_engineer_interview", "target_name": "dev", "node_id": "model.chorus_data_engineer_interview.patient_multi_practitioners"} */

  create view "postgres"."public"."patient_multi_practitioners__dbt_tmp"
    
    
  as (
    /*
Write a query to return a list of patient IDs who have had encounters with more than one distinct practitioner.
 */

WITH practitioner_counts AS (
    SELECT
        patient_id,
        COUNT(DISTINCT practitioner_id) AS distinct_practitioners
    FROM "postgres"."public"."Encounter"
    GROUP BY patient_id
)
SELECT
    patient_id
FROM practitioner_counts
WHERE distinct_practitioners > 1
  );
[0m18:43:22.780821 [debug] [Thread-1 (]: Opening a new connection, currently in state closed
[0m18:43:22.791726 [debug] [Thread-1 (]: SQL status: CREATE VIEW in 0.011 seconds
[0m18:43:22.796645 [debug] [Thread-1 (]: Using postgres connection "model.chorus_data_engineer_interview.patient_multi_practitioners"
[0m18:43:22.796938 [debug] [Thread-1 (]: On model.chorus_data_engineer_interview.patient_multi_practitioners: /* {"app": "dbt", "dbt_version": "1.11.8", "profile_name": "chorus_data_engineer_interview", "target_name": "dev", "node_id": "model.chorus_data_engineer_interview.patient_multi_practitioners"} */
alter table "postgres"."public"."patient_multi_practitioners__dbt_tmp" rename to "patient_multi_practitioners"
[0m18:43:22.798541 [debug] [Thread-1 (]: SQL status: ALTER TABLE in 0.001 seconds
[0m18:43:22.811609 [debug] [Thread-1 (]: On model.chorus_data_engineer_interview.patient_multi_practitioners: COMMIT
[0m18:43:22.811895 [debug] [Thread-1 (]: Using postgres connection "model.chorus_data_engineer_interview.patient_multi_practitioners"
[0m18:43:22.812135 [debug] [Thread-1 (]: On model.chorus_data_engineer_interview.patient_multi_practitioners: COMMIT
[0m18:43:22.814025 [debug] [Thread-1 (]: SQL status: COMMIT in 0.002 seconds
[0m18:43:22.819221 [debug] [Thread-1 (]: Applying DROP to: "postgres"."public"."patient_multi_practitioners__dbt_backup"
[0m18:43:22.823486 [debug] [Thread-1 (]: Using postgres connection "model.chorus_data_engineer_interview.patient_multi_practitioners"
[0m18:43:22.823786 [debug] [Thread-1 (]: On model.chorus_data_engineer_interview.patient_multi_practitioners: /* {"app": "dbt", "dbt_version": "1.11.8", "profile_name": "chorus_data_engineer_interview", "target_name": "dev", "node_id": "model.chorus_data_engineer_interview.patient_multi_practitioners"} */
drop view if exists "postgres"."public"."patient_multi_practitioners__dbt_backup" cascade
[0m18:43:22.825247 [debug] [Thread-1 (]: SQL status: DROP VIEW in 0.001 seconds
[0m18:43:22.827051 [debug] [Thread-1 (]: On model.chorus_data_engineer_interview.patient_multi_practitioners: Close
[0m18:43:22.828509 [debug] [Thread-1 (]: Sending event: {'category': 'dbt', 'action': 'run_model', 'label': '512828b7-e5e3-495d-bdf8-778f295accdd', 'context': [<snowplow_tracker.self_describing_json.SelfDescribingJson object at 0x10bc27850>]}
[0m18:43:22.828998 [info ] [Thread-1 (]: 1 of 1 OK created sql view model public.patient_multi_practitioners ............ [[32mCREATE VIEW[0m in 0.08s]
[0m18:43:22.829404 [debug] [Thread-1 (]: Finished running node model.chorus_data_engineer_interview.patient_multi_practitioners
[0m18:43:22.830244 [debug] [MainThread]: On master: COMMIT
[0m18:43:22.830483 [debug] [MainThread]: Using postgres connection "master"
[0m18:43:22.830678 [debug] [MainThread]: On master: COMMIT
[0m18:43:22.830853 [debug] [MainThread]: Opening a new connection, currently in state closed
[0m18:43:22.837967 [debug] [MainThread]: SQL status: COMMIT in 0.007 seconds
[0m18:43:22.838223 [debug] [MainThread]: On master: Close
[0m18:43:22.838497 [debug] [MainThread]: Connection 'master' was properly closed.
[0m18:43:22.838755 [debug] [MainThread]: Connection 'model.chorus_data_engineer_interview.patient_multi_practitioners' was properly closed.
[0m18:43:22.839001 [info ] [MainThread]: 
[0m18:43:22.839231 [info ] [MainThread]: Finished running 1 view model in 0 hours 0 minutes and 0.23 seconds (0.23s).
[0m18:43:22.839695 [debug] [MainThread]: Command end result
[0m18:43:22.867594 [debug] [MainThread]: Wrote artifact WritableManifest to /Users/home/PycharmProjects/chorusinnovations/chorus-data-engineering-interview/dbt/target/manifest.json
[0m18:43:22.868977 [debug] [MainThread]: Wrote artifact SemanticManifest to /Users/home/PycharmProjects/chorusinnovations/chorus-data-engineering-interview/dbt/target/semantic_manifest.json
[0m18:43:22.873618 [debug] [MainThread]: Wrote artifact RunExecutionResult to /Users/home/PycharmProjects/chorusinnovations/chorus-data-engineering-interview/dbt/target/run_results.json
[0m18:43:22.873840 [info ] [MainThread]: 
[0m18:43:22.874111 [info ] [MainThread]: [32mCompleted successfully[0m
[0m18:43:22.874304 [info ] [MainThread]: 
[0m18:43:22.874512 [info ] [MainThread]: Done. PASS=1 WARN=0 ERROR=0 SKIP=0 NO-OP=0 TOTAL=1
[0m18:43:22.877469 [debug] [MainThread]: Resource report: {"command_name": "run", "command_success": true, "command_wall_clock_time": 0.92985106, "process_in_blocks": "0", "process_kernel_time": 0.309662, "process_mem_max_rss": "146784256", "process_out_blocks": "0", "process_user_time": 1.827372}
[0m18:43:22.877819 [debug] [MainThread]: Command `dbt run` succeeded at 18:43:22.877748 after 0.93 seconds
[0m18:43:22.878082 [debug] [MainThread]: Sending event: {'category': 'dbt', 'action': 'invocation', 'label': 'end', 'context': [<snowplow_tracker.self_describing_json.SelfDescribingJson object at 0x10bf765d0>, <snowplow_tracker.self_describing_json.SelfDescribingJson object at 0x10c070890>, <snowplow_tracker.self_describing_json.SelfDescribingJson object at 0x10b924e10>]}
[0m18:43:22.878330 [debug] [MainThread]: Flushing usage events
[0m18:43:23.257847 [debug] [MainThread]: An error was encountered while trying to flush usage events
[0m18:49:42.894475 [debug] [MainThread]: Sending event: {'category': 'dbt', 'action': 'invocation', 'label': 'start', 'context': [<snowplow_tracker.self_describing_json.SelfDescribingJson object at 0x10e1971d0>, <snowplow_tracker.self_describing_json.SelfDescribingJson object at 0x10dfec290>, <snowplow_tracker.self_describing_json.SelfDescribingJson object at 0x10e1b4f10>]}


============================== 18:49:42.898458 | 486f903a-4b59-498f-9d4a-8d9f4dc292f7 ==============================
[0m18:49:42.898458 [info ] [MainThread]: Running with dbt=1.11.8
[0m18:49:42.898931 [debug] [MainThread]: running dbt with arguments {'log_format': 'default', 'fail_fast': 'False', 'log_path': '/Users/home/PycharmProjects/chorusinnovations/chorus-data-engineering-interview/dbt/logs', 'log_cache_events': 'False', 'use_colors': 'True', 'send_anonymous_usage_stats': 'True', 'debug': 'False', 'partial_parse': 'True', 'version_check': 'True', 'static_parser': 'True', 'printer_width': '80', 'target_path': 'None', 'warn_error_options': 'WarnErrorOptionsV2(error=[], warn=[], silence=[])', 'no_print': 'None', 'quiet': 'False', 'profiles_dir': '/Users/home/.dbt', 'invocation_command': 'dbt run --select practictioner_no_prescriptions.sql', 'cache_selected_only': 'False', 'empty': 'False', 'indirect_selection': 'eager', 'introspect': 'True', 'write_json': 'True', 'use_experimental_parser': 'False', 'warn_error': 'None'}
[0m18:49:43.102713 [debug] [MainThread]: Sending event: {'category': 'dbt', 'action': 'project_id', 'label': '486f903a-4b59-498f-9d4a-8d9f4dc292f7', 'context': [<snowplow_tracker.self_describing_json.SelfDescribingJson object at 0x10d3e4350>]}
[0m18:49:43.154353 [debug] [MainThread]: Sending event: {'category': 'dbt', 'action': 'adapter_info', 'label': '486f903a-4b59-498f-9d4a-8d9f4dc292f7', 'context': [<snowplow_tracker.self_describing_json.SelfDescribingJson object at 0x10b38ca90>]}
[0m18:49:43.156968 [info ] [MainThread]: Registered adapter: postgres=1.10.0
[0m18:49:43.247218 [debug] [MainThread]: checksum: 7d524ac048c2100769df89d592e662e060a73ca564e31bd9c2a37efdfe8d8ab6, vars: {}, profile: , target: , version: 1.11.8
[0m18:49:43.375055 [debug] [MainThread]: Partial parsing enabled: 0 files deleted, 3 files added, 0 files changed.
[0m18:49:43.375552 [debug] [MainThread]: Partial parsing: added file: chorus_data_engineer_interview://models/staging/stg_medicationrequests.sql
[0m18:49:43.375806 [debug] [MainThread]: Partial parsing: added file: chorus_data_engineer_interview://models/02_intermediate/practictioner_no_prescriptions.sql
[0m18:49:43.376028 [debug] [MainThread]: Partial parsing: added file: chorus_data_engineer_interview://models/02_intermediate/top_3_prescriptions.sql
[0m18:49:43.652911 [debug] [MainThread]: Sending event: {'category': 'dbt', 'action': 'load_project', 'label': '486f903a-4b59-498f-9d4a-8d9f4dc292f7', 'context': [<snowplow_tracker.self_describing_json.SelfDescribingJson object at 0x10ee1f690>]}
[0m18:49:43.735295 [debug] [MainThread]: Wrote artifact WritableManifest to /Users/home/PycharmProjects/chorusinnovations/chorus-data-engineering-interview/dbt/target/manifest.json
[0m18:49:43.737720 [debug] [MainThread]: Wrote artifact SemanticManifest to /Users/home/PycharmProjects/chorusinnovations/chorus-data-engineering-interview/dbt/target/semantic_manifest.json
[0m18:49:43.748070 [debug] [MainThread]: Sending event: {'category': 'dbt', 'action': 'resource_counts', 'label': '486f903a-4b59-498f-9d4a-8d9f4dc292f7', 'context': [<snowplow_tracker.self_describing_json.SelfDescribingJson object at 0x10e17cfd0>]}
[0m18:49:43.748440 [info ] [MainThread]: Found 12 models, 21 data tests, 5 sources, 465 macros
[0m18:49:43.748680 [debug] [MainThread]: Sending event: {'category': 'dbt', 'action': 'runnable_timing', 'label': '486f903a-4b59-498f-9d4a-8d9f4dc292f7', 'context': [<snowplow_tracker.self_describing_json.SelfDescribingJson object at 0x10e793090>]}
[0m18:49:43.750281 [info ] [MainThread]: 
[0m18:49:43.750520 [info ] [MainThread]: Concurrency: 4 threads (target='dev')
[0m18:49:43.750703 [info ] [MainThread]: 
[0m18:49:43.751006 [debug] [MainThread]: Acquiring new postgres connection 'master'
[0m18:49:43.751642 [debug] [ThreadPool]: Acquiring new postgres connection 'list_postgres'
[0m18:49:43.796529 [debug] [ThreadPool]: Using postgres connection "list_postgres"
[0m18:49:43.796783 [debug] [ThreadPool]: On list_postgres: /* {"app": "dbt", "dbt_version": "1.11.8", "profile_name": "chorus_data_engineer_interview", "target_name": "dev", "connection_name": "list_postgres"} */

    select distinct nspname from pg_namespace
  
[0m18:49:43.796976 [debug] [ThreadPool]: Opening a new connection, currently in state init
[0m18:49:43.835118 [debug] [ThreadPool]: SQL status: SELECT 4 in 0.038 seconds
[0m18:49:43.836159 [debug] [ThreadPool]: On list_postgres: Close
[0m18:49:43.840079 [debug] [ThreadPool]: Re-using an available connection from the pool (formerly list_postgres, now list_postgres_public)
[0m18:49:43.844760 [debug] [ThreadPool]: Using postgres connection "list_postgres_public"
[0m18:49:43.845024 [debug] [ThreadPool]: On list_postgres_public: /* {"app": "dbt", "dbt_version": "1.11.8", "profile_name": "chorus_data_engineer_interview", "target_name": "dev", "connection_name": "list_postgres_public"} */
select
      'postgres' as database,
      tablename as name,
      schemaname as schema,
      'table' as type
    from pg_tables
    where schemaname ilike 'public'
    union all
    select
      'postgres' as database,
      viewname as name,
      schemaname as schema,
      'view' as type
    from pg_views
    where schemaname ilike 'public'
    union all
    select
      'postgres' as database,
      matviewname as name,
      schemaname as schema,
      'materialized_view' as type
    from pg_matviews
    where schemaname ilike 'public'
  
[0m18:49:43.845243 [debug] [ThreadPool]: Opening a new connection, currently in state closed
[0m18:49:43.862792 [debug] [ThreadPool]: SQL status: SELECT 14 in 0.018 seconds
[0m18:49:43.863984 [debug] [ThreadPool]: On list_postgres_public: ROLLBACK
[0m18:49:43.865108 [debug] [ThreadPool]: On list_postgres_public: Close
[0m18:49:43.870655 [debug] [MainThread]: Using postgres connection "master"
[0m18:49:43.870993 [debug] [MainThread]: On master: /* {"app": "dbt", "dbt_version": "1.11.8", "profile_name": "chorus_data_engineer_interview", "target_name": "dev", "connection_name": "master"} */
select distinct
        dependent_namespace.nspname as dependent_schema,
        dependent_class.relname as dependent_name,
        referenced_namespace.nspname as referenced_schema,
        referenced_class.relname as referenced_name

    -- Query for views: views are entries in pg_class with an entry in pg_rewrite, but we avoid
    -- a seq scan on pg_rewrite by leveraging the fact there is an "internal" row in pg_depend for
    -- the view...
    from pg_class as dependent_class
    join pg_namespace as dependent_namespace on dependent_namespace.oid = dependent_class.relnamespace
    join pg_depend as dependent_depend on dependent_depend.refobjid = dependent_class.oid
        and dependent_depend.classid = 'pg_rewrite'::regclass
        and dependent_depend.refclassid = 'pg_class'::regclass
        and dependent_depend.deptype = 'i'

    -- ... and via pg_depend (that has a row per column, hence the need for "distinct" above, and
    -- making sure to exclude the internal row to avoid a view appearing to depend on itself)...
    join pg_depend as joining_depend on joining_depend.objid = dependent_depend.objid
        and joining_depend.classid = 'pg_rewrite'::regclass
        and joining_depend.refclassid = 'pg_class'::regclass
        and joining_depend.refobjid != dependent_depend.refobjid

    -- ... we can find the tables they query from in pg_class, but excluding system tables. Note we
    -- don't need need to exclude _dependent_ system tables, because they only query from other
    -- system tables, and so are automatically excluded by excluding _referenced_ system tables
    join pg_class as referenced_class on referenced_class.oid = joining_depend.refobjid
    join pg_namespace as referenced_namespace on referenced_namespace.oid = referenced_class.relnamespace
        and referenced_namespace.nspname != 'information_schema'
        and referenced_namespace.nspname not like 'pg\_%'

    order by
        dependent_schema, dependent_name, referenced_schema, referenced_name;
[0m18:49:43.871278 [debug] [MainThread]: Opening a new connection, currently in state init
[0m18:49:43.885645 [debug] [MainThread]: SQL status: SELECT 8 in 0.014 seconds
[0m18:49:43.887626 [debug] [MainThread]: Sending event: {'category': 'dbt', 'action': 'runnable_timing', 'label': '486f903a-4b59-498f-9d4a-8d9f4dc292f7', 'context': [<snowplow_tracker.self_describing_json.SelfDescribingJson object at 0x10f4e5610>]}
[0m18:49:43.887957 [debug] [MainThread]: On master: ROLLBACK
[0m18:49:43.889031 [debug] [MainThread]: On master: COMMIT
[0m18:49:43.889299 [debug] [MainThread]: Using postgres connection "master"
[0m18:49:43.889503 [debug] [MainThread]: On master: COMMIT
[0m18:49:43.891249 [debug] [MainThread]: SQL status: COMMIT in 0.002 seconds
[0m18:49:43.891459 [debug] [MainThread]: On master: Close
[0m18:49:43.894397 [debug] [Thread-1 (]: Began running node model.chorus_data_engineer_interview.practictioner_no_prescriptions
[0m18:49:43.894767 [info ] [Thread-1 (]: 1 of 1 START sql view model public.practictioner_no_prescriptions .............. [RUN]
[0m18:49:43.895074 [debug] [Thread-1 (]: Re-using an available connection from the pool (formerly list_postgres_public, now model.chorus_data_engineer_interview.practictioner_no_prescriptions)
[0m18:49:43.895315 [debug] [Thread-1 (]: Began compiling node model.chorus_data_engineer_interview.practictioner_no_prescriptions
[0m18:49:43.901468 [debug] [Thread-1 (]: Writing injected SQL for node "model.chorus_data_engineer_interview.practictioner_no_prescriptions"
[0m18:49:43.902379 [debug] [Thread-1 (]: Began executing node model.chorus_data_engineer_interview.practictioner_no_prescriptions
[0m18:49:43.930750 [debug] [Thread-1 (]: Writing runtime sql for node "model.chorus_data_engineer_interview.practictioner_no_prescriptions"
[0m18:49:43.931657 [debug] [Thread-1 (]: Using postgres connection "model.chorus_data_engineer_interview.practictioner_no_prescriptions"
[0m18:49:43.931970 [debug] [Thread-1 (]: On model.chorus_data_engineer_interview.practictioner_no_prescriptions: /* {"app": "dbt", "dbt_version": "1.11.8", "profile_name": "chorus_data_engineer_interview", "target_name": "dev", "node_id": "model.chorus_data_engineer_interview.practictioner_no_prescriptions"} */

  create view "postgres"."public"."practictioner_no_prescriptions__dbt_tmp"
    
    
  as (
    /*
 Write a query to find all practitioners who do not appear in the MedicationRequest table as a prescribing practitioner.
 */

WITH prescribing_practitioners AS (
    SELECT DISTINCT practitioner_id
    FROM "postgres"."public"."MedicationRequest"
)

SELECT
    practitioner_id,
    name,
    specialty
FROM "postgres"."public"."Practitioner"
WHERE id NOT IN (SELECT practitioner_id FROM prescribing_practitioners)
  );
[0m18:49:43.932238 [debug] [Thread-1 (]: Opening a new connection, currently in state closed
[0m18:49:43.940870 [debug] [Thread-1 (]: Postgres adapter: Postgres error: column "practitioner_id" does not exist
LINE 17:     practitioner_id,
             ^

[0m18:49:43.941205 [debug] [Thread-1 (]: On model.chorus_data_engineer_interview.practictioner_no_prescriptions: ROLLBACK
[0m18:49:43.942495 [debug] [Thread-1 (]: On model.chorus_data_engineer_interview.practictioner_no_prescriptions: Close
[0m18:49:43.949220 [debug] [Thread-1 (]: Database Error in model practictioner_no_prescriptions (models/02_intermediate/practictioner_no_prescriptions.sql)
  column "practitioner_id" does not exist
  LINE 17:     practitioner_id,
               ^
  compiled code at target/run/chorus_data_engineer_interview/models/02_intermediate/practictioner_no_prescriptions.sql
[0m18:49:43.950723 [debug] [Thread-1 (]: Sending event: {'category': 'dbt', 'action': 'run_model', 'label': '486f903a-4b59-498f-9d4a-8d9f4dc292f7', 'context': [<snowplow_tracker.self_describing_json.SelfDescribingJson object at 0x10ef4e5d0>]}
[0m18:49:43.951308 [error] [Thread-1 (]: 1 of 1 ERROR creating sql view model public.practictioner_no_prescriptions ..... [[31mERROR[0m in 0.05s]
[0m18:49:43.951745 [debug] [Thread-1 (]: Finished running node model.chorus_data_engineer_interview.practictioner_no_prescriptions
[0m18:49:43.952133 [debug] [Thread-7 (]: Marking all children of 'model.chorus_data_engineer_interview.practictioner_no_prescriptions' to be skipped because of status 'error'.  Reason: Database Error in model practictioner_no_prescriptions (models/02_intermediate/practictioner_no_prescriptions.sql)
  column "practitioner_id" does not exist
  LINE 17:     practitioner_id,
               ^
  compiled code at target/run/chorus_data_engineer_interview/models/02_intermediate/practictioner_no_prescriptions.sql.
[0m18:49:43.953626 [debug] [MainThread]: On master: COMMIT
[0m18:49:43.953893 [debug] [MainThread]: Using postgres connection "master"
[0m18:49:43.954158 [debug] [MainThread]: On master: COMMIT
[0m18:49:43.954375 [debug] [MainThread]: Opening a new connection, currently in state closed
[0m18:49:43.965019 [debug] [MainThread]: SQL status: COMMIT in 0.011 seconds
[0m18:49:43.965331 [debug] [MainThread]: On master: Close
[0m18:49:43.965642 [debug] [MainThread]: Connection 'master' was properly closed.
[0m18:49:43.965832 [debug] [MainThread]: Connection 'model.chorus_data_engineer_interview.practictioner_no_prescriptions' was properly closed.
[0m18:49:43.966035 [info ] [MainThread]: 
[0m18:49:43.966242 [info ] [MainThread]: Finished running 1 view model in 0 hours 0 minutes and 0.22 seconds (0.22s).
[0m18:49:43.966700 [debug] [MainThread]: Command end result
[0m18:49:43.995240 [debug] [MainThread]: Wrote artifact WritableManifest to /Users/home/PycharmProjects/chorusinnovations/chorus-data-engineering-interview/dbt/target/manifest.json
[0m18:49:43.996978 [debug] [MainThread]: Wrote artifact SemanticManifest to /Users/home/PycharmProjects/chorusinnovations/chorus-data-engineering-interview/dbt/target/semantic_manifest.json
[0m18:49:44.001776 [debug] [MainThread]: Wrote artifact RunExecutionResult to /Users/home/PycharmProjects/chorusinnovations/chorus-data-engineering-interview/dbt/target/run_results.json
[0m18:49:44.002006 [info ] [MainThread]: 
[0m18:49:44.002268 [info ] [MainThread]: [31mCompleted with 1 error, 0 partial successes, and 0 warnings:[0m
[0m18:49:44.002471 [info ] [MainThread]: 
[0m18:49:44.002725 [error] [MainThread]: [31mFailure in model practictioner_no_prescriptions (models/02_intermediate/practictioner_no_prescriptions.sql)[0m
[0m18:49:44.002975 [error] [MainThread]:   Database Error in model practictioner_no_prescriptions (models/02_intermediate/practictioner_no_prescriptions.sql)
  column "practitioner_id" does not exist
  LINE 17:     practitioner_id,
               ^
  compiled code at target/run/chorus_data_engineer_interview/models/02_intermediate/practictioner_no_prescriptions.sql
[0m18:49:44.003157 [info ] [MainThread]: 
[0m18:49:44.003377 [info ] [MainThread]:   compiled code at target/compiled/chorus_data_engineer_interview/models/02_intermediate/practictioner_no_prescriptions.sql
[0m18:49:44.003550 [info ] [MainThread]: 
[0m18:49:44.003748 [info ] [MainThread]: Done. PASS=0 WARN=0 ERROR=1 SKIP=0 NO-OP=0 TOTAL=1
[0m18:49:44.007070 [debug] [MainThread]: Resource report: {"command_name": "run", "command_success": false, "command_wall_clock_time": 1.1800399, "process_in_blocks": "0", "process_kernel_time": 0.355064, "process_mem_max_rss": "150323200", "process_out_blocks": "0", "process_user_time": 2.004634}
[0m18:49:44.007382 [debug] [MainThread]: Command `dbt run` failed at 18:49:44.007319 after 1.18 seconds
[0m18:49:44.007635 [debug] [MainThread]: Sending event: {'category': 'dbt', 'action': 'invocation', 'label': 'end', 'context': [<snowplow_tracker.self_describing_json.SelfDescribingJson object at 0x10e1b4690>, <snowplow_tracker.self_describing_json.SelfDescribingJson object at 0x10e799cd0>, <snowplow_tracker.self_describing_json.SelfDescribingJson object at 0x10de5dd90>]}
[0m18:49:44.007878 [debug] [MainThread]: Flushing usage events
[0m18:49:44.443724 [debug] [MainThread]: An error was encountered while trying to flush usage events
[0m18:50:37.405260 [debug] [MainThread]: Sending event: {'category': 'dbt', 'action': 'invocation', 'label': 'start', 'context': [<snowplow_tracker.self_describing_json.SelfDescribingJson object at 0x10bcf31d0>, <snowplow_tracker.self_describing_json.SelfDescribingJson object at 0x10bd1c790>, <snowplow_tracker.self_describing_json.SelfDescribingJson object at 0x10bd1cb90>]}


============================== 18:50:37.409218 | 0c53be20-07ea-404a-90b2-cd62247f4cad ==============================
[0m18:50:37.409218 [info ] [MainThread]: Running with dbt=1.11.8
[0m18:50:37.409690 [debug] [MainThread]: running dbt with arguments {'warn_error_options': 'WarnErrorOptionsV2(error=[], warn=[], silence=[])', 'cache_selected_only': 'False', 'introspect': 'True', 'version_check': 'True', 'no_print': 'None', 'log_path': '/Users/home/PycharmProjects/chorusinnovations/chorus-data-engineering-interview/dbt/logs', 'printer_width': '80', 'fail_fast': 'False', 'write_json': 'True', 'log_cache_events': 'False', 'empty': 'False', 'send_anonymous_usage_stats': 'True', 'indirect_selection': 'eager', 'invocation_command': 'dbt run --select practictioner_no_prescriptions.sql', 'use_experimental_parser': 'False', 'warn_error': 'None', 'profiles_dir': '/Users/home/.dbt', 'quiet': 'False', 'partial_parse': 'True', 'debug': 'False', 'use_colors': 'True', 'target_path': 'None', 'static_parser': 'True', 'log_format': 'default'}
[0m18:50:37.616040 [debug] [MainThread]: Sending event: {'category': 'dbt', 'action': 'project_id', 'label': '0c53be20-07ea-404a-90b2-cd62247f4cad', 'context': [<snowplow_tracker.self_describing_json.SelfDescribingJson object at 0x10bc2e790>]}
[0m18:50:37.669975 [debug] [MainThread]: Sending event: {'category': 'dbt', 'action': 'adapter_info', 'label': '0c53be20-07ea-404a-90b2-cd62247f4cad', 'context': [<snowplow_tracker.self_describing_json.SelfDescribingJson object at 0x108f14550>]}
[0m18:50:37.671376 [info ] [MainThread]: Registered adapter: postgres=1.10.0
[0m18:50:37.762311 [debug] [MainThread]: checksum: 7d524ac048c2100769df89d592e662e060a73ca564e31bd9c2a37efdfe8d8ab6, vars: {}, profile: , target: , version: 1.11.8
[0m18:50:37.889162 [debug] [MainThread]: Partial parsing enabled: 0 files deleted, 0 files added, 1 files changed.
[0m18:50:37.889726 [debug] [MainThread]: Partial parsing: updated file: chorus_data_engineer_interview://models/02_intermediate/practictioner_no_prescriptions.sql
[0m18:50:38.149747 [debug] [MainThread]: Sending event: {'category': 'dbt', 'action': 'load_project', 'label': '0c53be20-07ea-404a-90b2-cd62247f4cad', 'context': [<snowplow_tracker.self_describing_json.SelfDescribingJson object at 0x10c965710>]}
[0m18:50:38.230432 [debug] [MainThread]: Wrote artifact WritableManifest to /Users/home/PycharmProjects/chorusinnovations/chorus-data-engineering-interview/dbt/target/manifest.json
[0m18:50:38.232301 [debug] [MainThread]: Wrote artifact SemanticManifest to /Users/home/PycharmProjects/chorusinnovations/chorus-data-engineering-interview/dbt/target/semantic_manifest.json
[0m18:50:38.242763 [debug] [MainThread]: Sending event: {'category': 'dbt', 'action': 'resource_counts', 'label': '0c53be20-07ea-404a-90b2-cd62247f4cad', 'context': [<snowplow_tracker.self_describing_json.SelfDescribingJson object at 0x10cbd3fd0>]}
[0m18:50:38.243144 [info ] [MainThread]: Found 12 models, 21 data tests, 5 sources, 465 macros
[0m18:50:38.243383 [debug] [MainThread]: Sending event: {'category': 'dbt', 'action': 'runnable_timing', 'label': '0c53be20-07ea-404a-90b2-cd62247f4cad', 'context': [<snowplow_tracker.self_describing_json.SelfDescribingJson object at 0x10c9ca210>]}
[0m18:50:38.244971 [info ] [MainThread]: 
[0m18:50:38.245208 [info ] [MainThread]: Concurrency: 4 threads (target='dev')
[0m18:50:38.245385 [info ] [MainThread]: 
[0m18:50:38.245702 [debug] [MainThread]: Acquiring new postgres connection 'master'
[0m18:50:38.246262 [debug] [ThreadPool]: Acquiring new postgres connection 'list_postgres'
[0m18:50:38.291529 [debug] [ThreadPool]: Using postgres connection "list_postgres"
[0m18:50:38.291781 [debug] [ThreadPool]: On list_postgres: /* {"app": "dbt", "dbt_version": "1.11.8", "profile_name": "chorus_data_engineer_interview", "target_name": "dev", "connection_name": "list_postgres"} */

    select distinct nspname from pg_namespace
  
[0m18:50:38.291979 [debug] [ThreadPool]: Opening a new connection, currently in state init
[0m18:50:38.330489 [debug] [ThreadPool]: SQL status: SELECT 4 in 0.038 seconds
[0m18:50:38.331507 [debug] [ThreadPool]: On list_postgres: Close
[0m18:50:38.335390 [debug] [ThreadPool]: Re-using an available connection from the pool (formerly list_postgres, now list_postgres_public)
[0m18:50:38.339964 [debug] [ThreadPool]: Using postgres connection "list_postgres_public"
[0m18:50:38.340220 [debug] [ThreadPool]: On list_postgres_public: /* {"app": "dbt", "dbt_version": "1.11.8", "profile_name": "chorus_data_engineer_interview", "target_name": "dev", "connection_name": "list_postgres_public"} */
select
      'postgres' as database,
      tablename as name,
      schemaname as schema,
      'table' as type
    from pg_tables
    where schemaname ilike 'public'
    union all
    select
      'postgres' as database,
      viewname as name,
      schemaname as schema,
      'view' as type
    from pg_views
    where schemaname ilike 'public'
    union all
    select
      'postgres' as database,
      matviewname as name,
      schemaname as schema,
      'materialized_view' as type
    from pg_matviews
    where schemaname ilike 'public'
  
[0m18:50:38.340437 [debug] [ThreadPool]: Opening a new connection, currently in state closed
[0m18:50:38.355301 [debug] [ThreadPool]: SQL status: SELECT 14 in 0.015 seconds
[0m18:50:38.356470 [debug] [ThreadPool]: On list_postgres_public: ROLLBACK
[0m18:50:38.357697 [debug] [ThreadPool]: On list_postgres_public: Close
[0m18:50:38.362945 [debug] [MainThread]: Using postgres connection "master"
[0m18:50:38.363262 [debug] [MainThread]: On master: /* {"app": "dbt", "dbt_version": "1.11.8", "profile_name": "chorus_data_engineer_interview", "target_name": "dev", "connection_name": "master"} */
select distinct
        dependent_namespace.nspname as dependent_schema,
        dependent_class.relname as dependent_name,
        referenced_namespace.nspname as referenced_schema,
        referenced_class.relname as referenced_name

    -- Query for views: views are entries in pg_class with an entry in pg_rewrite, but we avoid
    -- a seq scan on pg_rewrite by leveraging the fact there is an "internal" row in pg_depend for
    -- the view...
    from pg_class as dependent_class
    join pg_namespace as dependent_namespace on dependent_namespace.oid = dependent_class.relnamespace
    join pg_depend as dependent_depend on dependent_depend.refobjid = dependent_class.oid
        and dependent_depend.classid = 'pg_rewrite'::regclass
        and dependent_depend.refclassid = 'pg_class'::regclass
        and dependent_depend.deptype = 'i'

    -- ... and via pg_depend (that has a row per column, hence the need for "distinct" above, and
    -- making sure to exclude the internal row to avoid a view appearing to depend on itself)...
    join pg_depend as joining_depend on joining_depend.objid = dependent_depend.objid
        and joining_depend.classid = 'pg_rewrite'::regclass
        and joining_depend.refclassid = 'pg_class'::regclass
        and joining_depend.refobjid != dependent_depend.refobjid

    -- ... we can find the tables they query from in pg_class, but excluding system tables. Note we
    -- don't need need to exclude _dependent_ system tables, because they only query from other
    -- system tables, and so are automatically excluded by excluding _referenced_ system tables
    join pg_class as referenced_class on referenced_class.oid = joining_depend.refobjid
    join pg_namespace as referenced_namespace on referenced_namespace.oid = referenced_class.relnamespace
        and referenced_namespace.nspname != 'information_schema'
        and referenced_namespace.nspname not like 'pg\_%'

    order by
        dependent_schema, dependent_name, referenced_schema, referenced_name;
[0m18:50:38.363539 [debug] [MainThread]: Opening a new connection, currently in state init
[0m18:50:38.377585 [debug] [MainThread]: SQL status: SELECT 8 in 0.014 seconds
[0m18:50:38.379637 [debug] [MainThread]: Sending event: {'category': 'dbt', 'action': 'runnable_timing', 'label': '0c53be20-07ea-404a-90b2-cd62247f4cad', 'context': [<snowplow_tracker.self_describing_json.SelfDescribingJson object at 0x10d034dd0>]}
[0m18:50:38.379974 [debug] [MainThread]: On master: ROLLBACK
[0m18:50:38.381017 [debug] [MainThread]: On master: COMMIT
[0m18:50:38.381217 [debug] [MainThread]: Using postgres connection "master"
[0m18:50:38.381395 [debug] [MainThread]: On master: COMMIT
[0m18:50:38.382954 [debug] [MainThread]: SQL status: COMMIT in 0.001 seconds
[0m18:50:38.383155 [debug] [MainThread]: On master: Close
[0m18:50:38.385928 [debug] [Thread-1 (]: Began running node model.chorus_data_engineer_interview.practictioner_no_prescriptions
[0m18:50:38.386328 [info ] [Thread-1 (]: 1 of 1 START sql view model public.practictioner_no_prescriptions .............. [RUN]
[0m18:50:38.386648 [debug] [Thread-1 (]: Re-using an available connection from the pool (formerly list_postgres_public, now model.chorus_data_engineer_interview.practictioner_no_prescriptions)
[0m18:50:38.386896 [debug] [Thread-1 (]: Began compiling node model.chorus_data_engineer_interview.practictioner_no_prescriptions
[0m18:50:38.392878 [debug] [Thread-1 (]: Writing injected SQL for node "model.chorus_data_engineer_interview.practictioner_no_prescriptions"
[0m18:50:38.393655 [debug] [Thread-1 (]: Began executing node model.chorus_data_engineer_interview.practictioner_no_prescriptions
[0m18:50:38.422002 [debug] [Thread-1 (]: Writing runtime sql for node "model.chorus_data_engineer_interview.practictioner_no_prescriptions"
[0m18:50:38.422884 [debug] [Thread-1 (]: Using postgres connection "model.chorus_data_engineer_interview.practictioner_no_prescriptions"
[0m18:50:38.423194 [debug] [Thread-1 (]: On model.chorus_data_engineer_interview.practictioner_no_prescriptions: /* {"app": "dbt", "dbt_version": "1.11.8", "profile_name": "chorus_data_engineer_interview", "target_name": "dev", "node_id": "model.chorus_data_engineer_interview.practictioner_no_prescriptions"} */

  create view "postgres"."public"."practictioner_no_prescriptions__dbt_tmp"
    
    
  as (
    /*
 Write a query to find all practitioners who do not appear in the MedicationRequest table as a prescribing practitioner.
 */

WITH prescribing_practitioners AS (
    SELECT DISTINCT practitioner_id
    FROM "postgres"."public"."MedicationRequest"
)

SELECT
    id AS practitioner_id,
    name,
    specialty
FROM "postgres"."public"."Practitioner"
WHERE id NOT IN (SELECT practitioner_id FROM prescribing_practitioners)
  );
[0m18:50:38.423466 [debug] [Thread-1 (]: Opening a new connection, currently in state closed
[0m18:50:38.435644 [debug] [Thread-1 (]: SQL status: CREATE VIEW in 0.012 seconds
[0m18:50:38.440631 [debug] [Thread-1 (]: Using postgres connection "model.chorus_data_engineer_interview.practictioner_no_prescriptions"
[0m18:50:38.440925 [debug] [Thread-1 (]: On model.chorus_data_engineer_interview.practictioner_no_prescriptions: /* {"app": "dbt", "dbt_version": "1.11.8", "profile_name": "chorus_data_engineer_interview", "target_name": "dev", "node_id": "model.chorus_data_engineer_interview.practictioner_no_prescriptions"} */
alter table "postgres"."public"."practictioner_no_prescriptions__dbt_tmp" rename to "practictioner_no_prescriptions"
[0m18:50:38.442478 [debug] [Thread-1 (]: SQL status: ALTER TABLE in 0.001 seconds
[0m18:50:38.455715 [debug] [Thread-1 (]: On model.chorus_data_engineer_interview.practictioner_no_prescriptions: COMMIT
[0m18:50:38.456035 [debug] [Thread-1 (]: Using postgres connection "model.chorus_data_engineer_interview.practictioner_no_prescriptions"
[0m18:50:38.456284 [debug] [Thread-1 (]: On model.chorus_data_engineer_interview.practictioner_no_prescriptions: COMMIT
[0m18:50:38.458741 [debug] [Thread-1 (]: SQL status: COMMIT in 0.002 seconds
[0m18:50:38.463432 [debug] [Thread-1 (]: Applying DROP to: "postgres"."public"."practictioner_no_prescriptions__dbt_backup"
[0m18:50:38.467050 [debug] [Thread-1 (]: Using postgres connection "model.chorus_data_engineer_interview.practictioner_no_prescriptions"
[0m18:50:38.467327 [debug] [Thread-1 (]: On model.chorus_data_engineer_interview.practictioner_no_prescriptions: /* {"app": "dbt", "dbt_version": "1.11.8", "profile_name": "chorus_data_engineer_interview", "target_name": "dev", "node_id": "model.chorus_data_engineer_interview.practictioner_no_prescriptions"} */
drop view if exists "postgres"."public"."practictioner_no_prescriptions__dbt_backup" cascade
[0m18:50:38.468702 [debug] [Thread-1 (]: SQL status: DROP VIEW in 0.001 seconds
[0m18:50:38.470475 [debug] [Thread-1 (]: On model.chorus_data_engineer_interview.practictioner_no_prescriptions: Close
[0m18:50:38.472190 [debug] [Thread-1 (]: Sending event: {'category': 'dbt', 'action': 'run_model', 'label': '0c53be20-07ea-404a-90b2-cd62247f4cad', 'context': [<snowplow_tracker.self_describing_json.SelfDescribingJson object at 0x10cd22e50>]}
[0m18:50:38.472727 [info ] [Thread-1 (]: 1 of 1 OK created sql view model public.practictioner_no_prescriptions ......... [[32mCREATE VIEW[0m in 0.08s]
[0m18:50:38.473138 [debug] [Thread-1 (]: Finished running node model.chorus_data_engineer_interview.practictioner_no_prescriptions
[0m18:50:38.474108 [debug] [MainThread]: On master: COMMIT
[0m18:50:38.474317 [debug] [MainThread]: Using postgres connection "master"
[0m18:50:38.474493 [debug] [MainThread]: On master: COMMIT
[0m18:50:38.474661 [debug] [MainThread]: Opening a new connection, currently in state closed
[0m18:50:38.482680 [debug] [MainThread]: SQL status: COMMIT in 0.008 seconds
[0m18:50:38.482889 [debug] [MainThread]: On master: Close
[0m18:50:38.483141 [debug] [MainThread]: Connection 'master' was properly closed.
[0m18:50:38.483422 [debug] [MainThread]: Connection 'model.chorus_data_engineer_interview.practictioner_no_prescriptions' was properly closed.
[0m18:50:38.483666 [info ] [MainThread]: 
[0m18:50:38.483885 [info ] [MainThread]: Finished running 1 view model in 0 hours 0 minutes and 0.24 seconds (0.24s).
[0m18:50:38.484351 [debug] [MainThread]: Command end result
[0m18:50:38.512883 [debug] [MainThread]: Wrote artifact WritableManifest to /Users/home/PycharmProjects/chorusinnovations/chorus-data-engineering-interview/dbt/target/manifest.json
[0m18:50:38.514492 [debug] [MainThread]: Wrote artifact SemanticManifest to /Users/home/PycharmProjects/chorusinnovations/chorus-data-engineering-interview/dbt/target/semantic_manifest.json
[0m18:50:38.519192 [debug] [MainThread]: Wrote artifact RunExecutionResult to /Users/home/PycharmProjects/chorusinnovations/chorus-data-engineering-interview/dbt/target/run_results.json
[0m18:50:38.519410 [info ] [MainThread]: 
[0m18:50:38.519677 [info ] [MainThread]: [32mCompleted successfully[0m
[0m18:50:38.519864 [info ] [MainThread]: 
[0m18:50:38.520063 [info ] [MainThread]: Done. PASS=1 WARN=0 ERROR=0 SKIP=0 NO-OP=0 TOTAL=1
[0m18:50:38.523359 [debug] [MainThread]: Resource report: {"command_name": "run", "command_success": true, "command_wall_clock_time": 1.1847072, "process_in_blocks": "0", "process_kernel_time": 0.352642, "process_mem_max_rss": "150618112", "process_out_blocks": "0", "process_user_time": 2.014859}
[0m18:50:38.523702 [debug] [MainThread]: Command `dbt run` succeeded at 18:50:38.523634 after 1.19 seconds
[0m18:50:38.523963 [debug] [MainThread]: Sending event: {'category': 'dbt', 'action': 'invocation', 'label': 'end', 'context': [<snowplow_tracker.self_describing_json.SelfDescribingJson object at 0x1028ede90>, <snowplow_tracker.self_describing_json.SelfDescribingJson object at 0x10c332090>, <snowplow_tracker.self_describing_json.SelfDescribingJson object at 0x10bc2ffd0>]}
[0m18:50:38.524205 [debug] [MainThread]: Flushing usage events
[0m18:50:38.883276 [debug] [MainThread]: An error was encountered while trying to flush usage events
[0m18:56:19.429009 [debug] [MainThread]: Sending event: {'category': 'dbt', 'action': 'invocation', 'label': 'start', 'context': [<snowplow_tracker.self_describing_json.SelfDescribingJson object at 0x109a32910>, <snowplow_tracker.self_describing_json.SelfDescribingJson object at 0x109b203d0>, <snowplow_tracker.self_describing_json.SelfDescribingJson object at 0x109b207d0>]}


============================== 18:56:19.433427 | ec07f7cf-59fc-4ad6-b5c2-e3cdc11e1468 ==============================
[0m18:56:19.433427 [info ] [MainThread]: Running with dbt=1.11.8
[0m18:56:19.433953 [debug] [MainThread]: running dbt with arguments {'cache_selected_only': 'False', 'empty': 'False', 'profiles_dir': '/Users/home/.dbt', 'introspect': 'True', 'log_cache_events': 'False', 'invocation_command': 'dbt run --select avg_encounter_per_patient.sql', 'static_parser': 'True', 'warn_error': 'None', 'debug': 'False', 'printer_width': '80', 'use_colors': 'True', 'target_path': 'None', 'partial_parse': 'True', 'use_experimental_parser': 'False', 'indirect_selection': 'eager', 'fail_fast': 'False', 'send_anonymous_usage_stats': 'True', 'log_path': '/Users/home/PycharmProjects/chorusinnovations/chorus-data-engineering-interview/dbt/logs', 'version_check': 'True', 'write_json': 'True', 'log_format': 'default', 'quiet': 'False', 'no_print': 'None', 'warn_error_options': 'WarnErrorOptionsV2(error=[], warn=[], silence=[])'}
[0m18:56:19.642524 [debug] [MainThread]: Sending event: {'category': 'dbt', 'action': 'project_id', 'label': 'ec07f7cf-59fc-4ad6-b5c2-e3cdc11e1468', 'context': [<snowplow_tracker.self_describing_json.SelfDescribingJson object at 0x109fbb890>]}
[0m18:56:19.693678 [debug] [MainThread]: Sending event: {'category': 'dbt', 'action': 'adapter_info', 'label': 'ec07f7cf-59fc-4ad6-b5c2-e3cdc11e1468', 'context': [<snowplow_tracker.self_describing_json.SelfDescribingJson object at 0x106cec090>]}
[0m18:56:19.696367 [info ] [MainThread]: Registered adapter: postgres=1.10.0
[0m18:56:19.786865 [debug] [MainThread]: checksum: 7d524ac048c2100769df89d592e662e060a73ca564e31bd9c2a37efdfe8d8ab6, vars: {}, profile: , target: , version: 1.11.8
[0m18:56:19.914392 [debug] [MainThread]: Partial parsing enabled: 0 files deleted, 1 files added, 0 files changed.
[0m18:56:19.914882 [debug] [MainThread]: Partial parsing: added file: chorus_data_engineer_interview://models/03_advanced/avg_encounter_per_patient.sql
[0m18:56:20.175534 [debug] [MainThread]: Sending event: {'category': 'dbt', 'action': 'load_project', 'label': 'ec07f7cf-59fc-4ad6-b5c2-e3cdc11e1468', 'context': [<snowplow_tracker.self_describing_json.SelfDescribingJson object at 0x109fb0e50>]}
[0m18:56:20.256570 [debug] [MainThread]: Wrote artifact WritableManifest to /Users/home/PycharmProjects/chorusinnovations/chorus-data-engineering-interview/dbt/target/manifest.json
[0m18:56:20.258598 [debug] [MainThread]: Wrote artifact SemanticManifest to /Users/home/PycharmProjects/chorusinnovations/chorus-data-engineering-interview/dbt/target/semantic_manifest.json
[0m18:56:20.268794 [debug] [MainThread]: Sending event: {'category': 'dbt', 'action': 'resource_counts', 'label': 'ec07f7cf-59fc-4ad6-b5c2-e3cdc11e1468', 'context': [<snowplow_tracker.self_describing_json.SelfDescribingJson object at 0x10a11c690>]}
[0m18:56:20.269177 [info ] [MainThread]: Found 13 models, 21 data tests, 5 sources, 465 macros
[0m18:56:20.269422 [debug] [MainThread]: Sending event: {'category': 'dbt', 'action': 'runnable_timing', 'label': 'ec07f7cf-59fc-4ad6-b5c2-e3cdc11e1468', 'context': [<snowplow_tracker.self_describing_json.SelfDescribingJson object at 0x10a071290>]}
[0m18:56:20.271038 [info ] [MainThread]: 
[0m18:56:20.271276 [info ] [MainThread]: Concurrency: 4 threads (target='dev')
[0m18:56:20.271458 [info ] [MainThread]: 
[0m18:56:20.271769 [debug] [MainThread]: Acquiring new postgres connection 'master'
[0m18:56:20.272322 [debug] [ThreadPool]: Acquiring new postgres connection 'list_postgres'
[0m18:56:20.317474 [debug] [ThreadPool]: Using postgres connection "list_postgres"
[0m18:56:20.317729 [debug] [ThreadPool]: On list_postgres: /* {"app": "dbt", "dbt_version": "1.11.8", "profile_name": "chorus_data_engineer_interview", "target_name": "dev", "connection_name": "list_postgres"} */

    select distinct nspname from pg_namespace
  
[0m18:56:20.317930 [debug] [ThreadPool]: Opening a new connection, currently in state init
[0m18:56:20.359347 [debug] [ThreadPool]: SQL status: SELECT 4 in 0.041 seconds
[0m18:56:20.360393 [debug] [ThreadPool]: On list_postgres: Close
[0m18:56:20.364464 [debug] [ThreadPool]: Re-using an available connection from the pool (formerly list_postgres, now list_postgres_public)
[0m18:56:20.369161 [debug] [ThreadPool]: Using postgres connection "list_postgres_public"
[0m18:56:20.369449 [debug] [ThreadPool]: On list_postgres_public: /* {"app": "dbt", "dbt_version": "1.11.8", "profile_name": "chorus_data_engineer_interview", "target_name": "dev", "connection_name": "list_postgres_public"} */
select
      'postgres' as database,
      tablename as name,
      schemaname as schema,
      'table' as type
    from pg_tables
    where schemaname ilike 'public'
    union all
    select
      'postgres' as database,
      viewname as name,
      schemaname as schema,
      'view' as type
    from pg_views
    where schemaname ilike 'public'
    union all
    select
      'postgres' as database,
      matviewname as name,
      schemaname as schema,
      'materialized_view' as type
    from pg_matviews
    where schemaname ilike 'public'
  
[0m18:56:20.369676 [debug] [ThreadPool]: Opening a new connection, currently in state closed
[0m18:56:20.384466 [debug] [ThreadPool]: SQL status: SELECT 15 in 0.015 seconds
[0m18:56:20.385685 [debug] [ThreadPool]: On list_postgres_public: ROLLBACK
[0m18:56:20.386823 [debug] [ThreadPool]: On list_postgres_public: Close
[0m18:56:20.392241 [debug] [MainThread]: Using postgres connection "master"
[0m18:56:20.392578 [debug] [MainThread]: On master: /* {"app": "dbt", "dbt_version": "1.11.8", "profile_name": "chorus_data_engineer_interview", "target_name": "dev", "connection_name": "master"} */
select distinct
        dependent_namespace.nspname as dependent_schema,
        dependent_class.relname as dependent_name,
        referenced_namespace.nspname as referenced_schema,
        referenced_class.relname as referenced_name

    -- Query for views: views are entries in pg_class with an entry in pg_rewrite, but we avoid
    -- a seq scan on pg_rewrite by leveraging the fact there is an "internal" row in pg_depend for
    -- the view...
    from pg_class as dependent_class
    join pg_namespace as dependent_namespace on dependent_namespace.oid = dependent_class.relnamespace
    join pg_depend as dependent_depend on dependent_depend.refobjid = dependent_class.oid
        and dependent_depend.classid = 'pg_rewrite'::regclass
        and dependent_depend.refclassid = 'pg_class'::regclass
        and dependent_depend.deptype = 'i'

    -- ... and via pg_depend (that has a row per column, hence the need for "distinct" above, and
    -- making sure to exclude the internal row to avoid a view appearing to depend on itself)...
    join pg_depend as joining_depend on joining_depend.objid = dependent_depend.objid
        and joining_depend.classid = 'pg_rewrite'::regclass
        and joining_depend.refclassid = 'pg_class'::regclass
        and joining_depend.refobjid != dependent_depend.refobjid

    -- ... we can find the tables they query from in pg_class, but excluding system tables. Note we
    -- don't need need to exclude _dependent_ system tables, because they only query from other
    -- system tables, and so are automatically excluded by excluding _referenced_ system tables
    join pg_class as referenced_class on referenced_class.oid = joining_depend.refobjid
    join pg_namespace as referenced_namespace on referenced_namespace.oid = referenced_class.relnamespace
        and referenced_namespace.nspname != 'information_schema'
        and referenced_namespace.nspname not like 'pg\_%'

    order by
        dependent_schema, dependent_name, referenced_schema, referenced_name;
[0m18:56:20.392954 [debug] [MainThread]: Opening a new connection, currently in state init
[0m18:56:20.407347 [debug] [MainThread]: SQL status: SELECT 10 in 0.014 seconds
[0m18:56:20.409590 [debug] [MainThread]: Sending event: {'category': 'dbt', 'action': 'runnable_timing', 'label': 'ec07f7cf-59fc-4ad6-b5c2-e3cdc11e1468', 'context': [<snowplow_tracker.self_describing_json.SelfDescribingJson object at 0x10ae6c050>]}
[0m18:56:20.409923 [debug] [MainThread]: On master: ROLLBACK
[0m18:56:20.410962 [debug] [MainThread]: On master: COMMIT
[0m18:56:20.411229 [debug] [MainThread]: Using postgres connection "master"
[0m18:56:20.411433 [debug] [MainThread]: On master: COMMIT
[0m18:56:20.413064 [debug] [MainThread]: SQL status: COMMIT in 0.001 seconds
[0m18:56:20.413275 [debug] [MainThread]: On master: Close
[0m18:56:20.416899 [debug] [Thread-1 (]: Began running node model.chorus_data_engineer_interview.avg_encounter_per_patient
[0m18:56:20.417748 [info ] [Thread-1 (]: 1 of 1 START sql view model public.avg_encounter_per_patient ................... [RUN]
[0m18:56:20.418148 [debug] [Thread-1 (]: Re-using an available connection from the pool (formerly list_postgres_public, now model.chorus_data_engineer_interview.avg_encounter_per_patient)
[0m18:56:20.418414 [debug] [Thread-1 (]: Began compiling node model.chorus_data_engineer_interview.avg_encounter_per_patient
[0m18:56:20.424406 [debug] [Thread-1 (]: Writing injected SQL for node "model.chorus_data_engineer_interview.avg_encounter_per_patient"
[0m18:56:20.425313 [debug] [Thread-1 (]: Began executing node model.chorus_data_engineer_interview.avg_encounter_per_patient
[0m18:56:20.455167 [debug] [Thread-1 (]: Writing runtime sql for node "model.chorus_data_engineer_interview.avg_encounter_per_patient"
[0m18:56:20.456150 [debug] [Thread-1 (]: Using postgres connection "model.chorus_data_engineer_interview.avg_encounter_per_patient"
[0m18:56:20.456490 [debug] [Thread-1 (]: On model.chorus_data_engineer_interview.avg_encounter_per_patient: /* {"app": "dbt", "dbt_version": "1.11.8", "profile_name": "chorus_data_engineer_interview", "target_name": "dev", "node_id": "model.chorus_data_engineer_interview.avg_encounter_per_patient"} */

  create view "postgres"."public"."avg_encounter_per_patient__dbt_tmp"
    
    
  as (
    /*
 Calculate the average number of encounters per patient, rounded to two decimal places.
 */

WITH encounter_counts AS (
    SELECT
        patient_id,
        COUNT(*) AS encounter_count
    FROM "postgres"."public"."Encounter"
    GROUP BY patient_id
)

SELECT
    ROUND(AVG(encounter_count), 2) AS avg_encounters_per_patient
FROM encounter_counts
  );
[0m18:56:20.456769 [debug] [Thread-1 (]: Opening a new connection, currently in state closed
[0m18:56:20.472483 [debug] [Thread-1 (]: SQL status: CREATE VIEW in 0.016 seconds
[0m18:56:20.478209 [debug] [Thread-1 (]: Using postgres connection "model.chorus_data_engineer_interview.avg_encounter_per_patient"
[0m18:56:20.478660 [debug] [Thread-1 (]: On model.chorus_data_engineer_interview.avg_encounter_per_patient: /* {"app": "dbt", "dbt_version": "1.11.8", "profile_name": "chorus_data_engineer_interview", "target_name": "dev", "node_id": "model.chorus_data_engineer_interview.avg_encounter_per_patient"} */
alter table "postgres"."public"."avg_encounter_per_patient__dbt_tmp" rename to "avg_encounter_per_patient"
[0m18:56:20.481090 [debug] [Thread-1 (]: SQL status: ALTER TABLE in 0.002 seconds
[0m18:56:20.494746 [debug] [Thread-1 (]: On model.chorus_data_engineer_interview.avg_encounter_per_patient: COMMIT
[0m18:56:20.495057 [debug] [Thread-1 (]: Using postgres connection "model.chorus_data_engineer_interview.avg_encounter_per_patient"
[0m18:56:20.495307 [debug] [Thread-1 (]: On model.chorus_data_engineer_interview.avg_encounter_per_patient: COMMIT
[0m18:56:20.498294 [debug] [Thread-1 (]: SQL status: COMMIT in 0.003 seconds
[0m18:56:20.503351 [debug] [Thread-1 (]: Applying DROP to: "postgres"."public"."avg_encounter_per_patient__dbt_backup"
[0m18:56:20.507213 [debug] [Thread-1 (]: Using postgres connection "model.chorus_data_engineer_interview.avg_encounter_per_patient"
[0m18:56:20.507506 [debug] [Thread-1 (]: On model.chorus_data_engineer_interview.avg_encounter_per_patient: /* {"app": "dbt", "dbt_version": "1.11.8", "profile_name": "chorus_data_engineer_interview", "target_name": "dev", "node_id": "model.chorus_data_engineer_interview.avg_encounter_per_patient"} */
drop view if exists "postgres"."public"."avg_encounter_per_patient__dbt_backup" cascade
[0m18:56:20.508998 [debug] [Thread-1 (]: SQL status: DROP VIEW in 0.001 seconds
[0m18:56:20.510980 [debug] [Thread-1 (]: On model.chorus_data_engineer_interview.avg_encounter_per_patient: Close
[0m18:56:20.512568 [debug] [Thread-1 (]: Sending event: {'category': 'dbt', 'action': 'run_model', 'label': 'ec07f7cf-59fc-4ad6-b5c2-e3cdc11e1468', 'context': [<snowplow_tracker.self_describing_json.SelfDescribingJson object at 0x106bd2950>]}
[0m18:56:20.513210 [info ] [Thread-1 (]: 1 of 1 OK created sql view model public.avg_encounter_per_patient .............. [[32mCREATE VIEW[0m in 0.09s]
[0m18:56:20.514127 [debug] [Thread-1 (]: Finished running node model.chorus_data_engineer_interview.avg_encounter_per_patient
[0m18:56:20.516559 [debug] [MainThread]: On master: COMMIT
[0m18:56:20.516832 [debug] [MainThread]: Using postgres connection "master"
[0m18:56:20.517029 [debug] [MainThread]: On master: COMMIT
[0m18:56:20.517208 [debug] [MainThread]: Opening a new connection, currently in state closed
[0m18:56:20.525196 [debug] [MainThread]: SQL status: COMMIT in 0.008 seconds
[0m18:56:20.525472 [debug] [MainThread]: On master: Close
[0m18:56:20.525782 [debug] [MainThread]: Connection 'master' was properly closed.
[0m18:56:20.526078 [debug] [MainThread]: Connection 'model.chorus_data_engineer_interview.avg_encounter_per_patient' was properly closed.
[0m18:56:20.526308 [info ] [MainThread]: 
[0m18:56:20.526526 [info ] [MainThread]: Finished running 1 view model in 0 hours 0 minutes and 0.25 seconds (0.25s).
[0m18:56:20.526990 [debug] [MainThread]: Command end result
[0m18:56:20.558285 [debug] [MainThread]: Wrote artifact WritableManifest to /Users/home/PycharmProjects/chorusinnovations/chorus-data-engineering-interview/dbt/target/manifest.json
[0m18:56:20.559802 [debug] [MainThread]: Wrote artifact SemanticManifest to /Users/home/PycharmProjects/chorusinnovations/chorus-data-engineering-interview/dbt/target/semantic_manifest.json
[0m18:56:20.565058 [debug] [MainThread]: Wrote artifact RunExecutionResult to /Users/home/PycharmProjects/chorusinnovations/chorus-data-engineering-interview/dbt/target/run_results.json
[0m18:56:20.565325 [info ] [MainThread]: 
[0m18:56:20.565611 [info ] [MainThread]: [32mCompleted successfully[0m
[0m18:56:20.565815 [info ] [MainThread]: 
[0m18:56:20.566025 [info ] [MainThread]: Done. PASS=1 WARN=0 ERROR=0 SKIP=0 NO-OP=0 TOTAL=1
[0m18:56:20.569713 [debug] [MainThread]: Resource report: {"command_name": "run", "command_success": true, "command_wall_clock_time": 1.2082019, "process_in_blocks": "0", "process_kernel_time": 0.357871, "process_mem_max_rss": "150355968", "process_out_blocks": "0", "process_user_time": 2.024491}
[0m18:56:20.570070 [debug] [MainThread]: Command `dbt run` succeeded at 18:56:20.569998 after 1.21 seconds
[0m18:56:20.570347 [debug] [MainThread]: Sending event: {'category': 'dbt', 'action': 'invocation', 'label': 'end', 'context': [<snowplow_tracker.self_describing_json.SelfDescribingJson object at 0x109b20b10>, <snowplow_tracker.self_describing_json.SelfDescribingJson object at 0x109b20850>, <snowplow_tracker.self_describing_json.SelfDescribingJson object at 0x100735d50>]}
[0m18:56:20.570600 [debug] [MainThread]: Flushing usage events
[0m18:56:20.984986 [debug] [MainThread]: An error was encountered while trying to flush usage events
[0m19:01:11.784962 [debug] [MainThread]: Sending event: {'category': 'dbt', 'action': 'invocation', 'label': 'start', 'context': [<snowplow_tracker.self_describing_json.SelfDescribingJson object at 0x10974b290>, <snowplow_tracker.self_describing_json.SelfDescribingJson object at 0x10973f410>, <snowplow_tracker.self_describing_json.SelfDescribingJson object at 0x109838e10>]}


============================== 19:01:11.788885 | c24d54a1-f6f7-42f1-90ca-3d0d20249cb8 ==============================
[0m19:01:11.788885 [info ] [MainThread]: Running with dbt=1.11.8
[0m19:01:11.789347 [debug] [MainThread]: running dbt with arguments {'version_check': 'True', 'use_colors': 'True', 'send_anonymous_usage_stats': 'True', 'partial_parse': 'True', 'empty': 'False', 'log_path': '/Users/home/PycharmProjects/chorusinnovations/chorus-data-engineering-interview/dbt/logs', 'write_json': 'True', 'printer_width': '80', 'indirect_selection': 'eager', 'warn_error': 'None', 'use_experimental_parser': 'False', 'target_path': 'None', 'introspect': 'True', 'fail_fast': 'False', 'no_print': 'None', 'profiles_dir': '/Users/home/.dbt', 'log_format': 'default', 'quiet': 'False', 'debug': 'False', 'static_parser': 'True', 'invocation_command': 'dbt run --select patient_retention_per_cohort.sql', 'cache_selected_only': 'False', 'warn_error_options': 'WarnErrorOptionsV2(error=[], warn=[], silence=[])', 'log_cache_events': 'False'}
[0m19:01:11.993520 [debug] [MainThread]: Sending event: {'category': 'dbt', 'action': 'project_id', 'label': 'c24d54a1-f6f7-42f1-90ca-3d0d20249cb8', 'context': [<snowplow_tracker.self_describing_json.SelfDescribingJson object at 0x109d9ad90>]}
[0m19:01:12.045665 [debug] [MainThread]: Sending event: {'category': 'dbt', 'action': 'adapter_info', 'label': 'c24d54a1-f6f7-42f1-90ca-3d0d20249cb8', 'context': [<snowplow_tracker.self_describing_json.SelfDescribingJson object at 0x106a045d0>]}
[0m19:01:12.046528 [info ] [MainThread]: Registered adapter: postgres=1.10.0
[0m19:01:12.137426 [debug] [MainThread]: checksum: 7d524ac048c2100769df89d592e662e060a73ca564e31bd9c2a37efdfe8d8ab6, vars: {}, profile: , target: , version: 1.11.8
[0m19:01:12.265859 [debug] [MainThread]: Partial parsing enabled: 0 files deleted, 2 files added, 0 files changed.
[0m19:01:12.266362 [debug] [MainThread]: Partial parsing: added file: chorus_data_engineer_interview://models/03_advanced/patient_retention_per_cohort.sql
[0m19:01:12.266614 [debug] [MainThread]: Partial parsing: added file: chorus_data_engineer_interview://models/03_advanced/patient_prescription_wo_encounter.sql
[0m19:01:12.530175 [debug] [MainThread]: Sending event: {'category': 'dbt', 'action': 'load_project', 'label': 'c24d54a1-f6f7-42f1-90ca-3d0d20249cb8', 'context': [<snowplow_tracker.self_describing_json.SelfDescribingJson object at 0x10a4c8ad0>]}
[0m19:01:12.611835 [debug] [MainThread]: Wrote artifact WritableManifest to /Users/home/PycharmProjects/chorusinnovations/chorus-data-engineering-interview/dbt/target/manifest.json
[0m19:01:12.613745 [debug] [MainThread]: Wrote artifact SemanticManifest to /Users/home/PycharmProjects/chorusinnovations/chorus-data-engineering-interview/dbt/target/semantic_manifest.json
[0m19:01:12.624117 [debug] [MainThread]: Sending event: {'category': 'dbt', 'action': 'resource_counts', 'label': 'c24d54a1-f6f7-42f1-90ca-3d0d20249cb8', 'context': [<snowplow_tracker.self_describing_json.SelfDescribingJson object at 0x109e27c10>]}
[0m19:01:12.624501 [info ] [MainThread]: Found 15 models, 21 data tests, 5 sources, 465 macros
[0m19:01:12.624753 [debug] [MainThread]: Sending event: {'category': 'dbt', 'action': 'runnable_timing', 'label': 'c24d54a1-f6f7-42f1-90ca-3d0d20249cb8', 'context': [<snowplow_tracker.self_describing_json.SelfDescribingJson object at 0x10a4c9790>]}
[0m19:01:12.626406 [info ] [MainThread]: 
[0m19:01:12.626647 [info ] [MainThread]: Concurrency: 4 threads (target='dev')
[0m19:01:12.626827 [info ] [MainThread]: 
[0m19:01:12.627146 [debug] [MainThread]: Acquiring new postgres connection 'master'
[0m19:01:12.627737 [debug] [ThreadPool]: Acquiring new postgres connection 'list_postgres'
[0m19:01:12.674768 [debug] [ThreadPool]: Using postgres connection "list_postgres"
[0m19:01:12.675029 [debug] [ThreadPool]: On list_postgres: /* {"app": "dbt", "dbt_version": "1.11.8", "profile_name": "chorus_data_engineer_interview", "target_name": "dev", "connection_name": "list_postgres"} */

    select distinct nspname from pg_namespace
  
[0m19:01:12.675237 [debug] [ThreadPool]: Opening a new connection, currently in state init
[0m19:01:12.716401 [debug] [ThreadPool]: SQL status: SELECT 4 in 0.041 seconds
[0m19:01:12.717370 [debug] [ThreadPool]: On list_postgres: Close
[0m19:01:12.721560 [debug] [ThreadPool]: Re-using an available connection from the pool (formerly list_postgres, now list_postgres_public)
[0m19:01:12.726152 [debug] [ThreadPool]: Using postgres connection "list_postgres_public"
[0m19:01:12.726434 [debug] [ThreadPool]: On list_postgres_public: /* {"app": "dbt", "dbt_version": "1.11.8", "profile_name": "chorus_data_engineer_interview", "target_name": "dev", "connection_name": "list_postgres_public"} */
select
      'postgres' as database,
      tablename as name,
      schemaname as schema,
      'table' as type
    from pg_tables
    where schemaname ilike 'public'
    union all
    select
      'postgres' as database,
      viewname as name,
      schemaname as schema,
      'view' as type
    from pg_views
    where schemaname ilike 'public'
    union all
    select
      'postgres' as database,
      matviewname as name,
      schemaname as schema,
      'materialized_view' as type
    from pg_matviews
    where schemaname ilike 'public'
  
[0m19:01:12.726657 [debug] [ThreadPool]: Opening a new connection, currently in state closed
[0m19:01:12.742302 [debug] [ThreadPool]: SQL status: SELECT 16 in 0.016 seconds
[0m19:01:12.743518 [debug] [ThreadPool]: On list_postgres_public: ROLLBACK
[0m19:01:12.744582 [debug] [ThreadPool]: On list_postgres_public: Close
[0m19:01:12.750154 [debug] [MainThread]: Using postgres connection "master"
[0m19:01:12.750504 [debug] [MainThread]: On master: /* {"app": "dbt", "dbt_version": "1.11.8", "profile_name": "chorus_data_engineer_interview", "target_name": "dev", "connection_name": "master"} */
select distinct
        dependent_namespace.nspname as dependent_schema,
        dependent_class.relname as dependent_name,
        referenced_namespace.nspname as referenced_schema,
        referenced_class.relname as referenced_name

    -- Query for views: views are entries in pg_class with an entry in pg_rewrite, but we avoid
    -- a seq scan on pg_rewrite by leveraging the fact there is an "internal" row in pg_depend for
    -- the view...
    from pg_class as dependent_class
    join pg_namespace as dependent_namespace on dependent_namespace.oid = dependent_class.relnamespace
    join pg_depend as dependent_depend on dependent_depend.refobjid = dependent_class.oid
        and dependent_depend.classid = 'pg_rewrite'::regclass
        and dependent_depend.refclassid = 'pg_class'::regclass
        and dependent_depend.deptype = 'i'

    -- ... and via pg_depend (that has a row per column, hence the need for "distinct" above, and
    -- making sure to exclude the internal row to avoid a view appearing to depend on itself)...
    join pg_depend as joining_depend on joining_depend.objid = dependent_depend.objid
        and joining_depend.classid = 'pg_rewrite'::regclass
        and joining_depend.refclassid = 'pg_class'::regclass
        and joining_depend.refobjid != dependent_depend.refobjid

    -- ... we can find the tables they query from in pg_class, but excluding system tables. Note we
    -- don't need need to exclude _dependent_ system tables, because they only query from other
    -- system tables, and so are automatically excluded by excluding _referenced_ system tables
    join pg_class as referenced_class on referenced_class.oid = joining_depend.refobjid
    join pg_namespace as referenced_namespace on referenced_namespace.oid = referenced_class.relnamespace
        and referenced_namespace.nspname != 'information_schema'
        and referenced_namespace.nspname not like 'pg\_%'

    order by
        dependent_schema, dependent_name, referenced_schema, referenced_name;
[0m19:01:12.750792 [debug] [MainThread]: Opening a new connection, currently in state init
[0m19:01:12.762397 [debug] [MainThread]: SQL status: SELECT 11 in 0.012 seconds
[0m19:01:12.764720 [debug] [MainThread]: Sending event: {'category': 'dbt', 'action': 'runnable_timing', 'label': 'c24d54a1-f6f7-42f1-90ca-3d0d20249cb8', 'context': [<snowplow_tracker.self_describing_json.SelfDescribingJson object at 0x10a5dfa50>]}
[0m19:01:12.765039 [debug] [MainThread]: On master: ROLLBACK
[0m19:01:12.766106 [debug] [MainThread]: On master: COMMIT
[0m19:01:12.766361 [debug] [MainThread]: Using postgres connection "master"
[0m19:01:12.766559 [debug] [MainThread]: On master: COMMIT
[0m19:01:12.768296 [debug] [MainThread]: SQL status: COMMIT in 0.002 seconds
[0m19:01:12.768505 [debug] [MainThread]: On master: Close
[0m19:01:12.771609 [debug] [Thread-1 (]: Began running node model.chorus_data_engineer_interview.patient_retention_per_cohort
[0m19:01:12.771991 [info ] [Thread-1 (]: 1 of 1 START sql view model public.patient_retention_per_cohort ................ [RUN]
[0m19:01:12.772362 [debug] [Thread-1 (]: Re-using an available connection from the pool (formerly list_postgres_public, now model.chorus_data_engineer_interview.patient_retention_per_cohort)
[0m19:01:12.772603 [debug] [Thread-1 (]: Began compiling node model.chorus_data_engineer_interview.patient_retention_per_cohort
[0m19:01:12.779289 [debug] [Thread-1 (]: Writing injected SQL for node "model.chorus_data_engineer_interview.patient_retention_per_cohort"
[0m19:01:12.780084 [debug] [Thread-1 (]: Began executing node model.chorus_data_engineer_interview.patient_retention_per_cohort
[0m19:01:12.807116 [debug] [Thread-1 (]: Writing runtime sql for node "model.chorus_data_engineer_interview.patient_retention_per_cohort"
[0m19:01:12.807866 [debug] [Thread-1 (]: Using postgres connection "model.chorus_data_engineer_interview.patient_retention_per_cohort"
[0m19:01:12.808183 [debug] [Thread-1 (]: On model.chorus_data_engineer_interview.patient_retention_per_cohort: /* {"app": "dbt", "dbt_version": "1.11.8", "profile_name": "chorus_data_engineer_interview", "target_name": "dev", "node_id": "model.chorus_data_engineer_interview.patient_retention_per_cohort"} */

  create view "postgres"."public"."patient_retention_per_cohort__dbt_tmp"
    
    
  as (
    /*
Write a query to count how many patients had their first encounter in each month (YYYY-MM format) and still had at least one encounter in the following six months.
*/

WITH

first_encounters AS (
    SELECT
        patient_id,
        MIN(encounter_date) AS first_encounter_date
    FROM "postgres"."public"."Encounter"
    GROUP BY patient_id
),

retained_patients AS (
    SELECT
        fe.patient_id,
        fe.first_encounter_date,
        DATE_TRUNC('month', fe.first_encounter_date) AS first_encounter_month,
        MAX(e.encounter_date) AS last_encounter_date
    FROM first_encounters fe
    JOIN "postgres"."public"."Encounter" e ON fe.patient_id = e.patient_id
    WHERE e.encounter_date >= fe.first_encounter_date
    GROUP BY fe.patient_id, fe.first_encounter_date
)

SELECT
    first_encounter_month,
    COUNT(DISTINCT patient_id) AS retained_patients_count
FROM retained_patients
WHERE last_encounter_date >= DATEADD(month, 6, first_encounter_date)
GROUP BY first_encounter_month
ORDER BY first_encounter_month;
  );
[0m19:01:12.808477 [debug] [Thread-1 (]: Opening a new connection, currently in state closed
[0m19:01:12.815928 [debug] [Thread-1 (]: Postgres adapter: Postgres error: syntax error at or near ";"
LINE 39: ORDER BY first_encounter_month;
                                       ^

[0m19:01:12.816262 [debug] [Thread-1 (]: On model.chorus_data_engineer_interview.patient_retention_per_cohort: ROLLBACK
[0m19:01:12.817884 [debug] [Thread-1 (]: On model.chorus_data_engineer_interview.patient_retention_per_cohort: Close
[0m19:01:12.824679 [debug] [Thread-1 (]: Database Error in model patient_retention_per_cohort (models/03_advanced/patient_retention_per_cohort.sql)
  syntax error at or near ";"
  LINE 39: ORDER BY first_encounter_month;
                                         ^
  compiled code at target/run/chorus_data_engineer_interview/models/03_advanced/patient_retention_per_cohort.sql
[0m19:01:12.826202 [debug] [Thread-1 (]: Sending event: {'category': 'dbt', 'action': 'run_model', 'label': 'c24d54a1-f6f7-42f1-90ca-3d0d20249cb8', 'context': [<snowplow_tracker.self_describing_json.SelfDescribingJson object at 0x109d9e550>]}
[0m19:01:12.826720 [error] [Thread-1 (]: 1 of 1 ERROR creating sql view model public.patient_retention_per_cohort ....... [[31mERROR[0m in 0.05s]
[0m19:01:12.827145 [debug] [Thread-1 (]: Finished running node model.chorus_data_engineer_interview.patient_retention_per_cohort
[0m19:01:12.827532 [debug] [Thread-7 (]: Marking all children of 'model.chorus_data_engineer_interview.patient_retention_per_cohort' to be skipped because of status 'error'.  Reason: Database Error in model patient_retention_per_cohort (models/03_advanced/patient_retention_per_cohort.sql)
  syntax error at or near ";"
  LINE 39: ORDER BY first_encounter_month;
                                         ^
  compiled code at target/run/chorus_data_engineer_interview/models/03_advanced/patient_retention_per_cohort.sql.
[0m19:01:12.828873 [debug] [MainThread]: On master: COMMIT
[0m19:01:12.829103 [debug] [MainThread]: Using postgres connection "master"
[0m19:01:12.829294 [debug] [MainThread]: On master: COMMIT
[0m19:01:12.829472 [debug] [MainThread]: Opening a new connection, currently in state closed
[0m19:01:12.837679 [debug] [MainThread]: SQL status: COMMIT in 0.008 seconds
[0m19:01:12.837939 [debug] [MainThread]: On master: Close
[0m19:01:12.838220 [debug] [MainThread]: Connection 'master' was properly closed.
[0m19:01:12.838395 [debug] [MainThread]: Connection 'model.chorus_data_engineer_interview.patient_retention_per_cohort' was properly closed.
[0m19:01:12.838595 [info ] [MainThread]: 
[0m19:01:12.838796 [info ] [MainThread]: Finished running 1 view model in 0 hours 0 minutes and 0.21 seconds (0.21s).
[0m19:01:12.839243 [debug] [MainThread]: Command end result
[0m19:01:12.868216 [debug] [MainThread]: Wrote artifact WritableManifest to /Users/home/PycharmProjects/chorusinnovations/chorus-data-engineering-interview/dbt/target/manifest.json
[0m19:01:12.869639 [debug] [MainThread]: Wrote artifact SemanticManifest to /Users/home/PycharmProjects/chorusinnovations/chorus-data-engineering-interview/dbt/target/semantic_manifest.json
[0m19:01:12.874487 [debug] [MainThread]: Wrote artifact RunExecutionResult to /Users/home/PycharmProjects/chorusinnovations/chorus-data-engineering-interview/dbt/target/run_results.json
[0m19:01:12.874695 [info ] [MainThread]: 
[0m19:01:12.874939 [info ] [MainThread]: [31mCompleted with 1 error, 0 partial successes, and 0 warnings:[0m
[0m19:01:12.875132 [info ] [MainThread]: 
[0m19:01:12.875386 [error] [MainThread]: [31mFailure in model patient_retention_per_cohort (models/03_advanced/patient_retention_per_cohort.sql)[0m
[0m19:01:12.875629 [error] [MainThread]:   Database Error in model patient_retention_per_cohort (models/03_advanced/patient_retention_per_cohort.sql)
  syntax error at or near ";"
  LINE 39: ORDER BY first_encounter_month;
                                         ^
  compiled code at target/run/chorus_data_engineer_interview/models/03_advanced/patient_retention_per_cohort.sql
[0m19:01:12.875809 [info ] [MainThread]: 
[0m19:01:12.876024 [info ] [MainThread]:   compiled code at target/compiled/chorus_data_engineer_interview/models/03_advanced/patient_retention_per_cohort.sql
[0m19:01:12.876210 [info ] [MainThread]: 
[0m19:01:12.876408 [info ] [MainThread]: Done. PASS=0 WARN=0 ERROR=1 SKIP=0 NO-OP=0 TOTAL=1
[0m19:01:12.879708 [debug] [MainThread]: Resource report: {"command_name": "run", "command_success": false, "command_wall_clock_time": 1.161903, "process_in_blocks": "0", "process_kernel_time": 0.366209, "process_mem_max_rss": "150388736", "process_out_blocks": "0", "process_user_time": 2.001111}
[0m19:01:12.880047 [debug] [MainThread]: Command `dbt run` failed at 19:01:12.879979 after 1.16 seconds
[0m19:01:12.880323 [debug] [MainThread]: Sending event: {'category': 'dbt', 'action': 'invocation', 'label': 'end', 'context': [<snowplow_tracker.self_describing_json.SelfDescribingJson object at 0x109749f10>, <snowplow_tracker.self_describing_json.SelfDescribingJson object at 0x10974a7d0>, <snowplow_tracker.self_describing_json.SelfDescribingJson object at 0x1053fa3d0>]}
[0m19:01:12.880566 [debug] [MainThread]: Flushing usage events
[0m19:01:13.295282 [debug] [MainThread]: An error was encountered while trying to flush usage events
[0m19:01:21.815507 [debug] [MainThread]: Sending event: {'category': 'dbt', 'action': 'invocation', 'label': 'start', 'context': [<snowplow_tracker.self_describing_json.SelfDescribingJson object at 0x109cb6a50>, <snowplow_tracker.self_describing_json.SelfDescribingJson object at 0x109d78d90>, <snowplow_tracker.self_describing_json.SelfDescribingJson object at 0x109da4c90>]}


============================== 19:01:21.819270 | 47eedf90-4cf5-48f3-a91a-737e55e6046a ==============================
[0m19:01:21.819270 [info ] [MainThread]: Running with dbt=1.11.8
[0m19:01:21.819780 [debug] [MainThread]: running dbt with arguments {'cache_selected_only': 'False', 'send_anonymous_usage_stats': 'True', 'partial_parse': 'True', 'target_path': 'None', 'introspect': 'True', 'warn_error_options': 'WarnErrorOptionsV2(error=[], warn=[], silence=[])', 'write_json': 'True', 'printer_width': '80', 'static_parser': 'True', 'profiles_dir': '/Users/home/.dbt', 'quiet': 'False', 'log_format': 'default', 'log_path': '/Users/home/PycharmProjects/chorusinnovations/chorus-data-engineering-interview/dbt/logs', 'use_colors': 'True', 'invocation_command': 'dbt run --select patient_retention_per_cohort.sql', 'no_print': 'None', 'warn_error': 'None', 'empty': 'False', 'debug': 'False', 'version_check': 'True', 'fail_fast': 'False', 'use_experimental_parser': 'False', 'indirect_selection': 'eager', 'log_cache_events': 'False'}
[0m19:01:21.973898 [debug] [MainThread]: Sending event: {'category': 'dbt', 'action': 'project_id', 'label': '47eedf90-4cf5-48f3-a91a-737e55e6046a', 'context': [<snowplow_tracker.self_describing_json.SelfDescribingJson object at 0x10a37e8d0>]}
[0m19:01:22.024499 [debug] [MainThread]: Sending event: {'category': 'dbt', 'action': 'adapter_info', 'label': '47eedf90-4cf5-48f3-a91a-737e55e6046a', 'context': [<snowplow_tracker.self_describing_json.SelfDescribingJson object at 0x106fa5350>]}
[0m19:01:22.025533 [info ] [MainThread]: Registered adapter: postgres=1.10.0
[0m19:01:22.118589 [debug] [MainThread]: checksum: 7d524ac048c2100769df89d592e662e060a73ca564e31bd9c2a37efdfe8d8ab6, vars: {}, profile: , target: , version: 1.11.8
[0m19:01:22.242254 [debug] [MainThread]: Partial parsing enabled: 0 files deleted, 0 files added, 1 files changed.
[0m19:01:22.242804 [debug] [MainThread]: Partial parsing: updated file: chorus_data_engineer_interview://models/03_advanced/patient_retention_per_cohort.sql
[0m19:01:22.502217 [debug] [MainThread]: Sending event: {'category': 'dbt', 'action': 'load_project', 'label': '47eedf90-4cf5-48f3-a91a-737e55e6046a', 'context': [<snowplow_tracker.self_describing_json.SelfDescribingJson object at 0x10a317610>]}
[0m19:01:22.584096 [debug] [MainThread]: Wrote artifact WritableManifest to /Users/home/PycharmProjects/chorusinnovations/chorus-data-engineering-interview/dbt/target/manifest.json
[0m19:01:22.586045 [debug] [MainThread]: Wrote artifact SemanticManifest to /Users/home/PycharmProjects/chorusinnovations/chorus-data-engineering-interview/dbt/target/semantic_manifest.json
[0m19:01:22.596473 [debug] [MainThread]: Sending event: {'category': 'dbt', 'action': 'resource_counts', 'label': '47eedf90-4cf5-48f3-a91a-737e55e6046a', 'context': [<snowplow_tracker.self_describing_json.SelfDescribingJson object at 0x10a223490>]}
[0m19:01:22.596869 [info ] [MainThread]: Found 15 models, 21 data tests, 5 sources, 465 macros
[0m19:01:22.597108 [debug] [MainThread]: Sending event: {'category': 'dbt', 'action': 'runnable_timing', 'label': '47eedf90-4cf5-48f3-a91a-737e55e6046a', 'context': [<snowplow_tracker.self_describing_json.SelfDescribingJson object at 0x10a232550>]}
[0m19:01:22.598781 [info ] [MainThread]: 
[0m19:01:22.599024 [info ] [MainThread]: Concurrency: 4 threads (target='dev')
[0m19:01:22.599200 [info ] [MainThread]: 
[0m19:01:22.599517 [debug] [MainThread]: Acquiring new postgres connection 'master'
[0m19:01:22.600118 [debug] [ThreadPool]: Acquiring new postgres connection 'list_postgres'
[0m19:01:22.646053 [debug] [ThreadPool]: Using postgres connection "list_postgres"
[0m19:01:22.646317 [debug] [ThreadPool]: On list_postgres: /* {"app": "dbt", "dbt_version": "1.11.8", "profile_name": "chorus_data_engineer_interview", "target_name": "dev", "connection_name": "list_postgres"} */

    select distinct nspname from pg_namespace
  
[0m19:01:22.646519 [debug] [ThreadPool]: Opening a new connection, currently in state init
[0m19:01:22.676915 [debug] [ThreadPool]: SQL status: SELECT 4 in 0.030 seconds
[0m19:01:22.677882 [debug] [ThreadPool]: On list_postgres: Close
[0m19:01:22.681924 [debug] [ThreadPool]: Re-using an available connection from the pool (formerly list_postgres, now list_postgres_public)
[0m19:01:22.686544 [debug] [ThreadPool]: Using postgres connection "list_postgres_public"
[0m19:01:22.686802 [debug] [ThreadPool]: On list_postgres_public: /* {"app": "dbt", "dbt_version": "1.11.8", "profile_name": "chorus_data_engineer_interview", "target_name": "dev", "connection_name": "list_postgres_public"} */
select
      'postgres' as database,
      tablename as name,
      schemaname as schema,
      'table' as type
    from pg_tables
    where schemaname ilike 'public'
    union all
    select
      'postgres' as database,
      viewname as name,
      schemaname as schema,
      'view' as type
    from pg_views
    where schemaname ilike 'public'
    union all
    select
      'postgres' as database,
      matviewname as name,
      schemaname as schema,
      'materialized_view' as type
    from pg_matviews
    where schemaname ilike 'public'
  
[0m19:01:22.687017 [debug] [ThreadPool]: Opening a new connection, currently in state closed
[0m19:01:22.701317 [debug] [ThreadPool]: SQL status: SELECT 16 in 0.014 seconds
[0m19:01:22.702510 [debug] [ThreadPool]: On list_postgres_public: ROLLBACK
[0m19:01:22.703550 [debug] [ThreadPool]: On list_postgres_public: Close
[0m19:01:22.709124 [debug] [MainThread]: Using postgres connection "master"
[0m19:01:22.709434 [debug] [MainThread]: On master: /* {"app": "dbt", "dbt_version": "1.11.8", "profile_name": "chorus_data_engineer_interview", "target_name": "dev", "connection_name": "master"} */
select distinct
        dependent_namespace.nspname as dependent_schema,
        dependent_class.relname as dependent_name,
        referenced_namespace.nspname as referenced_schema,
        referenced_class.relname as referenced_name

    -- Query for views: views are entries in pg_class with an entry in pg_rewrite, but we avoid
    -- a seq scan on pg_rewrite by leveraging the fact there is an "internal" row in pg_depend for
    -- the view...
    from pg_class as dependent_class
    join pg_namespace as dependent_namespace on dependent_namespace.oid = dependent_class.relnamespace
    join pg_depend as dependent_depend on dependent_depend.refobjid = dependent_class.oid
        and dependent_depend.classid = 'pg_rewrite'::regclass
        and dependent_depend.refclassid = 'pg_class'::regclass
        and dependent_depend.deptype = 'i'

    -- ... and via pg_depend (that has a row per column, hence the need for "distinct" above, and
    -- making sure to exclude the internal row to avoid a view appearing to depend on itself)...
    join pg_depend as joining_depend on joining_depend.objid = dependent_depend.objid
        and joining_depend.classid = 'pg_rewrite'::regclass
        and joining_depend.refclassid = 'pg_class'::regclass
        and joining_depend.refobjid != dependent_depend.refobjid

    -- ... we can find the tables they query from in pg_class, but excluding system tables. Note we
    -- don't need need to exclude _dependent_ system tables, because they only query from other
    -- system tables, and so are automatically excluded by excluding _referenced_ system tables
    join pg_class as referenced_class on referenced_class.oid = joining_depend.refobjid
    join pg_namespace as referenced_namespace on referenced_namespace.oid = referenced_class.relnamespace
        and referenced_namespace.nspname != 'information_schema'
        and referenced_namespace.nspname not like 'pg\_%'

    order by
        dependent_schema, dependent_name, referenced_schema, referenced_name;
[0m19:01:22.709713 [debug] [MainThread]: Opening a new connection, currently in state init
[0m19:01:22.721773 [debug] [MainThread]: SQL status: SELECT 11 in 0.012 seconds
[0m19:01:22.724049 [debug] [MainThread]: Sending event: {'category': 'dbt', 'action': 'runnable_timing', 'label': '47eedf90-4cf5-48f3-a91a-737e55e6046a', 'context': [<snowplow_tracker.self_describing_json.SelfDescribingJson object at 0x10a3cbe50>]}
[0m19:01:22.724364 [debug] [MainThread]: On master: ROLLBACK
[0m19:01:22.725578 [debug] [MainThread]: On master: COMMIT
[0m19:01:22.725833 [debug] [MainThread]: Using postgres connection "master"
[0m19:01:22.726032 [debug] [MainThread]: On master: COMMIT
[0m19:01:22.727732 [debug] [MainThread]: SQL status: COMMIT in 0.001 seconds
[0m19:01:22.728002 [debug] [MainThread]: On master: Close
[0m19:01:22.730965 [debug] [Thread-1 (]: Began running node model.chorus_data_engineer_interview.patient_retention_per_cohort
[0m19:01:22.731357 [info ] [Thread-1 (]: 1 of 1 START sql view model public.patient_retention_per_cohort ................ [RUN]
[0m19:01:22.731674 [debug] [Thread-1 (]: Re-using an available connection from the pool (formerly list_postgres_public, now model.chorus_data_engineer_interview.patient_retention_per_cohort)
[0m19:01:22.731921 [debug] [Thread-1 (]: Began compiling node model.chorus_data_engineer_interview.patient_retention_per_cohort
[0m19:01:22.737997 [debug] [Thread-1 (]: Writing injected SQL for node "model.chorus_data_engineer_interview.patient_retention_per_cohort"
[0m19:01:22.738559 [debug] [Thread-1 (]: Began executing node model.chorus_data_engineer_interview.patient_retention_per_cohort
[0m19:01:22.766473 [debug] [Thread-1 (]: Writing runtime sql for node "model.chorus_data_engineer_interview.patient_retention_per_cohort"
[0m19:01:22.767041 [debug] [Thread-1 (]: Using postgres connection "model.chorus_data_engineer_interview.patient_retention_per_cohort"
[0m19:01:22.767359 [debug] [Thread-1 (]: On model.chorus_data_engineer_interview.patient_retention_per_cohort: /* {"app": "dbt", "dbt_version": "1.11.8", "profile_name": "chorus_data_engineer_interview", "target_name": "dev", "node_id": "model.chorus_data_engineer_interview.patient_retention_per_cohort"} */

  create view "postgres"."public"."patient_retention_per_cohort__dbt_tmp"
    
    
  as (
    /*
Write a query to count how many patients had their first encounter in each month (YYYY-MM format) and still had at least one encounter in the following six months.
*/

WITH

first_encounters AS (
    SELECT
        patient_id,
        MIN(encounter_date) AS first_encounter_date
    FROM "postgres"."public"."Encounter"
    GROUP BY patient_id
),

retained_patients AS (
    SELECT
        fe.patient_id,
        fe.first_encounter_date,
        DATE_TRUNC('month', fe.first_encounter_date) AS first_encounter_month,
        MAX(e.encounter_date) AS last_encounter_date
    FROM first_encounters fe
    JOIN "postgres"."public"."Encounter" e ON fe.patient_id = e.patient_id
    WHERE e.encounter_date >= fe.first_encounter_date
    GROUP BY fe.patient_id, fe.first_encounter_date
)

SELECT
    first_encounter_month,
    COUNT(DISTINCT patient_id) AS retained_patients_count
FROM retained_patients
WHERE last_encounter_date >= DATEADD(month, 6, first_encounter_date)
GROUP BY first_encounter_month
ORDER BY first_encounter_month
  );
[0m19:01:22.767647 [debug] [Thread-1 (]: Opening a new connection, currently in state closed
[0m19:01:22.777503 [debug] [Thread-1 (]: Postgres adapter: Postgres error: column "month" does not exist
LINE 37: WHERE last_encounter_date >= DATEADD(month, 6, first_encount...
                                              ^

[0m19:01:22.777825 [debug] [Thread-1 (]: On model.chorus_data_engineer_interview.patient_retention_per_cohort: ROLLBACK
[0m19:01:22.779935 [debug] [Thread-1 (]: On model.chorus_data_engineer_interview.patient_retention_per_cohort: Close
[0m19:01:22.786445 [debug] [Thread-1 (]: Database Error in model patient_retention_per_cohort (models/03_advanced/patient_retention_per_cohort.sql)
  column "month" does not exist
  LINE 37: WHERE last_encounter_date >= DATEADD(month, 6, first_encount...
                                                ^
  compiled code at target/run/chorus_data_engineer_interview/models/03_advanced/patient_retention_per_cohort.sql
[0m19:01:22.787942 [debug] [Thread-1 (]: Sending event: {'category': 'dbt', 'action': 'run_model', 'label': '47eedf90-4cf5-48f3-a91a-737e55e6046a', 'context': [<snowplow_tracker.self_describing_json.SelfDescribingJson object at 0x10b068410>]}
[0m19:01:22.788456 [error] [Thread-1 (]: 1 of 1 ERROR creating sql view model public.patient_retention_per_cohort ....... [[31mERROR[0m in 0.06s]
[0m19:01:22.788873 [debug] [Thread-1 (]: Finished running node model.chorus_data_engineer_interview.patient_retention_per_cohort
[0m19:01:22.789218 [debug] [Thread-7 (]: Marking all children of 'model.chorus_data_engineer_interview.patient_retention_per_cohort' to be skipped because of status 'error'.  Reason: Database Error in model patient_retention_per_cohort (models/03_advanced/patient_retention_per_cohort.sql)
  column "month" does not exist
  LINE 37: WHERE last_encounter_date >= DATEADD(month, 6, first_encount...
                                                ^
  compiled code at target/run/chorus_data_engineer_interview/models/03_advanced/patient_retention_per_cohort.sql.
[0m19:01:22.790561 [debug] [MainThread]: On master: COMMIT
[0m19:01:22.790802 [debug] [MainThread]: Using postgres connection "master"
[0m19:01:22.790992 [debug] [MainThread]: On master: COMMIT
[0m19:01:22.791163 [debug] [MainThread]: Opening a new connection, currently in state closed
[0m19:01:22.797726 [debug] [MainThread]: SQL status: COMMIT in 0.007 seconds
[0m19:01:22.797985 [debug] [MainThread]: On master: Close
[0m19:01:22.798273 [debug] [MainThread]: Connection 'master' was properly closed.
[0m19:01:22.798546 [debug] [MainThread]: Connection 'model.chorus_data_engineer_interview.patient_retention_per_cohort' was properly closed.
[0m19:01:22.798768 [info ] [MainThread]: 
[0m19:01:22.798987 [info ] [MainThread]: Finished running 1 view model in 0 hours 0 minutes and 0.20 seconds (0.20s).
[0m19:01:22.799456 [debug] [MainThread]: Command end result
[0m19:01:22.828900 [debug] [MainThread]: Wrote artifact WritableManifest to /Users/home/PycharmProjects/chorusinnovations/chorus-data-engineering-interview/dbt/target/manifest.json
[0m19:01:22.830279 [debug] [MainThread]: Wrote artifact SemanticManifest to /Users/home/PycharmProjects/chorusinnovations/chorus-data-engineering-interview/dbt/target/semantic_manifest.json
[0m19:01:22.834982 [debug] [MainThread]: Wrote artifact RunExecutionResult to /Users/home/PycharmProjects/chorusinnovations/chorus-data-engineering-interview/dbt/target/run_results.json
[0m19:01:22.835202 [info ] [MainThread]: 
[0m19:01:22.835464 [info ] [MainThread]: [31mCompleted with 1 error, 0 partial successes, and 0 warnings:[0m
[0m19:01:22.835659 [info ] [MainThread]: 
[0m19:01:22.835909 [error] [MainThread]: [31mFailure in model patient_retention_per_cohort (models/03_advanced/patient_retention_per_cohort.sql)[0m
[0m19:01:22.836159 [error] [MainThread]:   Database Error in model patient_retention_per_cohort (models/03_advanced/patient_retention_per_cohort.sql)
  column "month" does not exist
  LINE 37: WHERE last_encounter_date >= DATEADD(month, 6, first_encount...
                                                ^
  compiled code at target/run/chorus_data_engineer_interview/models/03_advanced/patient_retention_per_cohort.sql
[0m19:01:22.836345 [info ] [MainThread]: 
[0m19:01:22.836561 [info ] [MainThread]:   compiled code at target/compiled/chorus_data_engineer_interview/models/03_advanced/patient_retention_per_cohort.sql
[0m19:01:22.836730 [info ] [MainThread]: 
[0m19:01:22.836920 [info ] [MainThread]: Done. PASS=0 WARN=0 ERROR=1 SKIP=0 NO-OP=0 TOTAL=1
[0m19:01:22.839957 [debug] [MainThread]: Resource report: {"command_name": "run", "command_success": false, "command_wall_clock_time": 1.0866534, "process_in_blocks": "0", "process_kernel_time": 0.330935, "process_mem_max_rss": "150618112", "process_out_blocks": "0", "process_user_time": 1.991971}
[0m19:01:22.840269 [debug] [MainThread]: Command `dbt run` failed at 19:01:22.840207 after 1.09 seconds
[0m19:01:22.840527 [debug] [MainThread]: Sending event: {'category': 'dbt', 'action': 'invocation', 'label': 'end', 'context': [<snowplow_tracker.self_describing_json.SelfDescribingJson object at 0x109da4b10>, <snowplow_tracker.self_describing_json.SelfDescribingJson object at 0x108e19b50>, <snowplow_tracker.self_describing_json.SelfDescribingJson object at 0x109a414d0>]}
[0m19:01:22.840765 [debug] [MainThread]: Flushing usage events
[0m19:01:23.185420 [debug] [MainThread]: An error was encountered while trying to flush usage events
[0m19:03:14.115007 [debug] [MainThread]: Sending event: {'category': 'dbt', 'action': 'invocation', 'label': 'start', 'context': [<snowplow_tracker.self_describing_json.SelfDescribingJson object at 0x10d7d6f50>, <snowplow_tracker.self_describing_json.SelfDescribingJson object at 0x10d7cb210>, <snowplow_tracker.self_describing_json.SelfDescribingJson object at 0x10d8c4cd0>]}


============================== 19:03:14.118962 | c7f038a7-a3d7-44b4-a801-861580563efd ==============================
[0m19:03:14.118962 [info ] [MainThread]: Running with dbt=1.11.8
[0m19:03:14.119427 [debug] [MainThread]: running dbt with arguments {'target_path': 'None', 'empty': 'False', 'warn_error': 'None', 'log_cache_events': 'False', 'static_parser': 'True', 'log_path': '/Users/home/PycharmProjects/chorusinnovations/chorus-data-engineering-interview/dbt/logs', 'introspect': 'True', 'debug': 'False', 'fail_fast': 'False', 'send_anonymous_usage_stats': 'True', 'use_experimental_parser': 'False', 'invocation_command': 'dbt run --select patient_retention_per_cohort.sql', 'log_format': 'default', 'write_json': 'True', 'partial_parse': 'True', 'cache_selected_only': 'False', 'warn_error_options': 'WarnErrorOptionsV2(error=[], warn=[], silence=[])', 'profiles_dir': '/Users/home/.dbt', 'no_print': 'None', 'quiet': 'False', 'version_check': 'True', 'use_colors': 'True', 'printer_width': '80', 'indirect_selection': 'eager'}
[0m19:03:14.323713 [debug] [MainThread]: Sending event: {'category': 'dbt', 'action': 'project_id', 'label': 'c7f038a7-a3d7-44b4-a801-861580563efd', 'context': [<snowplow_tracker.self_describing_json.SelfDescribingJson object at 0x10de4ebd0>]}
[0m19:03:14.375136 [debug] [MainThread]: Sending event: {'category': 'dbt', 'action': 'adapter_info', 'label': 'c7f038a7-a3d7-44b4-a801-861580563efd', 'context': [<snowplow_tracker.self_describing_json.SelfDescribingJson object at 0x10aabc2d0>]}
[0m19:03:14.377124 [info ] [MainThread]: Registered adapter: postgres=1.10.0
[0m19:03:14.468920 [debug] [MainThread]: checksum: 7d524ac048c2100769df89d592e662e060a73ca564e31bd9c2a37efdfe8d8ab6, vars: {}, profile: , target: , version: 1.11.8
[0m19:03:14.597417 [debug] [MainThread]: Partial parsing enabled: 0 files deleted, 0 files added, 1 files changed.
[0m19:03:14.598004 [debug] [MainThread]: Partial parsing: updated file: chorus_data_engineer_interview://models/03_advanced/patient_retention_per_cohort.sql
[0m19:03:14.859103 [debug] [MainThread]: Sending event: {'category': 'dbt', 'action': 'load_project', 'label': 'c7f038a7-a3d7-44b4-a801-861580563efd', 'context': [<snowplow_tracker.self_describing_json.SelfDescribingJson object at 0x10c99aa10>]}
[0m19:03:14.955720 [debug] [MainThread]: Wrote artifact WritableManifest to /Users/home/PycharmProjects/chorusinnovations/chorus-data-engineering-interview/dbt/target/manifest.json
[0m19:03:14.958172 [debug] [MainThread]: Wrote artifact SemanticManifest to /Users/home/PycharmProjects/chorusinnovations/chorus-data-engineering-interview/dbt/target/semantic_manifest.json
[0m19:03:14.968984 [debug] [MainThread]: Sending event: {'category': 'dbt', 'action': 'resource_counts', 'label': 'c7f038a7-a3d7-44b4-a801-861580563efd', 'context': [<snowplow_tracker.self_describing_json.SelfDescribingJson object at 0x10e50b790>]}
[0m19:03:14.969384 [info ] [MainThread]: Found 15 models, 21 data tests, 5 sources, 465 macros
[0m19:03:14.969626 [debug] [MainThread]: Sending event: {'category': 'dbt', 'action': 'runnable_timing', 'label': 'c7f038a7-a3d7-44b4-a801-861580563efd', 'context': [<snowplow_tracker.self_describing_json.SelfDescribingJson object at 0x10ddd9b90>]}
[0m19:03:14.971262 [info ] [MainThread]: 
[0m19:03:14.971505 [info ] [MainThread]: Concurrency: 4 threads (target='dev')
[0m19:03:14.971687 [info ] [MainThread]: 
[0m19:03:14.972013 [debug] [MainThread]: Acquiring new postgres connection 'master'
[0m19:03:14.972587 [debug] [ThreadPool]: Acquiring new postgres connection 'list_postgres'
[0m19:03:15.022439 [debug] [ThreadPool]: Using postgres connection "list_postgres"
[0m19:03:15.022762 [debug] [ThreadPool]: On list_postgres: /* {"app": "dbt", "dbt_version": "1.11.8", "profile_name": "chorus_data_engineer_interview", "target_name": "dev", "connection_name": "list_postgres"} */

    select distinct nspname from pg_namespace
  
[0m19:03:15.022970 [debug] [ThreadPool]: Opening a new connection, currently in state init
[0m19:03:15.071448 [debug] [ThreadPool]: SQL status: SELECT 4 in 0.048 seconds
[0m19:03:15.072624 [debug] [ThreadPool]: On list_postgres: Close
[0m19:03:15.076993 [debug] [ThreadPool]: Re-using an available connection from the pool (formerly list_postgres, now list_postgres_public)
[0m19:03:15.081989 [debug] [ThreadPool]: Using postgres connection "list_postgres_public"
[0m19:03:15.082292 [debug] [ThreadPool]: On list_postgres_public: /* {"app": "dbt", "dbt_version": "1.11.8", "profile_name": "chorus_data_engineer_interview", "target_name": "dev", "connection_name": "list_postgres_public"} */
select
      'postgres' as database,
      tablename as name,
      schemaname as schema,
      'table' as type
    from pg_tables
    where schemaname ilike 'public'
    union all
    select
      'postgres' as database,
      viewname as name,
      schemaname as schema,
      'view' as type
    from pg_views
    where schemaname ilike 'public'
    union all
    select
      'postgres' as database,
      matviewname as name,
      schemaname as schema,
      'materialized_view' as type
    from pg_matviews
    where schemaname ilike 'public'
  
[0m19:03:15.082525 [debug] [ThreadPool]: Opening a new connection, currently in state closed
[0m19:03:15.096223 [debug] [ThreadPool]: SQL status: SELECT 16 in 0.014 seconds
[0m19:03:15.097465 [debug] [ThreadPool]: On list_postgres_public: ROLLBACK
[0m19:03:15.098535 [debug] [ThreadPool]: On list_postgres_public: Close
[0m19:03:15.104211 [debug] [MainThread]: Using postgres connection "master"
[0m19:03:15.104532 [debug] [MainThread]: On master: /* {"app": "dbt", "dbt_version": "1.11.8", "profile_name": "chorus_data_engineer_interview", "target_name": "dev", "connection_name": "master"} */
select distinct
        dependent_namespace.nspname as dependent_schema,
        dependent_class.relname as dependent_name,
        referenced_namespace.nspname as referenced_schema,
        referenced_class.relname as referenced_name

    -- Query for views: views are entries in pg_class with an entry in pg_rewrite, but we avoid
    -- a seq scan on pg_rewrite by leveraging the fact there is an "internal" row in pg_depend for
    -- the view...
    from pg_class as dependent_class
    join pg_namespace as dependent_namespace on dependent_namespace.oid = dependent_class.relnamespace
    join pg_depend as dependent_depend on dependent_depend.refobjid = dependent_class.oid
        and dependent_depend.classid = 'pg_rewrite'::regclass
        and dependent_depend.refclassid = 'pg_class'::regclass
        and dependent_depend.deptype = 'i'

    -- ... and via pg_depend (that has a row per column, hence the need for "distinct" above, and
    -- making sure to exclude the internal row to avoid a view appearing to depend on itself)...
    join pg_depend as joining_depend on joining_depend.objid = dependent_depend.objid
        and joining_depend.classid = 'pg_rewrite'::regclass
        and joining_depend.refclassid = 'pg_class'::regclass
        and joining_depend.refobjid != dependent_depend.refobjid

    -- ... we can find the tables they query from in pg_class, but excluding system tables. Note we
    -- don't need need to exclude _dependent_ system tables, because they only query from other
    -- system tables, and so are automatically excluded by excluding _referenced_ system tables
    join pg_class as referenced_class on referenced_class.oid = joining_depend.refobjid
    join pg_namespace as referenced_namespace on referenced_namespace.oid = referenced_class.relnamespace
        and referenced_namespace.nspname != 'information_schema'
        and referenced_namespace.nspname not like 'pg\_%'

    order by
        dependent_schema, dependent_name, referenced_schema, referenced_name;
[0m19:03:15.104808 [debug] [MainThread]: Opening a new connection, currently in state init
[0m19:03:15.116032 [debug] [MainThread]: SQL status: SELECT 11 in 0.011 seconds
[0m19:03:15.118353 [debug] [MainThread]: Sending event: {'category': 'dbt', 'action': 'runnable_timing', 'label': 'c7f038a7-a3d7-44b4-a801-861580563efd', 'context': [<snowplow_tracker.self_describing_json.SelfDescribingJson object at 0x10ebe6f50>]}
[0m19:03:15.118672 [debug] [MainThread]: On master: ROLLBACK
[0m19:03:15.119677 [debug] [MainThread]: On master: COMMIT
[0m19:03:15.119876 [debug] [MainThread]: Using postgres connection "master"
[0m19:03:15.120055 [debug] [MainThread]: On master: COMMIT
[0m19:03:15.121761 [debug] [MainThread]: SQL status: COMMIT in 0.002 seconds
[0m19:03:15.121957 [debug] [MainThread]: On master: Close
[0m19:03:15.124960 [debug] [Thread-1 (]: Began running node model.chorus_data_engineer_interview.patient_retention_per_cohort
[0m19:03:15.125346 [info ] [Thread-1 (]: 1 of 1 START sql view model public.patient_retention_per_cohort ................ [RUN]
[0m19:03:15.125649 [debug] [Thread-1 (]: Re-using an available connection from the pool (formerly list_postgres_public, now model.chorus_data_engineer_interview.patient_retention_per_cohort)
[0m19:03:15.125915 [debug] [Thread-1 (]: Began compiling node model.chorus_data_engineer_interview.patient_retention_per_cohort
[0m19:03:15.131943 [debug] [Thread-1 (]: Writing injected SQL for node "model.chorus_data_engineer_interview.patient_retention_per_cohort"
[0m19:03:15.132678 [debug] [Thread-1 (]: Began executing node model.chorus_data_engineer_interview.patient_retention_per_cohort
[0m19:03:15.160840 [debug] [Thread-1 (]: Writing runtime sql for node "model.chorus_data_engineer_interview.patient_retention_per_cohort"
[0m19:03:15.161440 [debug] [Thread-1 (]: Using postgres connection "model.chorus_data_engineer_interview.patient_retention_per_cohort"
[0m19:03:15.161762 [debug] [Thread-1 (]: On model.chorus_data_engineer_interview.patient_retention_per_cohort: /* {"app": "dbt", "dbt_version": "1.11.8", "profile_name": "chorus_data_engineer_interview", "target_name": "dev", "node_id": "model.chorus_data_engineer_interview.patient_retention_per_cohort"} */

  create view "postgres"."public"."patient_retention_per_cohort__dbt_tmp"
    
    
  as (
    /*
Write a query to count how many patients had their first encounter in each month (YYYY-MM format) and still had at least one encounter in the following six months.
*/

WITH

first_encounters AS (
    SELECT
        patient_id,
        MIN(encounter_date) AS first_encounter_date
    FROM "postgres"."public"."Encounter"
    GROUP BY patient_id
),

retained_patients AS (
    SELECT
        fe.patient_id,
        fe.first_encounter_date,
        DATE_TRUNC('month', fe.first_encounter_date) AS first_encounter_month,
        MAX(e.encounter_date) AS last_encounter_date
    FROM first_encounters fe
    JOIN "postgres"."public"."Encounter" e ON fe.patient_id = e.patient_id
    WHERE e.encounter_date >= fe.first_encounter_date
    GROUP BY fe.patient_id, fe.first_encounter_date
)

SELECT
    first_encounter_month,
    COUNT(DISTINCT patient_id) AS retained_patients_count
FROM retained_patients
WHERE last_encounter_date >= first_encounter_date + INTERVAL '6 months'
GROUP BY first_encounter_month
ORDER BY first_encounter_month
  );
[0m19:03:15.162054 [debug] [Thread-1 (]: Opening a new connection, currently in state closed
[0m19:03:15.174796 [debug] [Thread-1 (]: SQL status: CREATE VIEW in 0.013 seconds
[0m19:03:15.180211 [debug] [Thread-1 (]: Using postgres connection "model.chorus_data_engineer_interview.patient_retention_per_cohort"
[0m19:03:15.180522 [debug] [Thread-1 (]: On model.chorus_data_engineer_interview.patient_retention_per_cohort: /* {"app": "dbt", "dbt_version": "1.11.8", "profile_name": "chorus_data_engineer_interview", "target_name": "dev", "node_id": "model.chorus_data_engineer_interview.patient_retention_per_cohort"} */
alter table "postgres"."public"."patient_retention_per_cohort__dbt_tmp" rename to "patient_retention_per_cohort"
[0m19:03:15.182248 [debug] [Thread-1 (]: SQL status: ALTER TABLE in 0.001 seconds
[0m19:03:15.195539 [debug] [Thread-1 (]: On model.chorus_data_engineer_interview.patient_retention_per_cohort: COMMIT
[0m19:03:15.195831 [debug] [Thread-1 (]: Using postgres connection "model.chorus_data_engineer_interview.patient_retention_per_cohort"
[0m19:03:15.196072 [debug] [Thread-1 (]: On model.chorus_data_engineer_interview.patient_retention_per_cohort: COMMIT
[0m19:03:15.197758 [debug] [Thread-1 (]: SQL status: COMMIT in 0.001 seconds
[0m19:03:15.202577 [debug] [Thread-1 (]: Applying DROP to: "postgres"."public"."patient_retention_per_cohort__dbt_backup"
[0m19:03:15.206257 [debug] [Thread-1 (]: Using postgres connection "model.chorus_data_engineer_interview.patient_retention_per_cohort"
[0m19:03:15.206538 [debug] [Thread-1 (]: On model.chorus_data_engineer_interview.patient_retention_per_cohort: /* {"app": "dbt", "dbt_version": "1.11.8", "profile_name": "chorus_data_engineer_interview", "target_name": "dev", "node_id": "model.chorus_data_engineer_interview.patient_retention_per_cohort"} */
drop view if exists "postgres"."public"."patient_retention_per_cohort__dbt_backup" cascade
[0m19:03:15.208015 [debug] [Thread-1 (]: SQL status: DROP VIEW in 0.001 seconds
[0m19:03:15.209855 [debug] [Thread-1 (]: On model.chorus_data_engineer_interview.patient_retention_per_cohort: Close
[0m19:03:15.211305 [debug] [Thread-1 (]: Sending event: {'category': 'dbt', 'action': 'run_model', 'label': 'c7f038a7-a3d7-44b4-a801-861580563efd', 'context': [<snowplow_tracker.self_describing_json.SelfDescribingJson object at 0x10e61cc90>]}
[0m19:03:15.211837 [info ] [Thread-1 (]: 1 of 1 OK created sql view model public.patient_retention_per_cohort ........... [[32mCREATE VIEW[0m in 0.08s]
[0m19:03:15.212255 [debug] [Thread-1 (]: Finished running node model.chorus_data_engineer_interview.patient_retention_per_cohort
[0m19:03:15.213284 [debug] [MainThread]: On master: COMMIT
[0m19:03:15.213520 [debug] [MainThread]: Using postgres connection "master"
[0m19:03:15.213727 [debug] [MainThread]: On master: COMMIT
[0m19:03:15.213912 [debug] [MainThread]: Opening a new connection, currently in state closed
[0m19:03:15.221176 [debug] [MainThread]: SQL status: COMMIT in 0.007 seconds
[0m19:03:15.221435 [debug] [MainThread]: On master: Close
[0m19:03:15.221713 [debug] [MainThread]: Connection 'master' was properly closed.
[0m19:03:15.221899 [debug] [MainThread]: Connection 'model.chorus_data_engineer_interview.patient_retention_per_cohort' was properly closed.
[0m19:03:15.222099 [info ] [MainThread]: 
[0m19:03:15.222305 [info ] [MainThread]: Finished running 1 view model in 0 hours 0 minutes and 0.25 seconds (0.25s).
[0m19:03:15.222751 [debug] [MainThread]: Command end result
[0m19:03:15.251640 [debug] [MainThread]: Wrote artifact WritableManifest to /Users/home/PycharmProjects/chorusinnovations/chorus-data-engineering-interview/dbt/target/manifest.json
[0m19:03:15.253045 [debug] [MainThread]: Wrote artifact SemanticManifest to /Users/home/PycharmProjects/chorusinnovations/chorus-data-engineering-interview/dbt/target/semantic_manifest.json
[0m19:03:15.258082 [debug] [MainThread]: Wrote artifact RunExecutionResult to /Users/home/PycharmProjects/chorusinnovations/chorus-data-engineering-interview/dbt/target/run_results.json
[0m19:03:15.258305 [info ] [MainThread]: 
[0m19:03:15.258582 [info ] [MainThread]: [32mCompleted successfully[0m
[0m19:03:15.258778 [info ] [MainThread]: 
[0m19:03:15.258987 [info ] [MainThread]: Done. PASS=1 WARN=0 ERROR=0 SKIP=0 NO-OP=0 TOTAL=1
[0m19:03:15.261980 [debug] [MainThread]: Resource report: {"command_name": "run", "command_success": true, "command_wall_clock_time": 1.2132266, "process_in_blocks": "0", "process_kernel_time": 0.364118, "process_mem_max_rss": "150421504", "process_out_blocks": "0", "process_user_time": 2.031511}
[0m19:03:15.262290 [debug] [MainThread]: Command `dbt run` succeeded at 19:03:15.262226 after 1.21 seconds
[0m19:03:15.262532 [debug] [MainThread]: Sending event: {'category': 'dbt', 'action': 'invocation', 'label': 'end', 'context': [<snowplow_tracker.self_describing_json.SelfDescribingJson object at 0x10d8c4690>, <snowplow_tracker.self_describing_json.SelfDescribingJson object at 0x10d8c4750>, <snowplow_tracker.self_describing_json.SelfDescribingJson object at 0x1044c9d50>]}
[0m19:03:15.262773 [debug] [MainThread]: Flushing usage events
[0m19:03:15.783641 [debug] [MainThread]: An error was encountered while trying to flush usage events
[0m19:03:25.015282 [debug] [MainThread]: Sending event: {'category': 'dbt', 'action': 'invocation', 'label': 'start', 'context': [<snowplow_tracker.self_describing_json.SelfDescribingJson object at 0x109633b90>, <snowplow_tracker.self_describing_json.SelfDescribingJson object at 0x1096f7910>, <snowplow_tracker.self_describing_json.SelfDescribingJson object at 0x109720910>]}


============================== 19:03:25.019109 | 26b1a9ff-6579-494f-86c9-f1f81a310753 ==============================
[0m19:03:25.019109 [info ] [MainThread]: Running with dbt=1.11.8
[0m19:03:25.019572 [debug] [MainThread]: running dbt with arguments {'debug': 'False', 'log_cache_events': 'False', 'send_anonymous_usage_stats': 'True', 'fail_fast': 'False', 'indirect_selection': 'eager', 'log_path': '/Users/home/PycharmProjects/chorusinnovations/chorus-data-engineering-interview/dbt/logs', 'no_print': 'None', 'target_path': 'None', 'invocation_command': 'dbt run --select patient_prescription_wo_encounter.sql', 'use_experimental_parser': 'False', 'empty': 'False', 'static_parser': 'True', 'quiet': 'False', 'profiles_dir': '/Users/home/.dbt', 'write_json': 'True', 'printer_width': '80', 'warn_error': 'None', 'log_format': 'default', 'use_colors': 'True', 'version_check': 'True', 'partial_parse': 'True', 'cache_selected_only': 'False', 'introspect': 'True', 'warn_error_options': 'WarnErrorOptionsV2(error=[], warn=[], silence=[])'}
[0m19:03:25.177996 [debug] [MainThread]: Sending event: {'category': 'dbt', 'action': 'project_id', 'label': '26b1a9ff-6579-494f-86c9-f1f81a310753', 'context': [<snowplow_tracker.self_describing_json.SelfDescribingJson object at 0x109ca4f90>]}
[0m19:03:25.229639 [debug] [MainThread]: Sending event: {'category': 'dbt', 'action': 'adapter_info', 'label': '26b1a9ff-6579-494f-86c9-f1f81a310753', 'context': [<snowplow_tracker.self_describing_json.SelfDescribingJson object at 0x1068ed390>]}
[0m19:03:25.231175 [info ] [MainThread]: Registered adapter: postgres=1.10.0
[0m19:03:25.322710 [debug] [MainThread]: checksum: 7d524ac048c2100769df89d592e662e060a73ca564e31bd9c2a37efdfe8d8ab6, vars: {}, profile: , target: , version: 1.11.8
[0m19:03:25.449213 [debug] [MainThread]: Partial parsing enabled: 0 files deleted, 0 files added, 0 files changed.
[0m19:03:25.449572 [debug] [MainThread]: Nothing changed, skipping partial parsing.
[0m19:03:25.449778 [debug] [MainThread]: Partial parsing enabled, no changes found, skipping parsing
[0m19:03:25.491382 [debug] [MainThread]: Sending event: {'category': 'dbt', 'action': 'load_project', 'label': '26b1a9ff-6579-494f-86c9-f1f81a310753', 'context': [<snowplow_tracker.self_describing_json.SelfDescribingJson object at 0x10a45b6d0>]}
[0m19:03:25.610217 [debug] [MainThread]: Wrote artifact WritableManifest to /Users/home/PycharmProjects/chorusinnovations/chorus-data-engineering-interview/dbt/target/manifest.json
[0m19:03:25.611865 [debug] [MainThread]: Wrote artifact SemanticManifest to /Users/home/PycharmProjects/chorusinnovations/chorus-data-engineering-interview/dbt/target/semantic_manifest.json
[0m19:03:25.622581 [debug] [MainThread]: Sending event: {'category': 'dbt', 'action': 'resource_counts', 'label': '26b1a9ff-6579-494f-86c9-f1f81a310753', 'context': [<snowplow_tracker.self_describing_json.SelfDescribingJson object at 0x107ac2810>]}
[0m19:03:25.622980 [info ] [MainThread]: Found 15 models, 21 data tests, 5 sources, 465 macros
[0m19:03:25.623230 [debug] [MainThread]: Sending event: {'category': 'dbt', 'action': 'runnable_timing', 'label': '26b1a9ff-6579-494f-86c9-f1f81a310753', 'context': [<snowplow_tracker.self_describing_json.SelfDescribingJson object at 0x109d4b7d0>]}
[0m19:03:25.624954 [info ] [MainThread]: 
[0m19:03:25.625194 [info ] [MainThread]: Concurrency: 4 threads (target='dev')
[0m19:03:25.625379 [info ] [MainThread]: 
[0m19:03:25.625714 [debug] [MainThread]: Acquiring new postgres connection 'master'
[0m19:03:25.626294 [debug] [ThreadPool]: Acquiring new postgres connection 'list_postgres'
[0m19:03:25.672286 [debug] [ThreadPool]: Using postgres connection "list_postgres"
[0m19:03:25.672546 [debug] [ThreadPool]: On list_postgres: /* {"app": "dbt", "dbt_version": "1.11.8", "profile_name": "chorus_data_engineer_interview", "target_name": "dev", "connection_name": "list_postgres"} */

    select distinct nspname from pg_namespace
  
[0m19:03:25.672750 [debug] [ThreadPool]: Opening a new connection, currently in state init
[0m19:03:25.704086 [debug] [ThreadPool]: SQL status: SELECT 4 in 0.031 seconds
[0m19:03:25.705077 [debug] [ThreadPool]: On list_postgres: Close
[0m19:03:25.709157 [debug] [ThreadPool]: Re-using an available connection from the pool (formerly list_postgres, now list_postgres_public)
[0m19:03:25.713748 [debug] [ThreadPool]: Using postgres connection "list_postgres_public"
[0m19:03:25.714017 [debug] [ThreadPool]: On list_postgres_public: /* {"app": "dbt", "dbt_version": "1.11.8", "profile_name": "chorus_data_engineer_interview", "target_name": "dev", "connection_name": "list_postgres_public"} */
select
      'postgres' as database,
      tablename as name,
      schemaname as schema,
      'table' as type
    from pg_tables
    where schemaname ilike 'public'
    union all
    select
      'postgres' as database,
      viewname as name,
      schemaname as schema,
      'view' as type
    from pg_views
    where schemaname ilike 'public'
    union all
    select
      'postgres' as database,
      matviewname as name,
      schemaname as schema,
      'materialized_view' as type
    from pg_matviews
    where schemaname ilike 'public'
  
[0m19:03:25.714236 [debug] [ThreadPool]: Opening a new connection, currently in state closed
[0m19:03:25.731760 [debug] [ThreadPool]: SQL status: SELECT 17 in 0.017 seconds
[0m19:03:25.732961 [debug] [ThreadPool]: On list_postgres_public: ROLLBACK
[0m19:03:25.734074 [debug] [ThreadPool]: On list_postgres_public: Close
[0m19:03:25.739811 [debug] [MainThread]: Using postgres connection "master"
[0m19:03:25.740145 [debug] [MainThread]: On master: /* {"app": "dbt", "dbt_version": "1.11.8", "profile_name": "chorus_data_engineer_interview", "target_name": "dev", "connection_name": "master"} */
select distinct
        dependent_namespace.nspname as dependent_schema,
        dependent_class.relname as dependent_name,
        referenced_namespace.nspname as referenced_schema,
        referenced_class.relname as referenced_name

    -- Query for views: views are entries in pg_class with an entry in pg_rewrite, but we avoid
    -- a seq scan on pg_rewrite by leveraging the fact there is an "internal" row in pg_depend for
    -- the view...
    from pg_class as dependent_class
    join pg_namespace as dependent_namespace on dependent_namespace.oid = dependent_class.relnamespace
    join pg_depend as dependent_depend on dependent_depend.refobjid = dependent_class.oid
        and dependent_depend.classid = 'pg_rewrite'::regclass
        and dependent_depend.refclassid = 'pg_class'::regclass
        and dependent_depend.deptype = 'i'

    -- ... and via pg_depend (that has a row per column, hence the need for "distinct" above, and
    -- making sure to exclude the internal row to avoid a view appearing to depend on itself)...
    join pg_depend as joining_depend on joining_depend.objid = dependent_depend.objid
        and joining_depend.classid = 'pg_rewrite'::regclass
        and joining_depend.refclassid = 'pg_class'::regclass
        and joining_depend.refobjid != dependent_depend.refobjid

    -- ... we can find the tables they query from in pg_class, but excluding system tables. Note we
    -- don't need need to exclude _dependent_ system tables, because they only query from other
    -- system tables, and so are automatically excluded by excluding _referenced_ system tables
    join pg_class as referenced_class on referenced_class.oid = joining_depend.refobjid
    join pg_namespace as referenced_namespace on referenced_namespace.oid = referenced_class.relnamespace
        and referenced_namespace.nspname != 'information_schema'
        and referenced_namespace.nspname not like 'pg\_%'

    order by
        dependent_schema, dependent_name, referenced_schema, referenced_name;
[0m19:03:25.740429 [debug] [MainThread]: Opening a new connection, currently in state init
[0m19:03:25.752065 [debug] [MainThread]: SQL status: SELECT 12 in 0.012 seconds
[0m19:03:25.754532 [debug] [MainThread]: Sending event: {'category': 'dbt', 'action': 'runnable_timing', 'label': '26b1a9ff-6579-494f-86c9-f1f81a310753', 'context': [<snowplow_tracker.self_describing_json.SelfDescribingJson object at 0x10a321f90>]}
[0m19:03:25.754844 [debug] [MainThread]: On master: ROLLBACK
[0m19:03:25.755906 [debug] [MainThread]: On master: COMMIT
[0m19:03:25.756104 [debug] [MainThread]: Using postgres connection "master"
[0m19:03:25.756287 [debug] [MainThread]: On master: COMMIT
[0m19:03:25.758026 [debug] [MainThread]: SQL status: COMMIT in 0.002 seconds
[0m19:03:25.758300 [debug] [MainThread]: On master: Close
[0m19:03:25.761602 [debug] [Thread-1 (]: Began running node model.chorus_data_engineer_interview.patient_prescription_wo_encounter
[0m19:03:25.762024 [info ] [Thread-1 (]: 1 of 1 START sql view model public.patient_prescription_wo_encounter ........... [RUN]
[0m19:03:25.762370 [debug] [Thread-1 (]: Re-using an available connection from the pool (formerly list_postgres_public, now model.chorus_data_engineer_interview.patient_prescription_wo_encounter)
[0m19:03:25.762623 [debug] [Thread-1 (]: Began compiling node model.chorus_data_engineer_interview.patient_prescription_wo_encounter
[0m19:03:25.769327 [debug] [Thread-1 (]: Writing injected SQL for node "model.chorus_data_engineer_interview.patient_prescription_wo_encounter"
[0m19:03:25.769907 [debug] [Thread-1 (]: Began executing node model.chorus_data_engineer_interview.patient_prescription_wo_encounter
[0m19:03:25.797916 [debug] [Thread-1 (]: Writing runtime sql for node "model.chorus_data_engineer_interview.patient_prescription_wo_encounter"
[0m19:03:25.798694 [debug] [Thread-1 (]: Using postgres connection "model.chorus_data_engineer_interview.patient_prescription_wo_encounter"
[0m19:03:25.798998 [debug] [Thread-1 (]: On model.chorus_data_engineer_interview.patient_prescription_wo_encounter: /* {"app": "dbt", "dbt_version": "1.11.8", "profile_name": "chorus_data_engineer_interview", "target_name": "dev", "node_id": "model.chorus_data_engineer_interview.patient_prescription_wo_encounter"} */

  create view "postgres"."public"."patient_prescription_wo_encounter__dbt_tmp"
    
    
  as (
    /*
 Write a query to find patients who have a record in the MedicationRequest table but no associated encounters in the Encounter table.
 */

WITH

patients_with_medication_requests AS (
    SELECT DISTINCT patient_id
    FROM "postgres"."public"."MedicationRequest"
),

patients_with_encounters AS (
    SELECT DISTINCT patient_id
    FROM "postgres"."public"."Encounter"
)

SELECT
    patient_id
FROM patients_with_medication_requests
WHERE patient_id NOT IN (SELECT patient_id FROM patients_with_encounters)
  );
[0m19:03:25.799270 [debug] [Thread-1 (]: Opening a new connection, currently in state closed
[0m19:03:25.808679 [debug] [Thread-1 (]: SQL status: CREATE VIEW in 0.009 seconds
[0m19:03:25.813515 [debug] [Thread-1 (]: Using postgres connection "model.chorus_data_engineer_interview.patient_prescription_wo_encounter"
[0m19:03:25.813806 [debug] [Thread-1 (]: On model.chorus_data_engineer_interview.patient_prescription_wo_encounter: /* {"app": "dbt", "dbt_version": "1.11.8", "profile_name": "chorus_data_engineer_interview", "target_name": "dev", "node_id": "model.chorus_data_engineer_interview.patient_prescription_wo_encounter"} */
alter table "postgres"."public"."patient_prescription_wo_encounter__dbt_tmp" rename to "patient_prescription_wo_encounter"
[0m19:03:25.815316 [debug] [Thread-1 (]: SQL status: ALTER TABLE in 0.001 seconds
[0m19:03:25.828159 [debug] [Thread-1 (]: On model.chorus_data_engineer_interview.patient_prescription_wo_encounter: COMMIT
[0m19:03:25.828443 [debug] [Thread-1 (]: Using postgres connection "model.chorus_data_engineer_interview.patient_prescription_wo_encounter"
[0m19:03:25.828686 [debug] [Thread-1 (]: On model.chorus_data_engineer_interview.patient_prescription_wo_encounter: COMMIT
[0m19:03:25.831104 [debug] [Thread-1 (]: SQL status: COMMIT in 0.002 seconds
[0m19:03:25.836095 [debug] [Thread-1 (]: Applying DROP to: "postgres"."public"."patient_prescription_wo_encounter__dbt_backup"
[0m19:03:25.839882 [debug] [Thread-1 (]: Using postgres connection "model.chorus_data_engineer_interview.patient_prescription_wo_encounter"
[0m19:03:25.840157 [debug] [Thread-1 (]: On model.chorus_data_engineer_interview.patient_prescription_wo_encounter: /* {"app": "dbt", "dbt_version": "1.11.8", "profile_name": "chorus_data_engineer_interview", "target_name": "dev", "node_id": "model.chorus_data_engineer_interview.patient_prescription_wo_encounter"} */
drop view if exists "postgres"."public"."patient_prescription_wo_encounter__dbt_backup" cascade
[0m19:03:25.841532 [debug] [Thread-1 (]: SQL status: DROP VIEW in 0.001 seconds
[0m19:03:25.843409 [debug] [Thread-1 (]: On model.chorus_data_engineer_interview.patient_prescription_wo_encounter: Close
[0m19:03:25.844875 [debug] [Thread-1 (]: Sending event: {'category': 'dbt', 'action': 'run_model', 'label': '26b1a9ff-6579-494f-86c9-f1f81a310753', 'context': [<snowplow_tracker.self_describing_json.SelfDescribingJson object at 0x10a8bd490>]}
[0m19:03:25.845366 [info ] [Thread-1 (]: 1 of 1 OK created sql view model public.patient_prescription_wo_encounter ...... [[32mCREATE VIEW[0m in 0.08s]
[0m19:03:25.845771 [debug] [Thread-1 (]: Finished running node model.chorus_data_engineer_interview.patient_prescription_wo_encounter
[0m19:03:25.847013 [debug] [MainThread]: On master: COMMIT
[0m19:03:25.847276 [debug] [MainThread]: Using postgres connection "master"
[0m19:03:25.847479 [debug] [MainThread]: On master: COMMIT
[0m19:03:25.847655 [debug] [MainThread]: Opening a new connection, currently in state closed
[0m19:03:25.855824 [debug] [MainThread]: SQL status: COMMIT in 0.008 seconds
[0m19:03:25.856103 [debug] [MainThread]: On master: Close
[0m19:03:25.856400 [debug] [MainThread]: Connection 'master' was properly closed.
[0m19:03:25.856590 [debug] [MainThread]: Connection 'model.chorus_data_engineer_interview.patient_prescription_wo_encounter' was properly closed.
[0m19:03:25.856790 [info ] [MainThread]: 
[0m19:03:25.856998 [info ] [MainThread]: Finished running 1 view model in 0 hours 0 minutes and 0.23 seconds (0.23s).
[0m19:03:25.857451 [debug] [MainThread]: Command end result
[0m19:03:25.886901 [debug] [MainThread]: Wrote artifact WritableManifest to /Users/home/PycharmProjects/chorusinnovations/chorus-data-engineering-interview/dbt/target/manifest.json
[0m19:03:25.888336 [debug] [MainThread]: Wrote artifact SemanticManifest to /Users/home/PycharmProjects/chorusinnovations/chorus-data-engineering-interview/dbt/target/semantic_manifest.json
[0m19:03:25.892984 [debug] [MainThread]: Wrote artifact RunExecutionResult to /Users/home/PycharmProjects/chorusinnovations/chorus-data-engineering-interview/dbt/target/run_results.json
[0m19:03:25.893201 [info ] [MainThread]: 
[0m19:03:25.893470 [info ] [MainThread]: [32mCompleted successfully[0m
[0m19:03:25.893661 [info ] [MainThread]: 
[0m19:03:25.893862 [info ] [MainThread]: Done. PASS=1 WARN=0 ERROR=0 SKIP=0 NO-OP=0 TOTAL=1
[0m19:03:25.896923 [debug] [MainThread]: Resource report: {"command_name": "run", "command_success": true, "command_wall_clock_time": 0.9448541, "process_in_blocks": "0", "process_kernel_time": 0.322494, "process_mem_max_rss": "147193856", "process_out_blocks": "0", "process_user_time": 1.861589}
[0m19:03:25.897221 [debug] [MainThread]: Command `dbt run` succeeded at 19:03:25.897160 after 0.95 seconds
[0m19:03:25.897474 [debug] [MainThread]: Sending event: {'category': 'dbt', 'action': 'invocation', 'label': 'end', 'context': [<snowplow_tracker.self_describing_json.SelfDescribingJson object at 0x109720990>, <snowplow_tracker.self_describing_json.SelfDescribingJson object at 0x1002f1e90>, <snowplow_tracker.self_describing_json.SelfDescribingJson object at 0x105322690>]}
[0m19:03:25.897714 [debug] [MainThread]: Flushing usage events
[0m19:03:26.233314 [debug] [MainThread]: An error was encountered while trying to flush usage events
[0m19:03:31.174434 [debug] [MainThread]: Sending event: {'category': 'dbt', 'action': 'invocation', 'label': 'start', 'context': [<snowplow_tracker.self_describing_json.SelfDescribingJson object at 0x10de3d3d0>, <snowplow_tracker.self_describing_json.SelfDescribingJson object at 0x10df24a50>, <snowplow_tracker.self_describing_json.SelfDescribingJson object at 0x10df24e50>]}


============================== 19:03:31.178254 | 33c6af84-71d9-4582-8be4-747c2b253ad6 ==============================
[0m19:03:31.178254 [info ] [MainThread]: Running with dbt=1.11.8
[0m19:03:31.178745 [debug] [MainThread]: running dbt with arguments {'use_colors': 'True', 'indirect_selection': 'eager', 'partial_parse': 'True', 'quiet': 'False', 'use_experimental_parser': 'False', 'write_json': 'True', 'log_format': 'default', 'cache_selected_only': 'False', 'profiles_dir': '/Users/home/.dbt', 'log_cache_events': 'False', 'warn_error': 'None', 'empty': 'False', 'target_path': 'None', 'version_check': 'True', 'debug': 'False', 'static_parser': 'True', 'printer_width': '80', 'log_path': '/Users/home/PycharmProjects/chorusinnovations/chorus-data-engineering-interview/dbt/logs', 'fail_fast': 'False', 'no_print': 'None', 'introspect': 'True', 'send_anonymous_usage_stats': 'True', 'warn_error_options': 'WarnErrorOptionsV2(error=[], warn=[], silence=[])', 'invocation_command': 'dbt run --select avg_encounter_per_patient.sql'}
[0m19:03:31.330727 [debug] [MainThread]: Sending event: {'category': 'dbt', 'action': 'project_id', 'label': '33c6af84-71d9-4582-8be4-747c2b253ad6', 'context': [<snowplow_tracker.self_describing_json.SelfDescribingJson object at 0x10de3c290>]}
[0m19:03:31.381456 [debug] [MainThread]: Sending event: {'category': 'dbt', 'action': 'adapter_info', 'label': '33c6af84-71d9-4582-8be4-747c2b253ad6', 'context': [<snowplow_tracker.self_describing_json.SelfDescribingJson object at 0x10b0f9e10>]}
[0m19:03:31.382814 [info ] [MainThread]: Registered adapter: postgres=1.10.0
[0m19:03:31.472315 [debug] [MainThread]: checksum: 7d524ac048c2100769df89d592e662e060a73ca564e31bd9c2a37efdfe8d8ab6, vars: {}, profile: , target: , version: 1.11.8
[0m19:03:31.597327 [debug] [MainThread]: Partial parsing enabled: 0 files deleted, 0 files added, 0 files changed.
[0m19:03:31.597674 [debug] [MainThread]: Nothing changed, skipping partial parsing.
[0m19:03:31.597878 [debug] [MainThread]: Partial parsing enabled, no changes found, skipping parsing
[0m19:03:31.638721 [debug] [MainThread]: Sending event: {'category': 'dbt', 'action': 'load_project', 'label': '33c6af84-71d9-4582-8be4-747c2b253ad6', 'context': [<snowplow_tracker.self_describing_json.SelfDescribingJson object at 0x10ed0c710>]}
[0m19:03:31.757626 [debug] [MainThread]: Wrote artifact WritableManifest to /Users/home/PycharmProjects/chorusinnovations/chorus-data-engineering-interview/dbt/target/manifest.json
[0m19:03:31.759413 [debug] [MainThread]: Wrote artifact SemanticManifest to /Users/home/PycharmProjects/chorusinnovations/chorus-data-engineering-interview/dbt/target/semantic_manifest.json
[0m19:03:31.769316 [debug] [MainThread]: Sending event: {'category': 'dbt', 'action': 'resource_counts', 'label': '33c6af84-71d9-4582-8be4-747c2b253ad6', 'context': [<snowplow_tracker.self_describing_json.SelfDescribingJson object at 0x10c2ce550>]}
[0m19:03:31.769700 [info ] [MainThread]: Found 15 models, 21 data tests, 5 sources, 465 macros
[0m19:03:31.769933 [debug] [MainThread]: Sending event: {'category': 'dbt', 'action': 'runnable_timing', 'label': '33c6af84-71d9-4582-8be4-747c2b253ad6', 'context': [<snowplow_tracker.self_describing_json.SelfDescribingJson object at 0x10eb3f6d0>]}
[0m19:03:31.771560 [info ] [MainThread]: 
[0m19:03:31.771789 [info ] [MainThread]: Concurrency: 4 threads (target='dev')
[0m19:03:31.771973 [info ] [MainThread]: 
[0m19:03:31.772306 [debug] [MainThread]: Acquiring new postgres connection 'master'
[0m19:03:31.772901 [debug] [ThreadPool]: Acquiring new postgres connection 'list_postgres'
[0m19:03:31.811877 [debug] [ThreadPool]: Using postgres connection "list_postgres"
[0m19:03:31.812160 [debug] [ThreadPool]: On list_postgres: /* {"app": "dbt", "dbt_version": "1.11.8", "profile_name": "chorus_data_engineer_interview", "target_name": "dev", "connection_name": "list_postgres"} */

    select distinct nspname from pg_namespace
  
[0m19:03:31.812370 [debug] [ThreadPool]: Opening a new connection, currently in state init
[0m19:03:31.843921 [debug] [ThreadPool]: SQL status: SELECT 4 in 0.032 seconds
[0m19:03:31.844904 [debug] [ThreadPool]: On list_postgres: Close
[0m19:03:31.849039 [debug] [ThreadPool]: Re-using an available connection from the pool (formerly list_postgres, now list_postgres_public)
[0m19:03:31.853650 [debug] [ThreadPool]: Using postgres connection "list_postgres_public"
[0m19:03:31.853922 [debug] [ThreadPool]: On list_postgres_public: /* {"app": "dbt", "dbt_version": "1.11.8", "profile_name": "chorus_data_engineer_interview", "target_name": "dev", "connection_name": "list_postgres_public"} */
select
      'postgres' as database,
      tablename as name,
      schemaname as schema,
      'table' as type
    from pg_tables
    where schemaname ilike 'public'
    union all
    select
      'postgres' as database,
      viewname as name,
      schemaname as schema,
      'view' as type
    from pg_views
    where schemaname ilike 'public'
    union all
    select
      'postgres' as database,
      matviewname as name,
      schemaname as schema,
      'materialized_view' as type
    from pg_matviews
    where schemaname ilike 'public'
  
[0m19:03:31.854144 [debug] [ThreadPool]: Opening a new connection, currently in state closed
[0m19:03:31.870042 [debug] [ThreadPool]: SQL status: SELECT 18 in 0.016 seconds
[0m19:03:31.871245 [debug] [ThreadPool]: On list_postgres_public: ROLLBACK
[0m19:03:31.872348 [debug] [ThreadPool]: On list_postgres_public: Close
[0m19:03:31.877931 [debug] [MainThread]: Using postgres connection "master"
[0m19:03:31.878247 [debug] [MainThread]: On master: /* {"app": "dbt", "dbt_version": "1.11.8", "profile_name": "chorus_data_engineer_interview", "target_name": "dev", "connection_name": "master"} */
select distinct
        dependent_namespace.nspname as dependent_schema,
        dependent_class.relname as dependent_name,
        referenced_namespace.nspname as referenced_schema,
        referenced_class.relname as referenced_name

    -- Query for views: views are entries in pg_class with an entry in pg_rewrite, but we avoid
    -- a seq scan on pg_rewrite by leveraging the fact there is an "internal" row in pg_depend for
    -- the view...
    from pg_class as dependent_class
    join pg_namespace as dependent_namespace on dependent_namespace.oid = dependent_class.relnamespace
    join pg_depend as dependent_depend on dependent_depend.refobjid = dependent_class.oid
        and dependent_depend.classid = 'pg_rewrite'::regclass
        and dependent_depend.refclassid = 'pg_class'::regclass
        and dependent_depend.deptype = 'i'

    -- ... and via pg_depend (that has a row per column, hence the need for "distinct" above, and
    -- making sure to exclude the internal row to avoid a view appearing to depend on itself)...
    join pg_depend as joining_depend on joining_depend.objid = dependent_depend.objid
        and joining_depend.classid = 'pg_rewrite'::regclass
        and joining_depend.refclassid = 'pg_class'::regclass
        and joining_depend.refobjid != dependent_depend.refobjid

    -- ... we can find the tables they query from in pg_class, but excluding system tables. Note we
    -- don't need need to exclude _dependent_ system tables, because they only query from other
    -- system tables, and so are automatically excluded by excluding _referenced_ system tables
    join pg_class as referenced_class on referenced_class.oid = joining_depend.refobjid
    join pg_namespace as referenced_namespace on referenced_namespace.oid = referenced_class.relnamespace
        and referenced_namespace.nspname != 'information_schema'
        and referenced_namespace.nspname not like 'pg\_%'

    order by
        dependent_schema, dependent_name, referenced_schema, referenced_name;
[0m19:03:31.878520 [debug] [MainThread]: Opening a new connection, currently in state init
[0m19:03:31.890367 [debug] [MainThread]: SQL status: SELECT 14 in 0.012 seconds
[0m19:03:31.892991 [debug] [MainThread]: Sending event: {'category': 'dbt', 'action': 'runnable_timing', 'label': '33c6af84-71d9-4582-8be4-747c2b253ad6', 'context': [<snowplow_tracker.self_describing_json.SelfDescribingJson object at 0x10d76a310>]}
[0m19:03:31.893303 [debug] [MainThread]: On master: ROLLBACK
[0m19:03:31.894235 [debug] [MainThread]: On master: COMMIT
[0m19:03:31.894482 [debug] [MainThread]: Using postgres connection "master"
[0m19:03:31.894680 [debug] [MainThread]: On master: COMMIT
[0m19:03:31.896293 [debug] [MainThread]: SQL status: COMMIT in 0.001 seconds
[0m19:03:31.896503 [debug] [MainThread]: On master: Close
[0m19:03:31.899606 [debug] [Thread-1 (]: Began running node model.chorus_data_engineer_interview.avg_encounter_per_patient
[0m19:03:31.900011 [info ] [Thread-1 (]: 1 of 1 START sql view model public.avg_encounter_per_patient ................... [RUN]
[0m19:03:31.900341 [debug] [Thread-1 (]: Re-using an available connection from the pool (formerly list_postgres_public, now model.chorus_data_engineer_interview.avg_encounter_per_patient)
[0m19:03:31.900593 [debug] [Thread-1 (]: Began compiling node model.chorus_data_engineer_interview.avg_encounter_per_patient
[0m19:03:31.906947 [debug] [Thread-1 (]: Writing injected SQL for node "model.chorus_data_engineer_interview.avg_encounter_per_patient"
[0m19:03:31.907489 [debug] [Thread-1 (]: Began executing node model.chorus_data_engineer_interview.avg_encounter_per_patient
[0m19:03:31.934672 [debug] [Thread-1 (]: Writing runtime sql for node "model.chorus_data_engineer_interview.avg_encounter_per_patient"
[0m19:03:31.935443 [debug] [Thread-1 (]: Using postgres connection "model.chorus_data_engineer_interview.avg_encounter_per_patient"
[0m19:03:31.935742 [debug] [Thread-1 (]: On model.chorus_data_engineer_interview.avg_encounter_per_patient: /* {"app": "dbt", "dbt_version": "1.11.8", "profile_name": "chorus_data_engineer_interview", "target_name": "dev", "node_id": "model.chorus_data_engineer_interview.avg_encounter_per_patient"} */

  create view "postgres"."public"."avg_encounter_per_patient__dbt_tmp"
    
    
  as (
    /*
 Calculate the average number of encounters per patient, rounded to two decimal places.
 */

WITH encounter_counts AS (
    SELECT
        patient_id,
        COUNT(*) AS encounter_count
    FROM "postgres"."public"."Encounter"
    GROUP BY patient_id
)

SELECT
    ROUND(AVG(encounter_count), 2) AS avg_encounters_per_patient
FROM encounter_counts
  );
[0m19:03:31.936003 [debug] [Thread-1 (]: Opening a new connection, currently in state closed
[0m19:03:31.947692 [debug] [Thread-1 (]: SQL status: CREATE VIEW in 0.012 seconds
[0m19:03:31.953258 [debug] [Thread-1 (]: Using postgres connection "model.chorus_data_engineer_interview.avg_encounter_per_patient"
[0m19:03:31.953664 [debug] [Thread-1 (]: On model.chorus_data_engineer_interview.avg_encounter_per_patient: /* {"app": "dbt", "dbt_version": "1.11.8", "profile_name": "chorus_data_engineer_interview", "target_name": "dev", "node_id": "model.chorus_data_engineer_interview.avg_encounter_per_patient"} */
alter table "postgres"."public"."avg_encounter_per_patient" rename to "avg_encounter_per_patient__dbt_backup"
[0m19:03:31.955110 [debug] [Thread-1 (]: SQL status: ALTER TABLE in 0.001 seconds
[0m19:03:31.957413 [debug] [Thread-1 (]: Using postgres connection "model.chorus_data_engineer_interview.avg_encounter_per_patient"
[0m19:03:31.957684 [debug] [Thread-1 (]: On model.chorus_data_engineer_interview.avg_encounter_per_patient: /* {"app": "dbt", "dbt_version": "1.11.8", "profile_name": "chorus_data_engineer_interview", "target_name": "dev", "node_id": "model.chorus_data_engineer_interview.avg_encounter_per_patient"} */
alter table "postgres"."public"."avg_encounter_per_patient__dbt_tmp" rename to "avg_encounter_per_patient"
[0m19:03:31.959220 [debug] [Thread-1 (]: SQL status: ALTER TABLE in 0.001 seconds
[0m19:03:31.973436 [debug] [Thread-1 (]: On model.chorus_data_engineer_interview.avg_encounter_per_patient: COMMIT
[0m19:03:31.973718 [debug] [Thread-1 (]: Using postgres connection "model.chorus_data_engineer_interview.avg_encounter_per_patient"
[0m19:03:31.973953 [debug] [Thread-1 (]: On model.chorus_data_engineer_interview.avg_encounter_per_patient: COMMIT
[0m19:03:31.976490 [debug] [Thread-1 (]: SQL status: COMMIT in 0.002 seconds
[0m19:03:31.983880 [debug] [Thread-1 (]: Applying DROP to: "postgres"."public"."avg_encounter_per_patient__dbt_backup"
[0m19:03:31.988386 [debug] [Thread-1 (]: Using postgres connection "model.chorus_data_engineer_interview.avg_encounter_per_patient"
[0m19:03:31.988672 [debug] [Thread-1 (]: On model.chorus_data_engineer_interview.avg_encounter_per_patient: /* {"app": "dbt", "dbt_version": "1.11.8", "profile_name": "chorus_data_engineer_interview", "target_name": "dev", "node_id": "model.chorus_data_engineer_interview.avg_encounter_per_patient"} */
drop view if exists "postgres"."public"."avg_encounter_per_patient__dbt_backup" cascade
[0m19:03:31.991521 [debug] [Thread-1 (]: SQL status: DROP VIEW in 0.003 seconds
[0m19:03:31.993390 [debug] [Thread-1 (]: On model.chorus_data_engineer_interview.avg_encounter_per_patient: Close
[0m19:03:31.994860 [debug] [Thread-1 (]: Sending event: {'category': 'dbt', 'action': 'run_model', 'label': '33c6af84-71d9-4582-8be4-747c2b253ad6', 'context': [<snowplow_tracker.self_describing_json.SelfDescribingJson object at 0x10e43b3d0>]}
[0m19:03:31.995384 [info ] [Thread-1 (]: 1 of 1 OK created sql view model public.avg_encounter_per_patient .............. [[32mCREATE VIEW[0m in 0.09s]
[0m19:03:31.995798 [debug] [Thread-1 (]: Finished running node model.chorus_data_engineer_interview.avg_encounter_per_patient
[0m19:03:31.996864 [debug] [MainThread]: On master: COMMIT
[0m19:03:31.997106 [debug] [MainThread]: Using postgres connection "master"
[0m19:03:31.997297 [debug] [MainThread]: On master: COMMIT
[0m19:03:31.997473 [debug] [MainThread]: Opening a new connection, currently in state closed
[0m19:03:32.005236 [debug] [MainThread]: SQL status: COMMIT in 0.008 seconds
[0m19:03:32.005492 [debug] [MainThread]: On master: Close
[0m19:03:32.005769 [debug] [MainThread]: Connection 'master' was properly closed.
[0m19:03:32.005953 [debug] [MainThread]: Connection 'model.chorus_data_engineer_interview.avg_encounter_per_patient' was properly closed.
[0m19:03:32.006152 [info ] [MainThread]: 
[0m19:03:32.006360 [info ] [MainThread]: Finished running 1 view model in 0 hours 0 minutes and 0.23 seconds (0.23s).
[0m19:03:32.006802 [debug] [MainThread]: Command end result
[0m19:03:32.036277 [debug] [MainThread]: Wrote artifact WritableManifest to /Users/home/PycharmProjects/chorusinnovations/chorus-data-engineering-interview/dbt/target/manifest.json
[0m19:03:32.037692 [debug] [MainThread]: Wrote artifact SemanticManifest to /Users/home/PycharmProjects/chorusinnovations/chorus-data-engineering-interview/dbt/target/semantic_manifest.json
[0m19:03:32.042369 [debug] [MainThread]: Wrote artifact RunExecutionResult to /Users/home/PycharmProjects/chorusinnovations/chorus-data-engineering-interview/dbt/target/run_results.json
[0m19:03:32.042588 [info ] [MainThread]: 
[0m19:03:32.042862 [info ] [MainThread]: [32mCompleted successfully[0m
[0m19:03:32.043053 [info ] [MainThread]: 
[0m19:03:32.043255 [info ] [MainThread]: Done. PASS=1 WARN=0 ERROR=0 SKIP=0 NO-OP=0 TOTAL=1
[0m19:03:32.046241 [debug] [MainThread]: Resource report: {"command_name": "run", "command_success": true, "command_wall_clock_time": 0.9344421, "process_in_blocks": "0", "process_kernel_time": 0.262595, "process_mem_max_rss": "146997248", "process_out_blocks": "0", "process_user_time": 1.829979}
[0m19:03:32.046538 [debug] [MainThread]: Command `dbt run` succeeded at 19:03:32.046476 after 0.93 seconds
[0m19:03:32.046774 [debug] [MainThread]: Sending event: {'category': 'dbt', 'action': 'invocation', 'label': 'end', 'context': [<snowplow_tracker.self_describing_json.SelfDescribingJson object at 0x10df02390>, <snowplow_tracker.self_describing_json.SelfDescribingJson object at 0x10df01b10>, <snowplow_tracker.self_describing_json.SelfDescribingJson object at 0x104ab5e90>]}
[0m19:03:32.047017 [debug] [MainThread]: Flushing usage events
[0m19:03:32.399753 [debug] [MainThread]: An error was encountered while trying to flush usage events
[0m19:03:38.953792 [debug] [MainThread]: Sending event: {'category': 'dbt', 'action': 'invocation', 'label': 'start', 'context': [<snowplow_tracker.self_describing_json.SelfDescribingJson object at 0x10bd7d390>, <snowplow_tracker.self_describing_json.SelfDescribingJson object at 0x10bd73210>, <snowplow_tracker.self_describing_json.SelfDescribingJson object at 0x10bd73350>]}


============================== 19:03:38.959565 | 63a597bf-438b-495f-b5ed-837ce482bfb5 ==============================
[0m19:03:38.959565 [info ] [MainThread]: Running with dbt=1.11.8
[0m19:03:38.960338 [debug] [MainThread]: running dbt with arguments {'warn_error_options': 'WarnErrorOptionsV2(error=[], warn=[], silence=[])', 'use_experimental_parser': 'False', 'partial_parse': 'True', 'log_cache_events': 'False', 'printer_width': '80', 'invocation_command': 'dbt run --select patient_multi_practitioners.sql', 'introspect': 'True', 'write_json': 'True', 'cache_selected_only': 'False', 'warn_error': 'None', 'empty': 'False', 'use_colors': 'True', 'debug': 'False', 'indirect_selection': 'eager', 'profiles_dir': '/Users/home/.dbt', 'target_path': 'None', 'version_check': 'True', 'log_format': 'default', 'send_anonymous_usage_stats': 'True', 'quiet': 'False', 'log_path': '/Users/home/PycharmProjects/chorusinnovations/chorus-data-engineering-interview/dbt/logs', 'fail_fast': 'False', 'no_print': 'None', 'static_parser': 'True'}
[0m19:03:39.263668 [debug] [MainThread]: Sending event: {'category': 'dbt', 'action': 'project_id', 'label': '63a597bf-438b-495f-b5ed-837ce482bfb5', 'context': [<snowplow_tracker.self_describing_json.SelfDescribingJson object at 0x10c3f2f50>]}
[0m19:03:39.381085 [debug] [MainThread]: Sending event: {'category': 'dbt', 'action': 'adapter_info', 'label': '63a597bf-438b-495f-b5ed-837ce482bfb5', 'context': [<snowplow_tracker.self_describing_json.SelfDescribingJson object at 0x109039410>]}
[0m19:03:39.383445 [info ] [MainThread]: Registered adapter: postgres=1.10.0
[0m19:03:39.553738 [debug] [MainThread]: checksum: 7d524ac048c2100769df89d592e662e060a73ca564e31bd9c2a37efdfe8d8ab6, vars: {}, profile: , target: , version: 1.11.8
[0m19:03:39.745013 [debug] [MainThread]: Partial parsing enabled: 0 files deleted, 0 files added, 0 files changed.
[0m19:03:39.745560 [debug] [MainThread]: Nothing changed, skipping partial parsing.
[0m19:03:39.745886 [debug] [MainThread]: Partial parsing enabled, no changes found, skipping parsing
[0m19:03:39.813224 [debug] [MainThread]: Sending event: {'category': 'dbt', 'action': 'load_project', 'label': '63a597bf-438b-495f-b5ed-837ce482bfb5', 'context': [<snowplow_tracker.self_describing_json.SelfDescribingJson object at 0x10cafca50>]}
[0m19:03:39.959809 [debug] [MainThread]: Wrote artifact WritableManifest to /Users/home/PycharmProjects/chorusinnovations/chorus-data-engineering-interview/dbt/target/manifest.json
[0m19:03:39.961619 [debug] [MainThread]: Wrote artifact SemanticManifest to /Users/home/PycharmProjects/chorusinnovations/chorus-data-engineering-interview/dbt/target/semantic_manifest.json
[0m19:03:39.973079 [debug] [MainThread]: Sending event: {'category': 'dbt', 'action': 'resource_counts', 'label': '63a597bf-438b-495f-b5ed-837ce482bfb5', 'context': [<snowplow_tracker.self_describing_json.SelfDescribingJson object at 0x10c4b9810>]}
[0m19:03:39.973531 [info ] [MainThread]: Found 15 models, 21 data tests, 5 sources, 465 macros
[0m19:03:39.973811 [debug] [MainThread]: Sending event: {'category': 'dbt', 'action': 'runnable_timing', 'label': '63a597bf-438b-495f-b5ed-837ce482bfb5', 'context': [<snowplow_tracker.self_describing_json.SelfDescribingJson object at 0x10ca7efd0>]}
[0m19:03:39.975722 [info ] [MainThread]: 
[0m19:03:39.975996 [info ] [MainThread]: Concurrency: 4 threads (target='dev')
[0m19:03:39.976210 [info ] [MainThread]: 
[0m19:03:39.976736 [debug] [MainThread]: Acquiring new postgres connection 'master'
[0m19:03:39.977448 [debug] [ThreadPool]: Acquiring new postgres connection 'list_postgres'
[0m19:03:40.022415 [debug] [ThreadPool]: Using postgres connection "list_postgres"
[0m19:03:40.022722 [debug] [ThreadPool]: On list_postgres: /* {"app": "dbt", "dbt_version": "1.11.8", "profile_name": "chorus_data_engineer_interview", "target_name": "dev", "connection_name": "list_postgres"} */

    select distinct nspname from pg_namespace
  
[0m19:03:40.022952 [debug] [ThreadPool]: Opening a new connection, currently in state init
[0m19:03:40.062954 [debug] [ThreadPool]: SQL status: SELECT 4 in 0.040 seconds
[0m19:03:40.063982 [debug] [ThreadPool]: On list_postgres: Close
[0m19:03:40.068083 [debug] [ThreadPool]: Re-using an available connection from the pool (formerly list_postgres, now list_postgres_public)
[0m19:03:40.072786 [debug] [ThreadPool]: Using postgres connection "list_postgres_public"
[0m19:03:40.073063 [debug] [ThreadPool]: On list_postgres_public: /* {"app": "dbt", "dbt_version": "1.11.8", "profile_name": "chorus_data_engineer_interview", "target_name": "dev", "connection_name": "list_postgres_public"} */
select
      'postgres' as database,
      tablename as name,
      schemaname as schema,
      'table' as type
    from pg_tables
    where schemaname ilike 'public'
    union all
    select
      'postgres' as database,
      viewname as name,
      schemaname as schema,
      'view' as type
    from pg_views
    where schemaname ilike 'public'
    union all
    select
      'postgres' as database,
      matviewname as name,
      schemaname as schema,
      'materialized_view' as type
    from pg_matviews
    where schemaname ilike 'public'
  
[0m19:03:40.073284 [debug] [ThreadPool]: Opening a new connection, currently in state closed
[0m19:03:40.095037 [debug] [ThreadPool]: SQL status: SELECT 18 in 0.022 seconds
[0m19:03:40.096280 [debug] [ThreadPool]: On list_postgres_public: ROLLBACK
[0m19:03:40.097377 [debug] [ThreadPool]: On list_postgres_public: Close
[0m19:03:40.103323 [debug] [MainThread]: Using postgres connection "master"
[0m19:03:40.103662 [debug] [MainThread]: On master: /* {"app": "dbt", "dbt_version": "1.11.8", "profile_name": "chorus_data_engineer_interview", "target_name": "dev", "connection_name": "master"} */
select distinct
        dependent_namespace.nspname as dependent_schema,
        dependent_class.relname as dependent_name,
        referenced_namespace.nspname as referenced_schema,
        referenced_class.relname as referenced_name

    -- Query for views: views are entries in pg_class with an entry in pg_rewrite, but we avoid
    -- a seq scan on pg_rewrite by leveraging the fact there is an "internal" row in pg_depend for
    -- the view...
    from pg_class as dependent_class
    join pg_namespace as dependent_namespace on dependent_namespace.oid = dependent_class.relnamespace
    join pg_depend as dependent_depend on dependent_depend.refobjid = dependent_class.oid
        and dependent_depend.classid = 'pg_rewrite'::regclass
        and dependent_depend.refclassid = 'pg_class'::regclass
        and dependent_depend.deptype = 'i'

    -- ... and via pg_depend (that has a row per column, hence the need for "distinct" above, and
    -- making sure to exclude the internal row to avoid a view appearing to depend on itself)...
    join pg_depend as joining_depend on joining_depend.objid = dependent_depend.objid
        and joining_depend.classid = 'pg_rewrite'::regclass
        and joining_depend.refclassid = 'pg_class'::regclass
        and joining_depend.refobjid != dependent_depend.refobjid

    -- ... we can find the tables they query from in pg_class, but excluding system tables. Note we
    -- don't need need to exclude _dependent_ system tables, because they only query from other
    -- system tables, and so are automatically excluded by excluding _referenced_ system tables
    join pg_class as referenced_class on referenced_class.oid = joining_depend.refobjid
    join pg_namespace as referenced_namespace on referenced_namespace.oid = referenced_class.relnamespace
        and referenced_namespace.nspname != 'information_schema'
        and referenced_namespace.nspname not like 'pg\_%'

    order by
        dependent_schema, dependent_name, referenced_schema, referenced_name;
[0m19:03:40.103944 [debug] [MainThread]: Opening a new connection, currently in state init
[0m19:03:40.115973 [debug] [MainThread]: SQL status: SELECT 14 in 0.012 seconds
[0m19:03:40.118673 [debug] [MainThread]: Sending event: {'category': 'dbt', 'action': 'runnable_timing', 'label': '63a597bf-438b-495f-b5ed-837ce482bfb5', 'context': [<snowplow_tracker.self_describing_json.SelfDescribingJson object at 0x10c3f03d0>]}
[0m19:03:40.119008 [debug] [MainThread]: On master: ROLLBACK
[0m19:03:40.120083 [debug] [MainThread]: On master: COMMIT
[0m19:03:40.120351 [debug] [MainThread]: Using postgres connection "master"
[0m19:03:40.120561 [debug] [MainThread]: On master: COMMIT
[0m19:03:40.122675 [debug] [MainThread]: SQL status: COMMIT in 0.002 seconds
[0m19:03:40.122951 [debug] [MainThread]: On master: Close
[0m19:03:40.126088 [debug] [Thread-1 (]: Began running node model.chorus_data_engineer_interview.patient_multi_practitioners
[0m19:03:40.126504 [info ] [Thread-1 (]: 1 of 1 START sql view model public.patient_multi_practitioners ................. [RUN]
[0m19:03:40.126828 [debug] [Thread-1 (]: Re-using an available connection from the pool (formerly list_postgres_public, now model.chorus_data_engineer_interview.patient_multi_practitioners)
[0m19:03:40.127076 [debug] [Thread-1 (]: Began compiling node model.chorus_data_engineer_interview.patient_multi_practitioners
[0m19:03:40.133669 [debug] [Thread-1 (]: Writing injected SQL for node "model.chorus_data_engineer_interview.patient_multi_practitioners"
[0m19:03:40.134446 [debug] [Thread-1 (]: Began executing node model.chorus_data_engineer_interview.patient_multi_practitioners
[0m19:03:40.162093 [debug] [Thread-1 (]: Writing runtime sql for node "model.chorus_data_engineer_interview.patient_multi_practitioners"
[0m19:03:40.163052 [debug] [Thread-1 (]: Using postgres connection "model.chorus_data_engineer_interview.patient_multi_practitioners"
[0m19:03:40.163366 [debug] [Thread-1 (]: On model.chorus_data_engineer_interview.patient_multi_practitioners: /* {"app": "dbt", "dbt_version": "1.11.8", "profile_name": "chorus_data_engineer_interview", "target_name": "dev", "node_id": "model.chorus_data_engineer_interview.patient_multi_practitioners"} */

  create view "postgres"."public"."patient_multi_practitioners__dbt_tmp"
    
    
  as (
    /*
Write a query to return a list of patient IDs who have had encounters with more than one distinct practitioner.
 */

WITH practitioner_counts AS (
    SELECT
        patient_id,
        COUNT(DISTINCT practitioner_id) AS distinct_practitioners
    FROM "postgres"."public"."Encounter"
    GROUP BY patient_id
)
SELECT
    patient_id
FROM practitioner_counts
WHERE distinct_practitioners > 1
  );
[0m19:03:40.163638 [debug] [Thread-1 (]: Opening a new connection, currently in state closed
[0m19:03:40.175664 [debug] [Thread-1 (]: SQL status: CREATE VIEW in 0.012 seconds
[0m19:03:40.181037 [debug] [Thread-1 (]: Using postgres connection "model.chorus_data_engineer_interview.patient_multi_practitioners"
[0m19:03:40.181495 [debug] [Thread-1 (]: On model.chorus_data_engineer_interview.patient_multi_practitioners: /* {"app": "dbt", "dbt_version": "1.11.8", "profile_name": "chorus_data_engineer_interview", "target_name": "dev", "node_id": "model.chorus_data_engineer_interview.patient_multi_practitioners"} */
alter table "postgres"."public"."patient_multi_practitioners" rename to "patient_multi_practitioners__dbt_backup"
[0m19:03:40.183340 [debug] [Thread-1 (]: SQL status: ALTER TABLE in 0.002 seconds
[0m19:03:40.185652 [debug] [Thread-1 (]: Using postgres connection "model.chorus_data_engineer_interview.patient_multi_practitioners"
[0m19:03:40.185922 [debug] [Thread-1 (]: On model.chorus_data_engineer_interview.patient_multi_practitioners: /* {"app": "dbt", "dbt_version": "1.11.8", "profile_name": "chorus_data_engineer_interview", "target_name": "dev", "node_id": "model.chorus_data_engineer_interview.patient_multi_practitioners"} */
alter table "postgres"."public"."patient_multi_practitioners__dbt_tmp" rename to "patient_multi_practitioners"
[0m19:03:40.187368 [debug] [Thread-1 (]: SQL status: ALTER TABLE in 0.001 seconds
[0m19:03:40.201996 [debug] [Thread-1 (]: On model.chorus_data_engineer_interview.patient_multi_practitioners: COMMIT
[0m19:03:40.202309 [debug] [Thread-1 (]: Using postgres connection "model.chorus_data_engineer_interview.patient_multi_practitioners"
[0m19:03:40.202555 [debug] [Thread-1 (]: On model.chorus_data_engineer_interview.patient_multi_practitioners: COMMIT
[0m19:03:40.204706 [debug] [Thread-1 (]: SQL status: COMMIT in 0.002 seconds
[0m19:03:40.209432 [debug] [Thread-1 (]: Applying DROP to: "postgres"."public"."patient_multi_practitioners__dbt_backup"
[0m19:03:40.213158 [debug] [Thread-1 (]: Using postgres connection "model.chorus_data_engineer_interview.patient_multi_practitioners"
[0m19:03:40.213434 [debug] [Thread-1 (]: On model.chorus_data_engineer_interview.patient_multi_practitioners: /* {"app": "dbt", "dbt_version": "1.11.8", "profile_name": "chorus_data_engineer_interview", "target_name": "dev", "node_id": "model.chorus_data_engineer_interview.patient_multi_practitioners"} */
drop view if exists "postgres"."public"."patient_multi_practitioners__dbt_backup" cascade
[0m19:03:40.216051 [debug] [Thread-1 (]: SQL status: DROP VIEW in 0.002 seconds
[0m19:03:40.218013 [debug] [Thread-1 (]: On model.chorus_data_engineer_interview.patient_multi_practitioners: Close
[0m19:03:40.219461 [debug] [Thread-1 (]: Sending event: {'category': 'dbt', 'action': 'run_model', 'label': '63a597bf-438b-495f-b5ed-837ce482bfb5', 'context': [<snowplow_tracker.self_describing_json.SelfDescribingJson object at 0x10d006850>]}
[0m19:03:40.219949 [info ] [Thread-1 (]: 1 of 1 OK created sql view model public.patient_multi_practitioners ............ [[32mCREATE VIEW[0m in 0.09s]
[0m19:03:40.220347 [debug] [Thread-1 (]: Finished running node model.chorus_data_engineer_interview.patient_multi_practitioners
[0m19:03:40.221321 [debug] [MainThread]: On master: COMMIT
[0m19:03:40.221528 [debug] [MainThread]: Using postgres connection "master"
[0m19:03:40.221705 [debug] [MainThread]: On master: COMMIT
[0m19:03:40.221870 [debug] [MainThread]: Opening a new connection, currently in state closed
[0m19:03:40.229446 [debug] [MainThread]: SQL status: COMMIT in 0.008 seconds
[0m19:03:40.229732 [debug] [MainThread]: On master: Close
[0m19:03:40.230033 [debug] [MainThread]: Connection 'master' was properly closed.
[0m19:03:40.230222 [debug] [MainThread]: Connection 'model.chorus_data_engineer_interview.patient_multi_practitioners' was properly closed.
[0m19:03:40.230433 [info ] [MainThread]: 
[0m19:03:40.230647 [info ] [MainThread]: Finished running 1 view model in 0 hours 0 minutes and 0.25 seconds (0.25s).
[0m19:03:40.231101 [debug] [MainThread]: Command end result
[0m19:03:40.262405 [debug] [MainThread]: Wrote artifact WritableManifest to /Users/home/PycharmProjects/chorusinnovations/chorus-data-engineering-interview/dbt/target/manifest.json
[0m19:03:40.264157 [debug] [MainThread]: Wrote artifact SemanticManifest to /Users/home/PycharmProjects/chorusinnovations/chorus-data-engineering-interview/dbt/target/semantic_manifest.json
[0m19:03:40.268898 [debug] [MainThread]: Wrote artifact RunExecutionResult to /Users/home/PycharmProjects/chorusinnovations/chorus-data-engineering-interview/dbt/target/run_results.json
[0m19:03:40.269128 [info ] [MainThread]: 
[0m19:03:40.269417 [info ] [MainThread]: [32mCompleted successfully[0m
[0m19:03:40.269616 [info ] [MainThread]: 
[0m19:03:40.269837 [info ] [MainThread]: Done. PASS=1 WARN=0 ERROR=0 SKIP=0 NO-OP=0 TOTAL=1
[0m19:03:40.272728 [debug] [MainThread]: Resource report: {"command_name": "run", "command_success": true, "command_wall_clock_time": 1.4250344, "process_in_blocks": "0", "process_kernel_time": 0.361744, "process_mem_max_rss": "144097280", "process_out_blocks": "0", "process_user_time": 2.331699}
[0m19:03:40.273039 [debug] [MainThread]: Command `dbt run` succeeded at 19:03:40.272977 after 1.43 seconds
[0m19:03:40.273290 [debug] [MainThread]: Sending event: {'category': 'dbt', 'action': 'invocation', 'label': 'end', 'context': [<snowplow_tracker.self_describing_json.SelfDescribingJson object at 0x1029e5e90>, <snowplow_tracker.self_describing_json.SelfDescribingJson object at 0x10bd724d0>, <snowplow_tracker.self_describing_json.SelfDescribingJson object at 0x10bd72610>]}
[0m19:03:40.273531 [debug] [MainThread]: Flushing usage events
[0m19:03:40.618790 [debug] [MainThread]: An error was encountered while trying to flush usage events
[0m19:03:45.541714 [debug] [MainThread]: Sending event: {'category': 'dbt', 'action': 'invocation', 'label': 'start', 'context': [<snowplow_tracker.self_describing_json.SelfDescribingJson object at 0x10ba42c90>, <snowplow_tracker.self_describing_json.SelfDescribingJson object at 0x10b7d96d0>, <snowplow_tracker.self_describing_json.SelfDescribingJson object at 0x10bb3cbd0>]}


============================== 19:03:45.545471 | cb84a228-feb4-4082-b79e-74c0fcb99c38 ==============================
[0m19:03:45.545471 [info ] [MainThread]: Running with dbt=1.11.8
[0m19:03:45.545928 [debug] [MainThread]: running dbt with arguments {'static_parser': 'True', 'warn_error': 'None', 'introspect': 'True', 'use_experimental_parser': 'False', 'printer_width': '80', 'use_colors': 'True', 'target_path': 'None', 'warn_error_options': 'WarnErrorOptionsV2(error=[], warn=[], silence=[])', 'debug': 'False', 'quiet': 'False', 'fail_fast': 'False', 'log_format': 'default', 'cache_selected_only': 'False', 'invocation_command': 'dbt run --select practictioner_no_prescriptions.sql', 'log_path': '/Users/home/PycharmProjects/chorusinnovations/chorus-data-engineering-interview/dbt/logs', 'empty': 'False', 'write_json': 'True', 'profiles_dir': '/Users/home/.dbt', 'partial_parse': 'True', 'send_anonymous_usage_stats': 'True', 'version_check': 'True', 'no_print': 'None', 'log_cache_events': 'False', 'indirect_selection': 'eager'}
[0m19:03:45.697294 [debug] [MainThread]: Sending event: {'category': 'dbt', 'action': 'project_id', 'label': 'cb84a228-feb4-4082-b79e-74c0fcb99c38', 'context': [<snowplow_tracker.self_describing_json.SelfDescribingJson object at 0x10c08fd50>]}
[0m19:03:45.748039 [debug] [MainThread]: Sending event: {'category': 'dbt', 'action': 'adapter_info', 'label': 'cb84a228-feb4-4082-b79e-74c0fcb99c38', 'context': [<snowplow_tracker.self_describing_json.SelfDescribingJson object at 0x108d08e50>]}
[0m19:03:45.749339 [info ] [MainThread]: Registered adapter: postgres=1.10.0
[0m19:03:45.838792 [debug] [MainThread]: checksum: 7d524ac048c2100769df89d592e662e060a73ca564e31bd9c2a37efdfe8d8ab6, vars: {}, profile: , target: , version: 1.11.8
[0m19:03:45.964743 [debug] [MainThread]: Partial parsing enabled: 0 files deleted, 0 files added, 0 files changed.
[0m19:03:45.965094 [debug] [MainThread]: Nothing changed, skipping partial parsing.
[0m19:03:45.965298 [debug] [MainThread]: Partial parsing enabled, no changes found, skipping parsing
[0m19:03:46.005992 [debug] [MainThread]: Sending event: {'category': 'dbt', 'action': 'load_project', 'label': 'cb84a228-feb4-4082-b79e-74c0fcb99c38', 'context': [<snowplow_tracker.self_describing_json.SelfDescribingJson object at 0x10c8e7b10>]}
[0m19:03:46.123145 [debug] [MainThread]: Wrote artifact WritableManifest to /Users/home/PycharmProjects/chorusinnovations/chorus-data-engineering-interview/dbt/target/manifest.json
[0m19:03:46.124773 [debug] [MainThread]: Wrote artifact SemanticManifest to /Users/home/PycharmProjects/chorusinnovations/chorus-data-engineering-interview/dbt/target/semantic_manifest.json
[0m19:03:46.134597 [debug] [MainThread]: Sending event: {'category': 'dbt', 'action': 'resource_counts', 'label': 'cb84a228-feb4-4082-b79e-74c0fcb99c38', 'context': [<snowplow_tracker.self_describing_json.SelfDescribingJson object at 0x10c73cf10>]}
[0m19:03:46.134982 [info ] [MainThread]: Found 15 models, 21 data tests, 5 sources, 465 macros
[0m19:03:46.135219 [debug] [MainThread]: Sending event: {'category': 'dbt', 'action': 'runnable_timing', 'label': 'cb84a228-feb4-4082-b79e-74c0fcb99c38', 'context': [<snowplow_tracker.self_describing_json.SelfDescribingJson object at 0x10c74dd90>]}
[0m19:03:46.136872 [info ] [MainThread]: 
[0m19:03:46.137109 [info ] [MainThread]: Concurrency: 4 threads (target='dev')
[0m19:03:46.137290 [info ] [MainThread]: 
[0m19:03:46.137622 [debug] [MainThread]: Acquiring new postgres connection 'master'
[0m19:03:46.138224 [debug] [ThreadPool]: Acquiring new postgres connection 'list_postgres'
[0m19:03:46.177146 [debug] [ThreadPool]: Using postgres connection "list_postgres"
[0m19:03:46.177417 [debug] [ThreadPool]: On list_postgres: /* {"app": "dbt", "dbt_version": "1.11.8", "profile_name": "chorus_data_engineer_interview", "target_name": "dev", "connection_name": "list_postgres"} */

    select distinct nspname from pg_namespace
  
[0m19:03:46.177625 [debug] [ThreadPool]: Opening a new connection, currently in state init
[0m19:03:46.210161 [debug] [ThreadPool]: SQL status: SELECT 4 in 0.033 seconds
[0m19:03:46.211106 [debug] [ThreadPool]: On list_postgres: Close
[0m19:03:46.215134 [debug] [ThreadPool]: Re-using an available connection from the pool (formerly list_postgres, now list_postgres_public)
[0m19:03:46.219761 [debug] [ThreadPool]: Using postgres connection "list_postgres_public"
[0m19:03:46.220032 [debug] [ThreadPool]: On list_postgres_public: /* {"app": "dbt", "dbt_version": "1.11.8", "profile_name": "chorus_data_engineer_interview", "target_name": "dev", "connection_name": "list_postgres_public"} */
select
      'postgres' as database,
      tablename as name,
      schemaname as schema,
      'table' as type
    from pg_tables
    where schemaname ilike 'public'
    union all
    select
      'postgres' as database,
      viewname as name,
      schemaname as schema,
      'view' as type
    from pg_views
    where schemaname ilike 'public'
    union all
    select
      'postgres' as database,
      matviewname as name,
      schemaname as schema,
      'materialized_view' as type
    from pg_matviews
    where schemaname ilike 'public'
  
[0m19:03:46.220253 [debug] [ThreadPool]: Opening a new connection, currently in state closed
[0m19:03:46.234437 [debug] [ThreadPool]: SQL status: SELECT 18 in 0.014 seconds
[0m19:03:46.235618 [debug] [ThreadPool]: On list_postgres_public: ROLLBACK
[0m19:03:46.236743 [debug] [ThreadPool]: On list_postgres_public: Close
[0m19:03:46.242590 [debug] [MainThread]: Using postgres connection "master"
[0m19:03:46.242921 [debug] [MainThread]: On master: /* {"app": "dbt", "dbt_version": "1.11.8", "profile_name": "chorus_data_engineer_interview", "target_name": "dev", "connection_name": "master"} */
select distinct
        dependent_namespace.nspname as dependent_schema,
        dependent_class.relname as dependent_name,
        referenced_namespace.nspname as referenced_schema,
        referenced_class.relname as referenced_name

    -- Query for views: views are entries in pg_class with an entry in pg_rewrite, but we avoid
    -- a seq scan on pg_rewrite by leveraging the fact there is an "internal" row in pg_depend for
    -- the view...
    from pg_class as dependent_class
    join pg_namespace as dependent_namespace on dependent_namespace.oid = dependent_class.relnamespace
    join pg_depend as dependent_depend on dependent_depend.refobjid = dependent_class.oid
        and dependent_depend.classid = 'pg_rewrite'::regclass
        and dependent_depend.refclassid = 'pg_class'::regclass
        and dependent_depend.deptype = 'i'

    -- ... and via pg_depend (that has a row per column, hence the need for "distinct" above, and
    -- making sure to exclude the internal row to avoid a view appearing to depend on itself)...
    join pg_depend as joining_depend on joining_depend.objid = dependent_depend.objid
        and joining_depend.classid = 'pg_rewrite'::regclass
        and joining_depend.refclassid = 'pg_class'::regclass
        and joining_depend.refobjid != dependent_depend.refobjid

    -- ... we can find the tables they query from in pg_class, but excluding system tables. Note we
    -- don't need need to exclude _dependent_ system tables, because they only query from other
    -- system tables, and so are automatically excluded by excluding _referenced_ system tables
    join pg_class as referenced_class on referenced_class.oid = joining_depend.refobjid
    join pg_namespace as referenced_namespace on referenced_namespace.oid = referenced_class.relnamespace
        and referenced_namespace.nspname != 'information_schema'
        and referenced_namespace.nspname not like 'pg\_%'

    order by
        dependent_schema, dependent_name, referenced_schema, referenced_name;
[0m19:03:46.243206 [debug] [MainThread]: Opening a new connection, currently in state init
[0m19:03:46.255018 [debug] [MainThread]: SQL status: SELECT 14 in 0.012 seconds
[0m19:03:46.257672 [debug] [MainThread]: Sending event: {'category': 'dbt', 'action': 'runnable_timing', 'label': 'cb84a228-feb4-4082-b79e-74c0fcb99c38', 'context': [<snowplow_tracker.self_describing_json.SelfDescribingJson object at 0x10c771250>]}
[0m19:03:46.257984 [debug] [MainThread]: On master: ROLLBACK
[0m19:03:46.259124 [debug] [MainThread]: On master: COMMIT
[0m19:03:46.259326 [debug] [MainThread]: Using postgres connection "master"
[0m19:03:46.259503 [debug] [MainThread]: On master: COMMIT
[0m19:03:46.261109 [debug] [MainThread]: SQL status: COMMIT in 0.001 seconds
[0m19:03:46.261388 [debug] [MainThread]: On master: Close
[0m19:03:46.264582 [debug] [Thread-1 (]: Began running node model.chorus_data_engineer_interview.practictioner_no_prescriptions
[0m19:03:46.265014 [info ] [Thread-1 (]: 1 of 1 START sql view model public.practictioner_no_prescriptions .............. [RUN]
[0m19:03:46.265349 [debug] [Thread-1 (]: Re-using an available connection from the pool (formerly list_postgres_public, now model.chorus_data_engineer_interview.practictioner_no_prescriptions)
[0m19:03:46.265598 [debug] [Thread-1 (]: Began compiling node model.chorus_data_engineer_interview.practictioner_no_prescriptions
[0m19:03:46.272167 [debug] [Thread-1 (]: Writing injected SQL for node "model.chorus_data_engineer_interview.practictioner_no_prescriptions"
[0m19:03:46.272856 [debug] [Thread-1 (]: Began executing node model.chorus_data_engineer_interview.practictioner_no_prescriptions
[0m19:03:46.300633 [debug] [Thread-1 (]: Writing runtime sql for node "model.chorus_data_engineer_interview.practictioner_no_prescriptions"
[0m19:03:46.301396 [debug] [Thread-1 (]: Using postgres connection "model.chorus_data_engineer_interview.practictioner_no_prescriptions"
[0m19:03:46.301712 [debug] [Thread-1 (]: On model.chorus_data_engineer_interview.practictioner_no_prescriptions: /* {"app": "dbt", "dbt_version": "1.11.8", "profile_name": "chorus_data_engineer_interview", "target_name": "dev", "node_id": "model.chorus_data_engineer_interview.practictioner_no_prescriptions"} */

  create view "postgres"."public"."practictioner_no_prescriptions__dbt_tmp"
    
    
  as (
    /*
 Write a query to find all practitioners who do not appear in the MedicationRequest table as a prescribing practitioner.
 */

WITH prescribing_practitioners AS (
    SELECT DISTINCT practitioner_id
    FROM "postgres"."public"."MedicationRequest"
)

SELECT
    id AS practitioner_id,
    name,
    specialty
FROM "postgres"."public"."Practitioner"
WHERE id NOT IN (SELECT practitioner_id FROM prescribing_practitioners)
  );
[0m19:03:46.301984 [debug] [Thread-1 (]: Opening a new connection, currently in state closed
[0m19:03:46.312588 [debug] [Thread-1 (]: SQL status: CREATE VIEW in 0.011 seconds
[0m19:03:46.317907 [debug] [Thread-1 (]: Using postgres connection "model.chorus_data_engineer_interview.practictioner_no_prescriptions"
[0m19:03:46.318195 [debug] [Thread-1 (]: On model.chorus_data_engineer_interview.practictioner_no_prescriptions: /* {"app": "dbt", "dbt_version": "1.11.8", "profile_name": "chorus_data_engineer_interview", "target_name": "dev", "node_id": "model.chorus_data_engineer_interview.practictioner_no_prescriptions"} */
alter table "postgres"."public"."practictioner_no_prescriptions" rename to "practictioner_no_prescriptions__dbt_backup"
[0m19:03:46.319817 [debug] [Thread-1 (]: SQL status: ALTER TABLE in 0.001 seconds
[0m19:03:46.322157 [debug] [Thread-1 (]: Using postgres connection "model.chorus_data_engineer_interview.practictioner_no_prescriptions"
[0m19:03:46.322435 [debug] [Thread-1 (]: On model.chorus_data_engineer_interview.practictioner_no_prescriptions: /* {"app": "dbt", "dbt_version": "1.11.8", "profile_name": "chorus_data_engineer_interview", "target_name": "dev", "node_id": "model.chorus_data_engineer_interview.practictioner_no_prescriptions"} */
alter table "postgres"."public"."practictioner_no_prescriptions__dbt_tmp" rename to "practictioner_no_prescriptions"
[0m19:03:46.323854 [debug] [Thread-1 (]: SQL status: ALTER TABLE in 0.001 seconds
[0m19:03:46.338158 [debug] [Thread-1 (]: On model.chorus_data_engineer_interview.practictioner_no_prescriptions: COMMIT
[0m19:03:46.338460 [debug] [Thread-1 (]: Using postgres connection "model.chorus_data_engineer_interview.practictioner_no_prescriptions"
[0m19:03:46.338701 [debug] [Thread-1 (]: On model.chorus_data_engineer_interview.practictioner_no_prescriptions: COMMIT
[0m19:03:46.340340 [debug] [Thread-1 (]: SQL status: COMMIT in 0.001 seconds
[0m19:03:46.345154 [debug] [Thread-1 (]: Applying DROP to: "postgres"."public"."practictioner_no_prescriptions__dbt_backup"
[0m19:03:46.349299 [debug] [Thread-1 (]: Using postgres connection "model.chorus_data_engineer_interview.practictioner_no_prescriptions"
[0m19:03:46.349593 [debug] [Thread-1 (]: On model.chorus_data_engineer_interview.practictioner_no_prescriptions: /* {"app": "dbt", "dbt_version": "1.11.8", "profile_name": "chorus_data_engineer_interview", "target_name": "dev", "node_id": "model.chorus_data_engineer_interview.practictioner_no_prescriptions"} */
drop view if exists "postgres"."public"."practictioner_no_prescriptions__dbt_backup" cascade
[0m19:03:46.352920 [debug] [Thread-1 (]: SQL status: DROP VIEW in 0.003 seconds
[0m19:03:46.354831 [debug] [Thread-1 (]: On model.chorus_data_engineer_interview.practictioner_no_prescriptions: Close
[0m19:03:46.356462 [debug] [Thread-1 (]: Sending event: {'category': 'dbt', 'action': 'run_model', 'label': 'cb84a228-feb4-4082-b79e-74c0fcb99c38', 'context': [<snowplow_tracker.self_describing_json.SelfDescribingJson object at 0x10cd46690>]}
[0m19:03:46.357034 [info ] [Thread-1 (]: 1 of 1 OK created sql view model public.practictioner_no_prescriptions ......... [[32mCREATE VIEW[0m in 0.09s]
[0m19:03:46.357461 [debug] [Thread-1 (]: Finished running node model.chorus_data_engineer_interview.practictioner_no_prescriptions
[0m19:03:46.358733 [debug] [MainThread]: On master: COMMIT
[0m19:03:46.358996 [debug] [MainThread]: Using postgres connection "master"
[0m19:03:46.359200 [debug] [MainThread]: On master: COMMIT
[0m19:03:46.359381 [debug] [MainThread]: Opening a new connection, currently in state closed
[0m19:03:46.367977 [debug] [MainThread]: SQL status: COMMIT in 0.009 seconds
[0m19:03:46.368287 [debug] [MainThread]: On master: Close
[0m19:03:46.368576 [debug] [MainThread]: Connection 'master' was properly closed.
[0m19:03:46.368761 [debug] [MainThread]: Connection 'model.chorus_data_engineer_interview.practictioner_no_prescriptions' was properly closed.
[0m19:03:46.368963 [info ] [MainThread]: 
[0m19:03:46.369173 [info ] [MainThread]: Finished running 1 view model in 0 hours 0 minutes and 0.23 seconds (0.23s).
[0m19:03:46.369640 [debug] [MainThread]: Command end result
[0m19:03:46.398990 [debug] [MainThread]: Wrote artifact WritableManifest to /Users/home/PycharmProjects/chorusinnovations/chorus-data-engineering-interview/dbt/target/manifest.json
[0m19:03:46.400450 [debug] [MainThread]: Wrote artifact SemanticManifest to /Users/home/PycharmProjects/chorusinnovations/chorus-data-engineering-interview/dbt/target/semantic_manifest.json
[0m19:03:46.405064 [debug] [MainThread]: Wrote artifact RunExecutionResult to /Users/home/PycharmProjects/chorusinnovations/chorus-data-engineering-interview/dbt/target/run_results.json
[0m19:03:46.405284 [info ] [MainThread]: 
[0m19:03:46.405561 [info ] [MainThread]: [32mCompleted successfully[0m
[0m19:03:46.405751 [info ] [MainThread]: 
[0m19:03:46.405952 [info ] [MainThread]: Done. PASS=1 WARN=0 ERROR=0 SKIP=0 NO-OP=0 TOTAL=1
[0m19:03:46.409102 [debug] [MainThread]: Resource report: {"command_name": "run", "command_success": true, "command_wall_clock_time": 0.93335253, "process_in_blocks": "0", "process_kernel_time": 0.27704, "process_mem_max_rss": "147095552", "process_out_blocks": "0", "process_user_time": 1.854793}
[0m19:03:46.409445 [debug] [MainThread]: Command `dbt run` succeeded at 19:03:46.409376 after 0.93 seconds
[0m19:03:46.409715 [debug] [MainThread]: Sending event: {'category': 'dbt', 'action': 'invocation', 'label': 'end', 'context': [<snowplow_tracker.self_describing_json.SelfDescribingJson object at 0x10bb12050>, <snowplow_tracker.self_describing_json.SelfDescribingJson object at 0x10bb12450>, <snowplow_tracker.self_describing_json.SelfDescribingJson object at 0x1075d1d50>]}
[0m19:03:46.409968 [debug] [MainThread]: Flushing usage events
[0m19:03:46.760900 [debug] [MainThread]: An error was encountered while trying to flush usage events
[0m19:03:51.247121 [debug] [MainThread]: Sending event: {'category': 'dbt', 'action': 'invocation', 'label': 'start', 'context': [<snowplow_tracker.self_describing_json.SelfDescribingJson object at 0x109724410>, <snowplow_tracker.self_describing_json.SelfDescribingJson object at 0x1098089d0>, <snowplow_tracker.self_describing_json.SelfDescribingJson object at 0x109808dd0>]}


============================== 19:03:51.250888 | 0fca327f-5f6e-498c-9f2f-5574678959cd ==============================
[0m19:03:51.250888 [info ] [MainThread]: Running with dbt=1.11.8
[0m19:03:51.251352 [debug] [MainThread]: running dbt with arguments {'log_path': '/Users/home/PycharmProjects/chorusinnovations/chorus-data-engineering-interview/dbt/logs', 'write_json': 'True', 'use_experimental_parser': 'False', 'log_format': 'default', 'no_print': 'None', 'invocation_command': 'dbt run --select patient_multi_practitioners.sql', 'profiles_dir': '/Users/home/.dbt', 'indirect_selection': 'eager', 'partial_parse': 'True', 'quiet': 'False', 'printer_width': '80', 'target_path': 'None', 'send_anonymous_usage_stats': 'True', 'version_check': 'True', 'empty': 'False', 'introspect': 'True', 'static_parser': 'True', 'warn_error': 'None', 'use_colors': 'True', 'debug': 'False', 'warn_error_options': 'WarnErrorOptionsV2(error=[], warn=[], silence=[])', 'log_cache_events': 'False', 'fail_fast': 'False', 'cache_selected_only': 'False'}
[0m19:03:51.403305 [debug] [MainThread]: Sending event: {'category': 'dbt', 'action': 'project_id', 'label': '0fca327f-5f6e-498c-9f2f-5574678959cd', 'context': [<snowplow_tracker.self_describing_json.SelfDescribingJson object at 0x109048b50>]}
[0m19:03:51.454065 [debug] [MainThread]: Sending event: {'category': 'dbt', 'action': 'adapter_info', 'label': '0fca327f-5f6e-498c-9f2f-5574678959cd', 'context': [<snowplow_tracker.self_describing_json.SelfDescribingJson object at 0x1069e0990>]}
[0m19:03:51.455422 [info ] [MainThread]: Registered adapter: postgres=1.10.0
[0m19:03:51.543512 [debug] [MainThread]: checksum: 7d524ac048c2100769df89d592e662e060a73ca564e31bd9c2a37efdfe8d8ab6, vars: {}, profile: , target: , version: 1.11.8
[0m19:03:51.668121 [debug] [MainThread]: Partial parsing enabled: 0 files deleted, 0 files added, 0 files changed.
[0m19:03:51.668473 [debug] [MainThread]: Nothing changed, skipping partial parsing.
[0m19:03:51.668683 [debug] [MainThread]: Partial parsing enabled, no changes found, skipping parsing
[0m19:03:51.709259 [debug] [MainThread]: Sending event: {'category': 'dbt', 'action': 'load_project', 'label': '0fca327f-5f6e-498c-9f2f-5574678959cd', 'context': [<snowplow_tracker.self_describing_json.SelfDescribingJson object at 0x109e62250>]}
[0m19:03:51.827721 [debug] [MainThread]: Wrote artifact WritableManifest to /Users/home/PycharmProjects/chorusinnovations/chorus-data-engineering-interview/dbt/target/manifest.json
[0m19:03:51.829333 [debug] [MainThread]: Wrote artifact SemanticManifest to /Users/home/PycharmProjects/chorusinnovations/chorus-data-engineering-interview/dbt/target/semantic_manifest.json
[0m19:03:51.839607 [debug] [MainThread]: Sending event: {'category': 'dbt', 'action': 'resource_counts', 'label': '0fca327f-5f6e-498c-9f2f-5574678959cd', 'context': [<snowplow_tracker.self_describing_json.SelfDescribingJson object at 0x107bb6f90>]}
[0m19:03:51.840001 [info ] [MainThread]: Found 15 models, 21 data tests, 5 sources, 465 macros
[0m19:03:51.840239 [debug] [MainThread]: Sending event: {'category': 'dbt', 'action': 'runnable_timing', 'label': '0fca327f-5f6e-498c-9f2f-5574678959cd', 'context': [<snowplow_tracker.self_describing_json.SelfDescribingJson object at 0x10a5f47d0>]}
[0m19:03:51.841897 [info ] [MainThread]: 
[0m19:03:51.842132 [info ] [MainThread]: Concurrency: 4 threads (target='dev')
[0m19:03:51.842317 [info ] [MainThread]: 
[0m19:03:51.842642 [debug] [MainThread]: Acquiring new postgres connection 'master'
[0m19:03:51.843213 [debug] [ThreadPool]: Acquiring new postgres connection 'list_postgres'
[0m19:03:51.882506 [debug] [ThreadPool]: Using postgres connection "list_postgres"
[0m19:03:51.882763 [debug] [ThreadPool]: On list_postgres: /* {"app": "dbt", "dbt_version": "1.11.8", "profile_name": "chorus_data_engineer_interview", "target_name": "dev", "connection_name": "list_postgres"} */

    select distinct nspname from pg_namespace
  
[0m19:03:51.882976 [debug] [ThreadPool]: Opening a new connection, currently in state init
[0m19:03:51.914998 [debug] [ThreadPool]: SQL status: SELECT 4 in 0.032 seconds
[0m19:03:51.915975 [debug] [ThreadPool]: On list_postgres: Close
[0m19:03:51.920047 [debug] [ThreadPool]: Re-using an available connection from the pool (formerly list_postgres, now list_postgres_public)
[0m19:03:51.924731 [debug] [ThreadPool]: Using postgres connection "list_postgres_public"
[0m19:03:51.924994 [debug] [ThreadPool]: On list_postgres_public: /* {"app": "dbt", "dbt_version": "1.11.8", "profile_name": "chorus_data_engineer_interview", "target_name": "dev", "connection_name": "list_postgres_public"} */
select
      'postgres' as database,
      tablename as name,
      schemaname as schema,
      'table' as type
    from pg_tables
    where schemaname ilike 'public'
    union all
    select
      'postgres' as database,
      viewname as name,
      schemaname as schema,
      'view' as type
    from pg_views
    where schemaname ilike 'public'
    union all
    select
      'postgres' as database,
      matviewname as name,
      schemaname as schema,
      'materialized_view' as type
    from pg_matviews
    where schemaname ilike 'public'
  
[0m19:03:51.925216 [debug] [ThreadPool]: Opening a new connection, currently in state closed
[0m19:03:51.939038 [debug] [ThreadPool]: SQL status: SELECT 18 in 0.014 seconds
[0m19:03:51.940199 [debug] [ThreadPool]: On list_postgres_public: ROLLBACK
[0m19:03:51.941178 [debug] [ThreadPool]: On list_postgres_public: Close
[0m19:03:51.946976 [debug] [MainThread]: Using postgres connection "master"
[0m19:03:51.947325 [debug] [MainThread]: On master: /* {"app": "dbt", "dbt_version": "1.11.8", "profile_name": "chorus_data_engineer_interview", "target_name": "dev", "connection_name": "master"} */
select distinct
        dependent_namespace.nspname as dependent_schema,
        dependent_class.relname as dependent_name,
        referenced_namespace.nspname as referenced_schema,
        referenced_class.relname as referenced_name

    -- Query for views: views are entries in pg_class with an entry in pg_rewrite, but we avoid
    -- a seq scan on pg_rewrite by leveraging the fact there is an "internal" row in pg_depend for
    -- the view...
    from pg_class as dependent_class
    join pg_namespace as dependent_namespace on dependent_namespace.oid = dependent_class.relnamespace
    join pg_depend as dependent_depend on dependent_depend.refobjid = dependent_class.oid
        and dependent_depend.classid = 'pg_rewrite'::regclass
        and dependent_depend.refclassid = 'pg_class'::regclass
        and dependent_depend.deptype = 'i'

    -- ... and via pg_depend (that has a row per column, hence the need for "distinct" above, and
    -- making sure to exclude the internal row to avoid a view appearing to depend on itself)...
    join pg_depend as joining_depend on joining_depend.objid = dependent_depend.objid
        and joining_depend.classid = 'pg_rewrite'::regclass
        and joining_depend.refclassid = 'pg_class'::regclass
        and joining_depend.refobjid != dependent_depend.refobjid

    -- ... we can find the tables they query from in pg_class, but excluding system tables. Note we
    -- don't need need to exclude _dependent_ system tables, because they only query from other
    -- system tables, and so are automatically excluded by excluding _referenced_ system tables
    join pg_class as referenced_class on referenced_class.oid = joining_depend.refobjid
    join pg_namespace as referenced_namespace on referenced_namespace.oid = referenced_class.relnamespace
        and referenced_namespace.nspname != 'information_schema'
        and referenced_namespace.nspname not like 'pg\_%'

    order by
        dependent_schema, dependent_name, referenced_schema, referenced_name;
[0m19:03:51.947613 [debug] [MainThread]: Opening a new connection, currently in state init
[0m19:03:51.959715 [debug] [MainThread]: SQL status: SELECT 14 in 0.012 seconds
[0m19:03:51.962438 [debug] [MainThread]: Sending event: {'category': 'dbt', 'action': 'runnable_timing', 'label': '0fca327f-5f6e-498c-9f2f-5574678959cd', 'context': [<snowplow_tracker.self_describing_json.SelfDescribingJson object at 0x10a45d1d0>]}
[0m19:03:51.962772 [debug] [MainThread]: On master: ROLLBACK
[0m19:03:51.963837 [debug] [MainThread]: On master: COMMIT
[0m19:03:51.964036 [debug] [MainThread]: Using postgres connection "master"
[0m19:03:51.964214 [debug] [MainThread]: On master: COMMIT
[0m19:03:51.965990 [debug] [MainThread]: SQL status: COMMIT in 0.002 seconds
[0m19:03:51.966209 [debug] [MainThread]: On master: Close
[0m19:03:51.969162 [debug] [Thread-1 (]: Began running node model.chorus_data_engineer_interview.patient_multi_practitioners
[0m19:03:51.969572 [info ] [Thread-1 (]: 1 of 1 START sql view model public.patient_multi_practitioners ................. [RUN]
[0m19:03:51.969892 [debug] [Thread-1 (]: Re-using an available connection from the pool (formerly list_postgres_public, now model.chorus_data_engineer_interview.patient_multi_practitioners)
[0m19:03:51.970135 [debug] [Thread-1 (]: Began compiling node model.chorus_data_engineer_interview.patient_multi_practitioners
[0m19:03:51.976575 [debug] [Thread-1 (]: Writing injected SQL for node "model.chorus_data_engineer_interview.patient_multi_practitioners"
[0m19:03:51.977078 [debug] [Thread-1 (]: Began executing node model.chorus_data_engineer_interview.patient_multi_practitioners
[0m19:03:52.004685 [debug] [Thread-1 (]: Writing runtime sql for node "model.chorus_data_engineer_interview.patient_multi_practitioners"
[0m19:03:52.005262 [debug] [Thread-1 (]: Using postgres connection "model.chorus_data_engineer_interview.patient_multi_practitioners"
[0m19:03:52.005553 [debug] [Thread-1 (]: On model.chorus_data_engineer_interview.patient_multi_practitioners: /* {"app": "dbt", "dbt_version": "1.11.8", "profile_name": "chorus_data_engineer_interview", "target_name": "dev", "node_id": "model.chorus_data_engineer_interview.patient_multi_practitioners"} */

  create view "postgres"."public"."patient_multi_practitioners__dbt_tmp"
    
    
  as (
    /*
Write a query to return a list of patient IDs who have had encounters with more than one distinct practitioner.
 */

WITH practitioner_counts AS (
    SELECT
        patient_id,
        COUNT(DISTINCT practitioner_id) AS distinct_practitioners
    FROM "postgres"."public"."Encounter"
    GROUP BY patient_id
)
SELECT
    patient_id
FROM practitioner_counts
WHERE distinct_practitioners > 1
  );
[0m19:03:52.005816 [debug] [Thread-1 (]: Opening a new connection, currently in state closed
[0m19:03:52.016588 [debug] [Thread-1 (]: SQL status: CREATE VIEW in 0.011 seconds
[0m19:03:52.022085 [debug] [Thread-1 (]: Using postgres connection "model.chorus_data_engineer_interview.patient_multi_practitioners"
[0m19:03:52.022380 [debug] [Thread-1 (]: On model.chorus_data_engineer_interview.patient_multi_practitioners: /* {"app": "dbt", "dbt_version": "1.11.8", "profile_name": "chorus_data_engineer_interview", "target_name": "dev", "node_id": "model.chorus_data_engineer_interview.patient_multi_practitioners"} */
alter table "postgres"."public"."patient_multi_practitioners" rename to "patient_multi_practitioners__dbt_backup"
[0m19:03:52.023908 [debug] [Thread-1 (]: SQL status: ALTER TABLE in 0.001 seconds
[0m19:03:52.026160 [debug] [Thread-1 (]: Using postgres connection "model.chorus_data_engineer_interview.patient_multi_practitioners"
[0m19:03:52.026418 [debug] [Thread-1 (]: On model.chorus_data_engineer_interview.patient_multi_practitioners: /* {"app": "dbt", "dbt_version": "1.11.8", "profile_name": "chorus_data_engineer_interview", "target_name": "dev", "node_id": "model.chorus_data_engineer_interview.patient_multi_practitioners"} */
alter table "postgres"."public"."patient_multi_practitioners__dbt_tmp" rename to "patient_multi_practitioners"
[0m19:03:52.027887 [debug] [Thread-1 (]: SQL status: ALTER TABLE in 0.001 seconds
[0m19:03:52.042278 [debug] [Thread-1 (]: On model.chorus_data_engineer_interview.patient_multi_practitioners: COMMIT
[0m19:03:52.042570 [debug] [Thread-1 (]: Using postgres connection "model.chorus_data_engineer_interview.patient_multi_practitioners"
[0m19:03:52.042808 [debug] [Thread-1 (]: On model.chorus_data_engineer_interview.patient_multi_practitioners: COMMIT
[0m19:03:52.044538 [debug] [Thread-1 (]: SQL status: COMMIT in 0.001 seconds
[0m19:03:52.049640 [debug] [Thread-1 (]: Applying DROP to: "postgres"."public"."patient_multi_practitioners__dbt_backup"
[0m19:03:52.053528 [debug] [Thread-1 (]: Using postgres connection "model.chorus_data_engineer_interview.patient_multi_practitioners"
[0m19:03:52.053822 [debug] [Thread-1 (]: On model.chorus_data_engineer_interview.patient_multi_practitioners: /* {"app": "dbt", "dbt_version": "1.11.8", "profile_name": "chorus_data_engineer_interview", "target_name": "dev", "node_id": "model.chorus_data_engineer_interview.patient_multi_practitioners"} */
drop view if exists "postgres"."public"."patient_multi_practitioners__dbt_backup" cascade
[0m19:03:52.057070 [debug] [Thread-1 (]: SQL status: DROP VIEW in 0.003 seconds
[0m19:03:52.058883 [debug] [Thread-1 (]: On model.chorus_data_engineer_interview.patient_multi_practitioners: Close
[0m19:03:52.060295 [debug] [Thread-1 (]: Sending event: {'category': 'dbt', 'action': 'run_model', 'label': '0fca327f-5f6e-498c-9f2f-5574678959cd', 'context': [<snowplow_tracker.self_describing_json.SelfDescribingJson object at 0x10a417850>]}
[0m19:03:52.060771 [info ] [Thread-1 (]: 1 of 1 OK created sql view model public.patient_multi_practitioners ............ [[32mCREATE VIEW[0m in 0.09s]
[0m19:03:52.061163 [debug] [Thread-1 (]: Finished running node model.chorus_data_engineer_interview.patient_multi_practitioners
[0m19:03:52.062242 [debug] [MainThread]: On master: COMMIT
[0m19:03:52.062488 [debug] [MainThread]: Using postgres connection "master"
[0m19:03:52.062675 [debug] [MainThread]: On master: COMMIT
[0m19:03:52.062842 [debug] [MainThread]: Opening a new connection, currently in state closed
[0m19:03:52.069658 [debug] [MainThread]: SQL status: COMMIT in 0.007 seconds
[0m19:03:52.069937 [debug] [MainThread]: On master: Close
[0m19:03:52.070223 [debug] [MainThread]: Connection 'master' was properly closed.
[0m19:03:52.070481 [debug] [MainThread]: Connection 'model.chorus_data_engineer_interview.patient_multi_practitioners' was properly closed.
[0m19:03:52.070704 [info ] [MainThread]: 
[0m19:03:52.070916 [info ] [MainThread]: Finished running 1 view model in 0 hours 0 minutes and 0.23 seconds (0.23s).
[0m19:03:52.071370 [debug] [MainThread]: Command end result
[0m19:03:52.101001 [debug] [MainThread]: Wrote artifact WritableManifest to /Users/home/PycharmProjects/chorusinnovations/chorus-data-engineering-interview/dbt/target/manifest.json
[0m19:03:52.102413 [debug] [MainThread]: Wrote artifact SemanticManifest to /Users/home/PycharmProjects/chorusinnovations/chorus-data-engineering-interview/dbt/target/semantic_manifest.json
[0m19:03:52.107032 [debug] [MainThread]: Wrote artifact RunExecutionResult to /Users/home/PycharmProjects/chorusinnovations/chorus-data-engineering-interview/dbt/target/run_results.json
[0m19:03:52.107251 [info ] [MainThread]: 
[0m19:03:52.107528 [info ] [MainThread]: [32mCompleted successfully[0m
[0m19:03:52.107721 [info ] [MainThread]: 
[0m19:03:52.107930 [info ] [MainThread]: Done. PASS=1 WARN=0 ERROR=0 SKIP=0 NO-OP=0 TOTAL=1
[0m19:03:52.110944 [debug] [MainThread]: Resource report: {"command_name": "run", "command_success": true, "command_wall_clock_time": 0.92718464, "process_in_blocks": "0", "process_kernel_time": 0.27164, "process_mem_max_rss": "147030016", "process_out_blocks": "0", "process_user_time": 1.836357}
[0m19:03:52.111290 [debug] [MainThread]: Command `dbt run` succeeded at 19:03:52.111219 after 0.93 seconds
[0m19:03:52.111688 [debug] [MainThread]: Sending event: {'category': 'dbt', 'action': 'invocation', 'label': 'end', 'context': [<snowplow_tracker.self_describing_json.SelfDescribingJson object at 0x100419e90>, <snowplow_tracker.self_describing_json.SelfDescribingJson object at 0x1054fa6d0>, <snowplow_tracker.self_describing_json.SelfDescribingJson object at 0x1054fa610>]}
[0m19:03:52.111960 [debug] [MainThread]: Flushing usage events
[0m19:03:52.452805 [debug] [MainThread]: An error was encountered while trying to flush usage events
[0m19:03:59.847392 [debug] [MainThread]: Sending event: {'category': 'dbt', 'action': 'invocation', 'label': 'start', 'context': [<snowplow_tracker.self_describing_json.SelfDescribingJson object at 0x10b8a3110>, <snowplow_tracker.self_describing_json.SelfDescribingJson object at 0x10b8c4950>, <snowplow_tracker.self_describing_json.SelfDescribingJson object at 0x10b8c4d50>]}


============================== 19:03:59.851267 | f6fbc062-dcbc-41aa-95cd-861d95d6468a ==============================
[0m19:03:59.851267 [info ] [MainThread]: Running with dbt=1.11.8
[0m19:03:59.851824 [debug] [MainThread]: running dbt with arguments {'log_cache_events': 'False', 'warn_error': 'None', 'no_print': 'None', 'debug': 'False', 'cache_selected_only': 'False', 'use_experimental_parser': 'False', 'use_colors': 'True', 'partial_parse': 'True', 'empty': 'False', 'introspect': 'True', 'write_json': 'True', 'static_parser': 'True', 'target_path': 'None', 'printer_width': '80', 'log_path': '/Users/home/PycharmProjects/chorusinnovations/chorus-data-engineering-interview/dbt/logs', 'indirect_selection': 'eager', 'warn_error_options': 'WarnErrorOptionsV2(error=[], warn=[], silence=[])', 'invocation_command': 'dbt run --select all_active_patients.sql', 'log_format': 'default', 'profiles_dir': '/Users/home/.dbt', 'fail_fast': 'False', 'send_anonymous_usage_stats': 'True', 'quiet': 'False', 'version_check': 'True'}
[0m19:04:00.008169 [debug] [MainThread]: Sending event: {'category': 'dbt', 'action': 'project_id', 'label': 'f6fbc062-dcbc-41aa-95cd-861d95d6468a', 'context': [<snowplow_tracker.self_describing_json.SelfDescribingJson object at 0x10be1b450>]}
[0m19:04:00.070977 [debug] [MainThread]: Sending event: {'category': 'dbt', 'action': 'adapter_info', 'label': 'f6fbc062-dcbc-41aa-95cd-861d95d6468a', 'context': [<snowplow_tracker.self_describing_json.SelfDescribingJson object at 0x108a99b50>]}
[0m19:04:00.072086 [info ] [MainThread]: Registered adapter: postgres=1.10.0
[0m19:04:00.163800 [debug] [MainThread]: checksum: 7d524ac048c2100769df89d592e662e060a73ca564e31bd9c2a37efdfe8d8ab6, vars: {}, profile: , target: , version: 1.11.8
[0m19:04:00.288307 [debug] [MainThread]: Partial parsing enabled: 0 files deleted, 0 files added, 0 files changed.
[0m19:04:00.288650 [debug] [MainThread]: Nothing changed, skipping partial parsing.
[0m19:04:00.288847 [debug] [MainThread]: Partial parsing enabled, no changes found, skipping parsing
[0m19:04:00.329300 [debug] [MainThread]: Sending event: {'category': 'dbt', 'action': 'load_project', 'label': 'f6fbc062-dcbc-41aa-95cd-861d95d6468a', 'context': [<snowplow_tracker.self_describing_json.SelfDescribingJson object at 0x10c607350>]}
[0m19:04:00.446958 [debug] [MainThread]: Wrote artifact WritableManifest to /Users/home/PycharmProjects/chorusinnovations/chorus-data-engineering-interview/dbt/target/manifest.json
[0m19:04:00.448566 [debug] [MainThread]: Wrote artifact SemanticManifest to /Users/home/PycharmProjects/chorusinnovations/chorus-data-engineering-interview/dbt/target/semantic_manifest.json
[0m19:04:00.459354 [debug] [MainThread]: Sending event: {'category': 'dbt', 'action': 'resource_counts', 'label': 'f6fbc062-dcbc-41aa-95cd-861d95d6468a', 'context': [<snowplow_tracker.self_describing_json.SelfDescribingJson object at 0x10c4cfd10>]}
[0m19:04:00.459744 [info ] [MainThread]: Found 15 models, 21 data tests, 5 sources, 465 macros
[0m19:04:00.459981 [debug] [MainThread]: Sending event: {'category': 'dbt', 'action': 'runnable_timing', 'label': 'f6fbc062-dcbc-41aa-95cd-861d95d6468a', 'context': [<snowplow_tracker.self_describing_json.SelfDescribingJson object at 0x10c4e1690>]}
[0m19:04:00.461591 [info ] [MainThread]: 
[0m19:04:00.461829 [info ] [MainThread]: Concurrency: 4 threads (target='dev')
[0m19:04:00.462013 [info ] [MainThread]: 
[0m19:04:00.462341 [debug] [MainThread]: Acquiring new postgres connection 'master'
[0m19:04:00.462927 [debug] [ThreadPool]: Acquiring new postgres connection 'list_postgres'
[0m19:04:00.502426 [debug] [ThreadPool]: Using postgres connection "list_postgres"
[0m19:04:00.502732 [debug] [ThreadPool]: On list_postgres: /* {"app": "dbt", "dbt_version": "1.11.8", "profile_name": "chorus_data_engineer_interview", "target_name": "dev", "connection_name": "list_postgres"} */

    select distinct nspname from pg_namespace
  
[0m19:04:00.502969 [debug] [ThreadPool]: Opening a new connection, currently in state init
[0m19:04:00.542725 [debug] [ThreadPool]: SQL status: SELECT 4 in 0.040 seconds
[0m19:04:00.543797 [debug] [ThreadPool]: On list_postgres: Close
[0m19:04:00.548788 [debug] [ThreadPool]: Re-using an available connection from the pool (formerly list_postgres, now list_postgres_public)
[0m19:04:00.554195 [debug] [ThreadPool]: Using postgres connection "list_postgres_public"
[0m19:04:00.554502 [debug] [ThreadPool]: On list_postgres_public: /* {"app": "dbt", "dbt_version": "1.11.8", "profile_name": "chorus_data_engineer_interview", "target_name": "dev", "connection_name": "list_postgres_public"} */
select
      'postgres' as database,
      tablename as name,
      schemaname as schema,
      'table' as type
    from pg_tables
    where schemaname ilike 'public'
    union all
    select
      'postgres' as database,
      viewname as name,
      schemaname as schema,
      'view' as type
    from pg_views
    where schemaname ilike 'public'
    union all
    select
      'postgres' as database,
      matviewname as name,
      schemaname as schema,
      'materialized_view' as type
    from pg_matviews
    where schemaname ilike 'public'
  
[0m19:04:00.554741 [debug] [ThreadPool]: Opening a new connection, currently in state closed
[0m19:04:00.571891 [debug] [ThreadPool]: SQL status: SELECT 18 in 0.017 seconds
[0m19:04:00.573271 [debug] [ThreadPool]: On list_postgres_public: ROLLBACK
[0m19:04:00.574618 [debug] [ThreadPool]: On list_postgres_public: Close
[0m19:04:00.580805 [debug] [MainThread]: Using postgres connection "master"
[0m19:04:00.581179 [debug] [MainThread]: On master: /* {"app": "dbt", "dbt_version": "1.11.8", "profile_name": "chorus_data_engineer_interview", "target_name": "dev", "connection_name": "master"} */
select distinct
        dependent_namespace.nspname as dependent_schema,
        dependent_class.relname as dependent_name,
        referenced_namespace.nspname as referenced_schema,
        referenced_class.relname as referenced_name

    -- Query for views: views are entries in pg_class with an entry in pg_rewrite, but we avoid
    -- a seq scan on pg_rewrite by leveraging the fact there is an "internal" row in pg_depend for
    -- the view...
    from pg_class as dependent_class
    join pg_namespace as dependent_namespace on dependent_namespace.oid = dependent_class.relnamespace
    join pg_depend as dependent_depend on dependent_depend.refobjid = dependent_class.oid
        and dependent_depend.classid = 'pg_rewrite'::regclass
        and dependent_depend.refclassid = 'pg_class'::regclass
        and dependent_depend.deptype = 'i'

    -- ... and via pg_depend (that has a row per column, hence the need for "distinct" above, and
    -- making sure to exclude the internal row to avoid a view appearing to depend on itself)...
    join pg_depend as joining_depend on joining_depend.objid = dependent_depend.objid
        and joining_depend.classid = 'pg_rewrite'::regclass
        and joining_depend.refclassid = 'pg_class'::regclass
        and joining_depend.refobjid != dependent_depend.refobjid

    -- ... we can find the tables they query from in pg_class, but excluding system tables. Note we
    -- don't need need to exclude _dependent_ system tables, because they only query from other
    -- system tables, and so are automatically excluded by excluding _referenced_ system tables
    join pg_class as referenced_class on referenced_class.oid = joining_depend.refobjid
    join pg_namespace as referenced_namespace on referenced_namespace.oid = referenced_class.relnamespace
        and referenced_namespace.nspname != 'information_schema'
        and referenced_namespace.nspname not like 'pg\_%'

    order by
        dependent_schema, dependent_name, referenced_schema, referenced_name;
[0m19:04:00.581476 [debug] [MainThread]: Opening a new connection, currently in state init
[0m19:04:00.594263 [debug] [MainThread]: SQL status: SELECT 14 in 0.013 seconds
[0m19:04:00.596939 [debug] [MainThread]: Sending event: {'category': 'dbt', 'action': 'runnable_timing', 'label': 'f6fbc062-dcbc-41aa-95cd-861d95d6468a', 'context': [<snowplow_tracker.self_describing_json.SelfDescribingJson object at 0x10be53cd0>]}
[0m19:04:00.597270 [debug] [MainThread]: On master: ROLLBACK
[0m19:04:00.598306 [debug] [MainThread]: On master: COMMIT
[0m19:04:00.598513 [debug] [MainThread]: Using postgres connection "master"
[0m19:04:00.598706 [debug] [MainThread]: On master: COMMIT
[0m19:04:00.600400 [debug] [MainThread]: SQL status: COMMIT in 0.001 seconds
[0m19:04:00.600672 [debug] [MainThread]: On master: Close
[0m19:04:00.603823 [debug] [Thread-1 (]: Began running node model.chorus_data_engineer_interview.all_active_patients
[0m19:04:00.604238 [info ] [Thread-1 (]: 1 of 1 START sql view model public.all_active_patients ......................... [RUN]
[0m19:04:00.604592 [debug] [Thread-1 (]: Re-using an available connection from the pool (formerly list_postgres_public, now model.chorus_data_engineer_interview.all_active_patients)
[0m19:04:00.604851 [debug] [Thread-1 (]: Began compiling node model.chorus_data_engineer_interview.all_active_patients
[0m19:04:00.611295 [debug] [Thread-1 (]: Writing injected SQL for node "model.chorus_data_engineer_interview.all_active_patients"
[0m19:04:00.612135 [debug] [Thread-1 (]: Began executing node model.chorus_data_engineer_interview.all_active_patients
[0m19:04:00.639973 [debug] [Thread-1 (]: Writing runtime sql for node "model.chorus_data_engineer_interview.all_active_patients"
[0m19:04:00.640753 [debug] [Thread-1 (]: Using postgres connection "model.chorus_data_engineer_interview.all_active_patients"
[0m19:04:00.641031 [debug] [Thread-1 (]: On model.chorus_data_engineer_interview.all_active_patients: /* {"app": "dbt", "dbt_version": "1.11.8", "profile_name": "chorus_data_engineer_interview", "target_name": "dev", "node_id": "model.chorus_data_engineer_interview.all_active_patients"} */

  create view "postgres"."public"."all_active_patients__dbt_tmp"
    
    
  as (
    /* Write a query to return all patients who are active. */

SELECT
  id,
  identifier,
  gender
FROM "postgres"."public"."Patient"
WHERE active = true
  );
[0m19:04:00.641283 [debug] [Thread-1 (]: Opening a new connection, currently in state closed
[0m19:04:00.651607 [debug] [Thread-1 (]: SQL status: CREATE VIEW in 0.010 seconds
[0m19:04:00.656873 [debug] [Thread-1 (]: Using postgres connection "model.chorus_data_engineer_interview.all_active_patients"
[0m19:04:00.657171 [debug] [Thread-1 (]: On model.chorus_data_engineer_interview.all_active_patients: /* {"app": "dbt", "dbt_version": "1.11.8", "profile_name": "chorus_data_engineer_interview", "target_name": "dev", "node_id": "model.chorus_data_engineer_interview.all_active_patients"} */
alter table "postgres"."public"."all_active_patients" rename to "all_active_patients__dbt_backup"
[0m19:04:00.658566 [debug] [Thread-1 (]: SQL status: ALTER TABLE in 0.001 seconds
[0m19:04:00.660829 [debug] [Thread-1 (]: Using postgres connection "model.chorus_data_engineer_interview.all_active_patients"
[0m19:04:00.661087 [debug] [Thread-1 (]: On model.chorus_data_engineer_interview.all_active_patients: /* {"app": "dbt", "dbt_version": "1.11.8", "profile_name": "chorus_data_engineer_interview", "target_name": "dev", "node_id": "model.chorus_data_engineer_interview.all_active_patients"} */
alter table "postgres"."public"."all_active_patients__dbt_tmp" rename to "all_active_patients"
[0m19:04:00.662476 [debug] [Thread-1 (]: SQL status: ALTER TABLE in 0.001 seconds
[0m19:04:00.677137 [debug] [Thread-1 (]: On model.chorus_data_engineer_interview.all_active_patients: COMMIT
[0m19:04:00.677440 [debug] [Thread-1 (]: Using postgres connection "model.chorus_data_engineer_interview.all_active_patients"
[0m19:04:00.677685 [debug] [Thread-1 (]: On model.chorus_data_engineer_interview.all_active_patients: COMMIT
[0m19:04:00.679384 [debug] [Thread-1 (]: SQL status: COMMIT in 0.001 seconds
[0m19:04:00.684132 [debug] [Thread-1 (]: Applying DROP to: "postgres"."public"."all_active_patients__dbt_backup"
[0m19:04:00.687931 [debug] [Thread-1 (]: Using postgres connection "model.chorus_data_engineer_interview.all_active_patients"
[0m19:04:00.688205 [debug] [Thread-1 (]: On model.chorus_data_engineer_interview.all_active_patients: /* {"app": "dbt", "dbt_version": "1.11.8", "profile_name": "chorus_data_engineer_interview", "target_name": "dev", "node_id": "model.chorus_data_engineer_interview.all_active_patients"} */
drop view if exists "postgres"."public"."all_active_patients__dbt_backup" cascade
[0m19:04:00.691268 [debug] [Thread-1 (]: SQL status: DROP VIEW in 0.003 seconds
[0m19:04:00.693101 [debug] [Thread-1 (]: On model.chorus_data_engineer_interview.all_active_patients: Close
[0m19:04:00.694549 [debug] [Thread-1 (]: Sending event: {'category': 'dbt', 'action': 'run_model', 'label': 'f6fbc062-dcbc-41aa-95cd-861d95d6468a', 'context': [<snowplow_tracker.self_describing_json.SelfDescribingJson object at 0x10ca94d90>]}
[0m19:04:00.695097 [info ] [Thread-1 (]: 1 of 1 OK created sql view model public.all_active_patients .................... [[32mCREATE VIEW[0m in 0.09s]
[0m19:04:00.695516 [debug] [Thread-1 (]: Finished running node model.chorus_data_engineer_interview.all_active_patients
[0m19:04:00.696464 [debug] [MainThread]: On master: COMMIT
[0m19:04:00.696676 [debug] [MainThread]: Using postgres connection "master"
[0m19:04:00.696860 [debug] [MainThread]: On master: COMMIT
[0m19:04:00.697030 [debug] [MainThread]: Opening a new connection, currently in state closed
[0m19:04:00.704395 [debug] [MainThread]: SQL status: COMMIT in 0.007 seconds
[0m19:04:00.704671 [debug] [MainThread]: On master: Close
[0m19:04:00.704954 [debug] [MainThread]: Connection 'master' was properly closed.
[0m19:04:00.705146 [debug] [MainThread]: Connection 'model.chorus_data_engineer_interview.all_active_patients' was properly closed.
[0m19:04:00.705349 [info ] [MainThread]: 
[0m19:04:00.705557 [info ] [MainThread]: Finished running 1 view model in 0 hours 0 minutes and 0.24 seconds (0.24s).
[0m19:04:00.706008 [debug] [MainThread]: Command end result
[0m19:04:00.735486 [debug] [MainThread]: Wrote artifact WritableManifest to /Users/home/PycharmProjects/chorusinnovations/chorus-data-engineering-interview/dbt/target/manifest.json
[0m19:04:00.736964 [debug] [MainThread]: Wrote artifact SemanticManifest to /Users/home/PycharmProjects/chorusinnovations/chorus-data-engineering-interview/dbt/target/semantic_manifest.json
[0m19:04:00.741601 [debug] [MainThread]: Wrote artifact RunExecutionResult to /Users/home/PycharmProjects/chorusinnovations/chorus-data-engineering-interview/dbt/target/run_results.json
[0m19:04:00.741829 [info ] [MainThread]: 
[0m19:04:00.742111 [info ] [MainThread]: [32mCompleted successfully[0m
[0m19:04:00.742308 [info ] [MainThread]: 
[0m19:04:00.742521 [info ] [MainThread]: Done. PASS=1 WARN=0 ERROR=0 SKIP=0 NO-OP=0 TOTAL=1
[0m19:04:00.745784 [debug] [MainThread]: Resource report: {"command_name": "run", "command_success": true, "command_wall_clock_time": 0.9620952, "process_in_blocks": "0", "process_kernel_time": 0.290344, "process_mem_max_rss": "144195584", "process_out_blocks": "0", "process_user_time": 1.883201}
[0m19:04:00.746102 [debug] [MainThread]: Command `dbt run` succeeded at 19:04:00.746037 after 0.96 seconds
[0m19:04:00.746359 [debug] [MainThread]: Sending event: {'category': 'dbt', 'action': 'invocation', 'label': 'end', 'context': [<snowplow_tracker.self_describing_json.SelfDescribingJson object at 0x10b8c4a50>, <snowplow_tracker.self_describing_json.SelfDescribingJson object at 0x10b8c4a90>, <snowplow_tracker.self_describing_json.SelfDescribingJson object at 0x102495e90>]}
[0m19:04:00.746609 [debug] [MainThread]: Flushing usage events
[0m19:04:01.088740 [debug] [MainThread]: An error was encountered while trying to flush usage events
[0m19:17:44.010052 [debug] [MainThread]: Sending event: {'category': 'dbt', 'action': 'invocation', 'label': 'start', 'context': [<snowplow_tracker.self_describing_json.SelfDescribingJson object at 0x10a412a90>, <snowplow_tracker.self_describing_json.SelfDescribingJson object at 0x10a4d78d0>, <snowplow_tracker.self_describing_json.SelfDescribingJson object at 0x10a4f1050>]}


============================== 19:17:44.013904 | 748d5450-abbe-4c6b-84ef-471434747ef8 ==============================
[0m19:17:44.013904 [info ] [MainThread]: Running with dbt=1.11.8
[0m19:17:44.014393 [debug] [MainThread]: running dbt with arguments {'debug': 'False', 'version_check': 'True', 'warn_error_options': 'WarnErrorOptionsV2(error=[], warn=[], silence=[])', 'target_path': 'None', 'indirect_selection': 'eager', 'introspect': 'True', 'invocation_command': 'dbt run', 'use_experimental_parser': 'False', 'log_path': '/Users/home/PycharmProjects/chorusinnovations/chorus-data-engineering-interview/dbt/logs', 'use_colors': 'True', 'no_print': 'None', 'static_parser': 'True', 'write_json': 'True', 'log_cache_events': 'False', 'profiles_dir': '/Users/home/.dbt', 'empty': 'False', 'cache_selected_only': 'False', 'printer_width': '80', 'partial_parse': 'True', 'quiet': 'False', 'fail_fast': 'False', 'send_anonymous_usage_stats': 'True', 'warn_error': 'None', 'log_format': 'default'}
[0m19:17:44.219938 [debug] [MainThread]: Sending event: {'category': 'dbt', 'action': 'project_id', 'label': '748d5450-abbe-4c6b-84ef-471434747ef8', 'context': [<snowplow_tracker.self_describing_json.SelfDescribingJson object at 0x10a4e0210>]}
[0m19:17:44.271064 [debug] [MainThread]: Sending event: {'category': 'dbt', 'action': 'adapter_info', 'label': '748d5450-abbe-4c6b-84ef-471434747ef8', 'context': [<snowplow_tracker.self_describing_json.SelfDescribingJson object at 0x1076cc950>]}
[0m19:17:44.271940 [info ] [MainThread]: Registered adapter: postgres=1.10.0
[0m19:17:44.363862 [debug] [MainThread]: checksum: 7d524ac048c2100769df89d592e662e060a73ca564e31bd9c2a37efdfe8d8ab6, vars: {}, profile: , target: , version: 1.11.8
[0m19:17:44.495097 [debug] [MainThread]: Partial parsing enabled: 2 files deleted, 2 files added, 14 files changed.
[0m19:17:44.495606 [debug] [MainThread]: Partial parsing: added file: chorus_data_engineer_interview://models/01_beginner/encounters_per_specific_patient.sql
[0m19:17:44.495877 [debug] [MainThread]: Partial parsing: added file: chorus_data_engineer_interview://models/01_beginner/observations_per_specific_patient.sql
[0m19:17:44.496903 [debug] [MainThread]: Partial parsing: updated file: chorus_data_engineer_interview://models/schema.yml
[0m19:17:44.497134 [debug] [MainThread]: Partial parsing: deleted file: chorus_data_engineer_interview://models/01_beginner/all_patient_observations.sql
[0m19:17:44.497335 [debug] [MainThread]: Partial parsing: deleted file: chorus_data_engineer_interview://models/01_beginner/all_patient_encounters.sql
[0m19:17:44.497563 [debug] [MainThread]: Partial parsing: updated file: chorus_data_engineer_interview://models/staging/stg_medicationrequests.sql
[0m19:17:44.497783 [debug] [MainThread]: Partial parsing: updated file: chorus_data_engineer_interview://models/02_intermediate/top_3_prescriptions.sql
[0m19:17:44.498004 [debug] [MainThread]: Partial parsing: updated file: chorus_data_engineer_interview://models/staging/stg_observations.sql
[0m19:17:44.498223 [debug] [MainThread]: Partial parsing: updated file: chorus_data_engineer_interview://models/03_advanced/patient_prescription_wo_encounter.sql
[0m19:17:44.498440 [debug] [MainThread]: Partial parsing: updated file: chorus_data_engineer_interview://models/02_intermediate/patient_multi_practitioners.sql
[0m19:17:44.498654 [debug] [MainThread]: Partial parsing: updated file: chorus_data_engineer_interview://models/staging/stg_practitioners.sql
[0m19:17:44.498872 [debug] [MainThread]: Partial parsing: updated file: chorus_data_engineer_interview://models/02_intermediate/practictioner_no_prescriptions.sql
[0m19:17:44.499090 [debug] [MainThread]: Partial parsing: updated file: chorus_data_engineer_interview://models/03_advanced/avg_encounter_per_patient.sql
[0m19:17:44.499301 [debug] [MainThread]: Partial parsing: updated file: chorus_data_engineer_interview://models/01_beginner/all_active_patients.sql
[0m19:17:44.499508 [debug] [MainThread]: Partial parsing: updated file: chorus_data_engineer_interview://models/staging/stg_patients.sql
[0m19:17:44.499714 [debug] [MainThread]: Partial parsing: updated file: chorus_data_engineer_interview://models/02_intermediate/recent_patient_encounters.sql
[0m19:17:44.499921 [debug] [MainThread]: Partial parsing: updated file: chorus_data_engineer_interview://models/03_advanced/patient_retention_per_cohort.sql
[0m19:17:44.500127 [debug] [MainThread]: Partial parsing: updated file: chorus_data_engineer_interview://models/staging/stg_encounters.sql
[0m19:17:45.010620 [debug] [MainThread]: Sending event: {'category': 'dbt', 'action': 'load_project', 'label': '748d5450-abbe-4c6b-84ef-471434747ef8', 'context': [<snowplow_tracker.self_describing_json.SelfDescribingJson object at 0x109ea2d10>]}
[0m19:17:45.089364 [debug] [MainThread]: Wrote artifact WritableManifest to /Users/home/PycharmProjects/chorusinnovations/chorus-data-engineering-interview/dbt/target/manifest.json
[0m19:17:45.091088 [debug] [MainThread]: Wrote artifact SemanticManifest to /Users/home/PycharmProjects/chorusinnovations/chorus-data-engineering-interview/dbt/target/semantic_manifest.json
[0m19:17:45.101830 [debug] [MainThread]: Sending event: {'category': 'dbt', 'action': 'resource_counts', 'label': '748d5450-abbe-4c6b-84ef-471434747ef8', 'context': [<snowplow_tracker.self_describing_json.SelfDescribingJson object at 0x10b70d6d0>]}
[0m19:17:45.102226 [info ] [MainThread]: Found 15 models, 21 data tests, 5 sources, 465 macros
[0m19:17:45.102491 [debug] [MainThread]: Sending event: {'category': 'dbt', 'action': 'runnable_timing', 'label': '748d5450-abbe-4c6b-84ef-471434747ef8', 'context': [<snowplow_tracker.self_describing_json.SelfDescribingJson object at 0x10b133cd0>]}
[0m19:17:45.104664 [info ] [MainThread]: 
[0m19:17:45.104933 [info ] [MainThread]: Concurrency: 4 threads (target='dev')
[0m19:17:45.105145 [info ] [MainThread]: 
[0m19:17:45.105485 [debug] [MainThread]: Acquiring new postgres connection 'master'
[0m19:17:45.109326 [debug] [ThreadPool]: Acquiring new postgres connection 'list_postgres'
[0m19:17:45.156937 [debug] [ThreadPool]: Using postgres connection "list_postgres"
[0m19:17:45.157247 [debug] [ThreadPool]: On list_postgres: /* {"app": "dbt", "dbt_version": "1.11.8", "profile_name": "chorus_data_engineer_interview", "target_name": "dev", "connection_name": "list_postgres"} */

    select distinct nspname from pg_namespace
  
[0m19:17:45.157462 [debug] [ThreadPool]: Opening a new connection, currently in state init
[0m19:17:45.287454 [debug] [ThreadPool]: SQL status: SELECT 4 in 0.130 seconds
[0m19:17:45.288635 [debug] [ThreadPool]: On list_postgres: Close
[0m19:17:45.290367 [debug] [ThreadPool]: Re-using an available connection from the pool (formerly list_postgres, now list_postgres_public)
[0m19:17:45.295551 [debug] [ThreadPool]: Using postgres connection "list_postgres_public"
[0m19:17:45.295912 [debug] [ThreadPool]: On list_postgres_public: /* {"app": "dbt", "dbt_version": "1.11.8", "profile_name": "chorus_data_engineer_interview", "target_name": "dev", "connection_name": "list_postgres_public"} */
select
      'postgres' as database,
      tablename as name,
      schemaname as schema,
      'table' as type
    from pg_tables
    where schemaname ilike 'public'
    union all
    select
      'postgres' as database,
      viewname as name,
      schemaname as schema,
      'view' as type
    from pg_views
    where schemaname ilike 'public'
    union all
    select
      'postgres' as database,
      matviewname as name,
      schemaname as schema,
      'materialized_view' as type
    from pg_matviews
    where schemaname ilike 'public'
  
[0m19:17:45.296164 [debug] [ThreadPool]: Opening a new connection, currently in state closed
[0m19:17:45.310170 [debug] [ThreadPool]: SQL status: SELECT 18 in 0.014 seconds
[0m19:17:45.311594 [debug] [ThreadPool]: On list_postgres_public: ROLLBACK
[0m19:17:45.312911 [debug] [ThreadPool]: On list_postgres_public: Close
[0m19:17:45.318718 [debug] [MainThread]: Using postgres connection "master"
[0m19:17:45.319071 [debug] [MainThread]: On master: /* {"app": "dbt", "dbt_version": "1.11.8", "profile_name": "chorus_data_engineer_interview", "target_name": "dev", "connection_name": "master"} */
select distinct
        dependent_namespace.nspname as dependent_schema,
        dependent_class.relname as dependent_name,
        referenced_namespace.nspname as referenced_schema,
        referenced_class.relname as referenced_name

    -- Query for views: views are entries in pg_class with an entry in pg_rewrite, but we avoid
    -- a seq scan on pg_rewrite by leveraging the fact there is an "internal" row in pg_depend for
    -- the view...
    from pg_class as dependent_class
    join pg_namespace as dependent_namespace on dependent_namespace.oid = dependent_class.relnamespace
    join pg_depend as dependent_depend on dependent_depend.refobjid = dependent_class.oid
        and dependent_depend.classid = 'pg_rewrite'::regclass
        and dependent_depend.refclassid = 'pg_class'::regclass
        and dependent_depend.deptype = 'i'

    -- ... and via pg_depend (that has a row per column, hence the need for "distinct" above, and
    -- making sure to exclude the internal row to avoid a view appearing to depend on itself)...
    join pg_depend as joining_depend on joining_depend.objid = dependent_depend.objid
        and joining_depend.classid = 'pg_rewrite'::regclass
        and joining_depend.refclassid = 'pg_class'::regclass
        and joining_depend.refobjid != dependent_depend.refobjid

    -- ... we can find the tables they query from in pg_class, but excluding system tables. Note we
    -- don't need need to exclude _dependent_ system tables, because they only query from other
    -- system tables, and so are automatically excluded by excluding _referenced_ system tables
    join pg_class as referenced_class on referenced_class.oid = joining_depend.refobjid
    join pg_namespace as referenced_namespace on referenced_namespace.oid = referenced_class.relnamespace
        and referenced_namespace.nspname != 'information_schema'
        and referenced_namespace.nspname not like 'pg\_%'

    order by
        dependent_schema, dependent_name, referenced_schema, referenced_name;
[0m19:17:45.319366 [debug] [MainThread]: Opening a new connection, currently in state init
[0m19:17:45.332136 [debug] [MainThread]: SQL status: SELECT 14 in 0.013 seconds
[0m19:17:45.335160 [debug] [MainThread]: Sending event: {'category': 'dbt', 'action': 'runnable_timing', 'label': '748d5450-abbe-4c6b-84ef-471434747ef8', 'context': [<snowplow_tracker.self_describing_json.SelfDescribingJson object at 0x10bb321d0>]}
[0m19:17:45.335529 [debug] [MainThread]: On master: ROLLBACK
[0m19:17:45.336709 [debug] [MainThread]: On master: COMMIT
[0m19:17:45.336935 [debug] [MainThread]: Using postgres connection "master"
[0m19:17:45.337135 [debug] [MainThread]: On master: COMMIT
[0m19:17:45.339115 [debug] [MainThread]: SQL status: COMMIT in 0.002 seconds
[0m19:17:45.339486 [debug] [MainThread]: On master: Close
[0m19:17:45.342682 [debug] [Thread-1 (]: Began running node model.chorus_data_engineer_interview.all_active_patients
[0m19:17:45.343043 [debug] [Thread-2 (]: Began running node model.chorus_data_engineer_interview.avg_encounter_per_patient
[0m19:17:45.343447 [info ] [Thread-1 (]: 1 of 15 START sql view model public.all_active_patients ........................ [RUN]
[0m19:17:45.343760 [debug] [Thread-3 (]: Began running node model.chorus_data_engineer_interview.encounters_per_specific_patient
[0m19:17:45.344000 [debug] [Thread-4 (]: Began running node model.chorus_data_engineer_interview.observations_per_specific_patient
[0m19:17:45.344366 [info ] [Thread-2 (]: 2 of 15 START sql view model public.avg_encounter_per_patient .................. [RUN]
[0m19:17:45.344763 [debug] [Thread-1 (]: Re-using an available connection from the pool (formerly list_postgres_public, now model.chorus_data_engineer_interview.all_active_patients)
[0m19:17:45.345105 [info ] [Thread-3 (]: 3 of 15 START sql view model public.encounters_per_specific_patient ............ [RUN]
[0m19:17:45.345515 [info ] [Thread-4 (]: 4 of 15 START sql view model public.observations_per_specific_patient .......... [RUN]
[0m19:17:45.345923 [debug] [Thread-2 (]: Acquiring new postgres connection 'model.chorus_data_engineer_interview.avg_encounter_per_patient'
[0m19:17:45.346193 [debug] [Thread-1 (]: Began compiling node model.chorus_data_engineer_interview.all_active_patients
[0m19:17:45.346519 [debug] [Thread-3 (]: Acquiring new postgres connection 'model.chorus_data_engineer_interview.encounters_per_specific_patient'
[0m19:17:45.346856 [debug] [Thread-4 (]: Acquiring new postgres connection 'model.chorus_data_engineer_interview.observations_per_specific_patient'
[0m19:17:45.347114 [debug] [Thread-2 (]: Began compiling node model.chorus_data_engineer_interview.avg_encounter_per_patient
[0m19:17:45.354480 [debug] [Thread-1 (]: Writing injected SQL for node "model.chorus_data_engineer_interview.all_active_patients"
[0m19:17:45.354839 [debug] [Thread-3 (]: Began compiling node model.chorus_data_engineer_interview.encounters_per_specific_patient
[0m19:17:45.355224 [debug] [Thread-4 (]: Began compiling node model.chorus_data_engineer_interview.observations_per_specific_patient
[0m19:17:45.357879 [debug] [Thread-2 (]: Writing injected SQL for node "model.chorus_data_engineer_interview.avg_encounter_per_patient"
[0m19:17:45.362054 [debug] [Thread-3 (]: Writing injected SQL for node "model.chorus_data_engineer_interview.encounters_per_specific_patient"
[0m19:17:45.366068 [debug] [Thread-1 (]: Began executing node model.chorus_data_engineer_interview.all_active_patients
[0m19:17:45.372696 [debug] [Thread-2 (]: Began executing node model.chorus_data_engineer_interview.avg_encounter_per_patient
[0m19:17:45.385956 [debug] [Thread-3 (]: Began executing node model.chorus_data_engineer_interview.encounters_per_specific_patient
[0m19:17:45.410176 [debug] [Thread-2 (]: Writing runtime sql for node "model.chorus_data_engineer_interview.avg_encounter_per_patient"
[0m19:17:45.411635 [debug] [Thread-1 (]: Writing runtime sql for node "model.chorus_data_engineer_interview.all_active_patients"
[0m19:17:45.415820 [debug] [Thread-3 (]: Writing runtime sql for node "model.chorus_data_engineer_interview.encounters_per_specific_patient"
[0m19:17:45.417137 [debug] [Thread-2 (]: Using postgres connection "model.chorus_data_engineer_interview.avg_encounter_per_patient"
[0m19:17:45.417687 [debug] [Thread-3 (]: Using postgres connection "model.chorus_data_engineer_interview.encounters_per_specific_patient"
[0m19:17:45.418482 [debug] [Thread-2 (]: On model.chorus_data_engineer_interview.avg_encounter_per_patient: /* {"app": "dbt", "dbt_version": "1.11.8", "profile_name": "chorus_data_engineer_interview", "target_name": "dev", "node_id": "model.chorus_data_engineer_interview.avg_encounter_per_patient"} */

  create view "postgres"."public"."avg_encounter_per_patient__dbt_tmp"
    
    
  as (
    /*
 Calculate the average number of encounters per patient, rounded to two decimal places.
 */

WITH encounter_counts AS (
    SELECT
        patient_id,
        COUNT(*) AS encounter_count
    FROM "postgres"."public"."Encounter"
    GROUP BY patient_id
)

SELECT
    ROUND(AVG(encounter_count), 2) AS avg_encounters_per_patient
FROM encounter_counts
  );
[0m19:17:45.418872 [debug] [Thread-1 (]: Using postgres connection "model.chorus_data_engineer_interview.all_active_patients"
[0m19:17:45.419322 [debug] [Thread-3 (]: On model.chorus_data_engineer_interview.encounters_per_specific_patient: /* {"app": "dbt", "dbt_version": "1.11.8", "profile_name": "chorus_data_engineer_interview", "target_name": "dev", "node_id": "model.chorus_data_engineer_interview.encounters_per_specific_patient"} */

  create view "postgres"."public"."encounters_per_specific_patient__dbt_tmp"
    
    
  as (
    /*
Given a patient_id, retrieve all encounters for that patient, including the status and encounter date.
*/

SELECT
  id,
  status,
  encounter_date
FROM "postgres"."public"."Patient"
JOIN "postgres"."public"."Encounter"
    ON "postgres"."public"."Patient".id = "postgres"."public"."Encounter".patient_id
WHERE "postgres"."public"."Patient".id = {var('patient_id')}
  );
[0m19:17:45.419810 [debug] [Thread-2 (]: Opening a new connection, currently in state init
[0m19:17:45.420212 [debug] [Thread-1 (]: On model.chorus_data_engineer_interview.all_active_patients: /* {"app": "dbt", "dbt_version": "1.11.8", "profile_name": "chorus_data_engineer_interview", "target_name": "dev", "node_id": "model.chorus_data_engineer_interview.all_active_patients"} */

  create view "postgres"."public"."all_active_patients__dbt_tmp"
    
    
  as (
    /* Write a query to return all patients who are active. */

SELECT
  id,
  identifier,
  gender
FROM "postgres"."public"."Patient"
WHERE active = true
  );
[0m19:17:45.420560 [debug] [Thread-3 (]: Opening a new connection, currently in state init
[0m19:17:45.421105 [debug] [Thread-1 (]: Opening a new connection, currently in state closed
[0m19:17:45.424539 [debug] [Thread-4 (]: Compilation Error in model observations_per_specific_patient (models/01_beginner/observations_per_specific_patient.sql)
  Required var 'id' not found in config:
  Vars supplied to observations_per_specific_patient = {}
[0m19:17:45.427335 [debug] [Thread-4 (]: Sending event: {'category': 'dbt', 'action': 'run_model', 'label': '748d5450-abbe-4c6b-84ef-471434747ef8', 'context': [<snowplow_tracker.self_describing_json.SelfDescribingJson object at 0x10b492090>]}
[0m19:17:45.428245 [error] [Thread-4 (]: 4 of 15 ERROR creating sql view model public.observations_per_specific_patient . [[31mERROR[0m in 0.08s]
[0m19:17:45.429150 [debug] [Thread-4 (]: Finished running node model.chorus_data_engineer_interview.observations_per_specific_patient
[0m19:17:45.429828 [debug] [Thread-4 (]: Began running node model.chorus_data_engineer_interview.patient_multi_practitioners
[0m19:17:45.430264 [info ] [Thread-4 (]: 5 of 15 START sql view model public.patient_multi_practitioners ................ [RUN]
[0m19:17:45.430712 [debug] [Thread-4 (]: Re-using an available connection from the pool (formerly model.chorus_data_engineer_interview.observations_per_specific_patient, now model.chorus_data_engineer_interview.patient_multi_practitioners)
[0m19:17:45.431049 [debug] [Thread-4 (]: Began compiling node model.chorus_data_engineer_interview.patient_multi_practitioners
[0m19:17:45.433885 [debug] [Thread-4 (]: Writing injected SQL for node "model.chorus_data_engineer_interview.patient_multi_practitioners"
[0m19:17:45.434259 [debug] [Thread-7 (]: Marking all children of 'model.chorus_data_engineer_interview.observations_per_specific_patient' to be skipped because of status 'error'.  Reason: Compilation Error in model observations_per_specific_patient (models/01_beginner/observations_per_specific_patient.sql)
  Required var 'id' not found in config:
  Vars supplied to observations_per_specific_patient = {}.
[0m19:17:45.436161 [debug] [Thread-4 (]: Began executing node model.chorus_data_engineer_interview.patient_multi_practitioners
[0m19:17:45.445639 [debug] [Thread-3 (]: Postgres adapter: Postgres error: syntax error at or near "{"
LINE 18: WHERE "postgres"."public"."Patient".id = {var('patient_id')}
                                                  ^

[0m19:17:45.448288 [debug] [Thread-4 (]: Writing runtime sql for node "model.chorus_data_engineer_interview.patient_multi_practitioners"
[0m19:17:45.448681 [debug] [Thread-1 (]: SQL status: CREATE VIEW in 0.028 seconds
[0m19:17:45.449024 [debug] [Thread-2 (]: SQL status: CREATE VIEW in 0.029 seconds
[0m19:17:45.449427 [debug] [Thread-3 (]: On model.chorus_data_engineer_interview.encounters_per_specific_patient: ROLLBACK
[0m19:17:45.455793 [debug] [Thread-1 (]: Using postgres connection "model.chorus_data_engineer_interview.all_active_patients"
[0m19:17:45.459018 [debug] [Thread-2 (]: Using postgres connection "model.chorus_data_engineer_interview.avg_encounter_per_patient"
[0m19:17:45.459598 [debug] [Thread-4 (]: Using postgres connection "model.chorus_data_engineer_interview.patient_multi_practitioners"
[0m19:17:45.460634 [debug] [Thread-1 (]: On model.chorus_data_engineer_interview.all_active_patients: /* {"app": "dbt", "dbt_version": "1.11.8", "profile_name": "chorus_data_engineer_interview", "target_name": "dev", "node_id": "model.chorus_data_engineer_interview.all_active_patients"} */
alter table "postgres"."public"."all_active_patients" rename to "all_active_patients__dbt_backup"
[0m19:17:45.461312 [debug] [Thread-3 (]: On model.chorus_data_engineer_interview.encounters_per_specific_patient: Close
[0m19:17:45.461689 [debug] [Thread-2 (]: On model.chorus_data_engineer_interview.avg_encounter_per_patient: /* {"app": "dbt", "dbt_version": "1.11.8", "profile_name": "chorus_data_engineer_interview", "target_name": "dev", "node_id": "model.chorus_data_engineer_interview.avg_encounter_per_patient"} */
alter table "postgres"."public"."avg_encounter_per_patient" rename to "avg_encounter_per_patient__dbt_backup"
[0m19:17:45.462080 [debug] [Thread-4 (]: On model.chorus_data_engineer_interview.patient_multi_practitioners: /* {"app": "dbt", "dbt_version": "1.11.8", "profile_name": "chorus_data_engineer_interview", "target_name": "dev", "node_id": "model.chorus_data_engineer_interview.patient_multi_practitioners"} */

  create view "postgres"."public"."patient_multi_practitioners__dbt_tmp"
    
    
  as (
    /*
Write a query to return a list of patient IDs who have had encounters with more than one distinct practitioner.
 */

WITH practitioner_counts AS (
    SELECT
        patient_id,
        COUNT(DISTINCT practitioner_id) AS distinct_practitioners
    FROM "postgres"."public"."Encounter"
    GROUP BY patient_id
)

SELECT
    patient_id
FROM practitioner_counts
WHERE distinct_practitioners > 1
  );
[0m19:17:45.463812 [debug] [Thread-4 (]: Opening a new connection, currently in state init
[0m19:17:45.464704 [debug] [Thread-1 (]: SQL status: ALTER TABLE in 0.002 seconds
[0m19:17:45.465300 [debug] [Thread-2 (]: SQL status: ALTER TABLE in 0.003 seconds
[0m19:17:45.468833 [debug] [Thread-1 (]: Using postgres connection "model.chorus_data_engineer_interview.all_active_patients"
[0m19:17:45.471795 [debug] [Thread-2 (]: Using postgres connection "model.chorus_data_engineer_interview.avg_encounter_per_patient"
[0m19:17:45.472483 [debug] [Thread-1 (]: On model.chorus_data_engineer_interview.all_active_patients: /* {"app": "dbt", "dbt_version": "1.11.8", "profile_name": "chorus_data_engineer_interview", "target_name": "dev", "node_id": "model.chorus_data_engineer_interview.all_active_patients"} */
alter table "postgres"."public"."all_active_patients__dbt_tmp" rename to "all_active_patients"
[0m19:17:45.472932 [debug] [Thread-2 (]: On model.chorus_data_engineer_interview.avg_encounter_per_patient: /* {"app": "dbt", "dbt_version": "1.11.8", "profile_name": "chorus_data_engineer_interview", "target_name": "dev", "node_id": "model.chorus_data_engineer_interview.avg_encounter_per_patient"} */
alter table "postgres"."public"."avg_encounter_per_patient__dbt_tmp" rename to "avg_encounter_per_patient"
[0m19:17:45.475019 [debug] [Thread-2 (]: SQL status: ALTER TABLE in 0.002 seconds
[0m19:17:45.481731 [debug] [Thread-4 (]: SQL status: CREATE VIEW in 0.018 seconds
[0m19:17:45.482072 [debug] [Thread-1 (]: SQL status: ALTER TABLE in 0.009 seconds
[0m19:17:45.493681 [debug] [Thread-2 (]: On model.chorus_data_engineer_interview.avg_encounter_per_patient: COMMIT
[0m19:17:45.496791 [debug] [Thread-4 (]: Using postgres connection "model.chorus_data_engineer_interview.patient_multi_practitioners"
[0m19:17:45.498251 [debug] [Thread-1 (]: On model.chorus_data_engineer_interview.all_active_patients: COMMIT
[0m19:17:45.498658 [debug] [Thread-2 (]: Using postgres connection "model.chorus_data_engineer_interview.avg_encounter_per_patient"
[0m19:17:45.499093 [debug] [Thread-4 (]: On model.chorus_data_engineer_interview.patient_multi_practitioners: /* {"app": "dbt", "dbt_version": "1.11.8", "profile_name": "chorus_data_engineer_interview", "target_name": "dev", "node_id": "model.chorus_data_engineer_interview.patient_multi_practitioners"} */
alter table "postgres"."public"."patient_multi_practitioners" rename to "patient_multi_practitioners__dbt_backup"
[0m19:17:45.499550 [debug] [Thread-1 (]: Using postgres connection "model.chorus_data_engineer_interview.all_active_patients"
[0m19:17:45.499911 [debug] [Thread-2 (]: On model.chorus_data_engineer_interview.avg_encounter_per_patient: COMMIT
[0m19:17:45.501483 [debug] [Thread-3 (]: Database Error in model encounters_per_specific_patient (models/01_beginner/encounters_per_specific_patient.sql)
  syntax error at or near "{"
  LINE 18: WHERE "postgres"."public"."Patient".id = {var('patient_id')}
                                                    ^
  compiled code at target/run/chorus_data_engineer_interview/models/01_beginner/encounters_per_specific_patient.sql
[0m19:17:45.501820 [debug] [Thread-1 (]: On model.chorus_data_engineer_interview.all_active_patients: COMMIT
[0m19:17:45.502324 [debug] [Thread-3 (]: Sending event: {'category': 'dbt', 'action': 'run_model', 'label': '748d5450-abbe-4c6b-84ef-471434747ef8', 'context': [<snowplow_tracker.self_describing_json.SelfDescribingJson object at 0x10baa9b10>]}
[0m19:17:45.502780 [debug] [Thread-4 (]: SQL status: ALTER TABLE in 0.002 seconds
[0m19:17:45.503626 [error] [Thread-3 (]: 3 of 15 ERROR creating sql view model public.encounters_per_specific_patient ... [[31mERROR[0m in 0.16s]
[0m19:17:45.511385 [debug] [Thread-1 (]: SQL status: COMMIT in 0.008 seconds
[0m19:17:45.514257 [debug] [Thread-4 (]: Using postgres connection "model.chorus_data_engineer_interview.patient_multi_practitioners"
[0m19:17:45.514860 [debug] [Thread-3 (]: Finished running node model.chorus_data_engineer_interview.encounters_per_specific_patient
[0m19:17:45.515167 [debug] [Thread-2 (]: SQL status: COMMIT in 0.013 seconds
[0m19:17:45.521139 [debug] [Thread-1 (]: Applying DROP to: "postgres"."public"."all_active_patients__dbt_backup"
[0m19:17:45.521516 [debug] [Thread-4 (]: On model.chorus_data_engineer_interview.patient_multi_practitioners: /* {"app": "dbt", "dbt_version": "1.11.8", "profile_name": "chorus_data_engineer_interview", "target_name": "dev", "node_id": "model.chorus_data_engineer_interview.patient_multi_practitioners"} */
alter table "postgres"."public"."patient_multi_practitioners__dbt_tmp" rename to "patient_multi_practitioners"
[0m19:17:45.521915 [debug] [Thread-3 (]: Began running node model.chorus_data_engineer_interview.patient_prescription_wo_encounter
[0m19:17:45.522295 [debug] [Thread-7 (]: Marking all children of 'model.chorus_data_engineer_interview.encounters_per_specific_patient' to be skipped because of status 'error'.  Reason: Database Error in model encounters_per_specific_patient (models/01_beginner/encounters_per_specific_patient.sql)
  syntax error at or near "{"
  LINE 18: WHERE "postgres"."public"."Patient".id = {var('patient_id')}
                                                    ^
  compiled code at target/run/chorus_data_engineer_interview/models/01_beginner/encounters_per_specific_patient.sql.
[0m19:17:45.524399 [debug] [Thread-2 (]: Applying DROP to: "postgres"."public"."avg_encounter_per_patient__dbt_backup"
[0m19:17:45.529183 [debug] [Thread-1 (]: Using postgres connection "model.chorus_data_engineer_interview.all_active_patients"
[0m19:17:45.529947 [info ] [Thread-3 (]: 6 of 15 START sql view model public.patient_prescription_wo_encounter .......... [RUN]
[0m19:17:45.530920 [debug] [Thread-2 (]: Using postgres connection "model.chorus_data_engineer_interview.avg_encounter_per_patient"
[0m19:17:45.531267 [debug] [Thread-1 (]: On model.chorus_data_engineer_interview.all_active_patients: /* {"app": "dbt", "dbt_version": "1.11.8", "profile_name": "chorus_data_engineer_interview", "target_name": "dev", "node_id": "model.chorus_data_engineer_interview.all_active_patients"} */
drop view if exists "postgres"."public"."all_active_patients__dbt_backup" cascade
[0m19:17:45.531753 [debug] [Thread-3 (]: Re-using an available connection from the pool (formerly model.chorus_data_engineer_interview.encounters_per_specific_patient, now model.chorus_data_engineer_interview.patient_prescription_wo_encounter)
[0m19:17:45.532087 [debug] [Thread-4 (]: SQL status: ALTER TABLE in 0.003 seconds
[0m19:17:45.532396 [debug] [Thread-2 (]: On model.chorus_data_engineer_interview.avg_encounter_per_patient: /* {"app": "dbt", "dbt_version": "1.11.8", "profile_name": "chorus_data_engineer_interview", "target_name": "dev", "node_id": "model.chorus_data_engineer_interview.avg_encounter_per_patient"} */
drop view if exists "postgres"."public"."avg_encounter_per_patient__dbt_backup" cascade
[0m19:17:45.532809 [debug] [Thread-3 (]: Began compiling node model.chorus_data_engineer_interview.patient_prescription_wo_encounter
[0m19:17:45.534362 [debug] [Thread-4 (]: On model.chorus_data_engineer_interview.patient_multi_practitioners: COMMIT
[0m19:17:45.538015 [debug] [Thread-3 (]: Writing injected SQL for node "model.chorus_data_engineer_interview.patient_prescription_wo_encounter"
[0m19:17:45.538376 [debug] [Thread-1 (]: SQL status: DROP VIEW in 0.006 seconds
[0m19:17:45.538698 [debug] [Thread-2 (]: SQL status: DROP VIEW in 0.004 seconds
[0m19:17:45.539022 [debug] [Thread-4 (]: Using postgres connection "model.chorus_data_engineer_interview.patient_multi_practitioners"
[0m19:17:45.541269 [debug] [Thread-1 (]: On model.chorus_data_engineer_interview.all_active_patients: Close
[0m19:17:45.542350 [debug] [Thread-2 (]: On model.chorus_data_engineer_interview.avg_encounter_per_patient: Close
[0m19:17:45.542672 [debug] [Thread-4 (]: On model.chorus_data_engineer_interview.patient_multi_practitioners: COMMIT
[0m19:17:45.542951 [debug] [Thread-3 (]: Began executing node model.chorus_data_engineer_interview.patient_prescription_wo_encounter
[0m19:17:45.543423 [debug] [Thread-1 (]: Sending event: {'category': 'dbt', 'action': 'run_model', 'label': '748d5450-abbe-4c6b-84ef-471434747ef8', 'context': [<snowplow_tracker.self_describing_json.SelfDescribingJson object at 0x10bb49710>]}
[0m19:17:45.543930 [debug] [Thread-2 (]: Sending event: {'category': 'dbt', 'action': 'run_model', 'label': '748d5450-abbe-4c6b-84ef-471434747ef8', 'context': [<snowplow_tracker.self_describing_json.SelfDescribingJson object at 0x10bb57890>]}
[0m19:17:45.547527 [debug] [Thread-3 (]: Writing runtime sql for node "model.chorus_data_engineer_interview.patient_prescription_wo_encounter"
[0m19:17:45.547831 [debug] [Thread-4 (]: SQL status: COMMIT in 0.004 seconds
[0m19:17:45.548344 [info ] [Thread-1 (]: 1 of 15 OK created sql view model public.all_active_patients ................... [[32mCREATE VIEW[0m in 0.20s]
[0m19:17:45.548890 [info ] [Thread-2 (]: 2 of 15 OK created sql view model public.avg_encounter_per_patient ............. [[32mCREATE VIEW[0m in 0.20s]
[0m19:17:45.551098 [debug] [Thread-4 (]: Applying DROP to: "postgres"."public"."patient_multi_practitioners__dbt_backup"
[0m19:17:45.551578 [debug] [Thread-1 (]: Finished running node model.chorus_data_engineer_interview.all_active_patients
[0m19:17:45.552084 [debug] [Thread-3 (]: Using postgres connection "model.chorus_data_engineer_interview.patient_prescription_wo_encounter"
[0m19:17:45.552482 [debug] [Thread-2 (]: Finished running node model.chorus_data_engineer_interview.avg_encounter_per_patient
[0m19:17:45.553071 [debug] [Thread-4 (]: Using postgres connection "model.chorus_data_engineer_interview.patient_multi_practitioners"
[0m19:17:45.553410 [debug] [Thread-1 (]: Began running node model.chorus_data_engineer_interview.patient_retention_per_cohort
[0m19:17:45.553824 [debug] [Thread-3 (]: On model.chorus_data_engineer_interview.patient_prescription_wo_encounter: /* {"app": "dbt", "dbt_version": "1.11.8", "profile_name": "chorus_data_engineer_interview", "target_name": "dev", "node_id": "model.chorus_data_engineer_interview.patient_prescription_wo_encounter"} */

  create view "postgres"."public"."patient_prescription_wo_encounter__dbt_tmp"
    
    
  as (
    /*
 Write a query to find patients who have a record in the MedicationRequest table but no associated encounters in the Encounter table.
 */

WITH

patients_with_medication_requests AS (
    SELECT DISTINCT patient_id
    FROM "postgres"."public"."MedicationRequest"
),

patients_with_encounters AS (
    SELECT DISTINCT patient_id
    FROM "postgres"."public"."Encounter"
)

SELECT
    patient_id
FROM patients_with_medication_requests
WHERE patient_id NOT IN (SELECT patient_id FROM patients_with_encounters)
  );
[0m19:17:45.554187 [debug] [Thread-2 (]: Began running node model.chorus_data_engineer_interview.practictioner_no_prescriptions
[0m19:17:45.554532 [debug] [Thread-4 (]: On model.chorus_data_engineer_interview.patient_multi_practitioners: /* {"app": "dbt", "dbt_version": "1.11.8", "profile_name": "chorus_data_engineer_interview", "target_name": "dev", "node_id": "model.chorus_data_engineer_interview.patient_multi_practitioners"} */
drop view if exists "postgres"."public"."patient_multi_practitioners__dbt_backup" cascade
[0m19:17:45.554947 [info ] [Thread-1 (]: 7 of 15 START sql view model public.patient_retention_per_cohort ............... [RUN]
[0m19:17:45.555327 [debug] [Thread-3 (]: Opening a new connection, currently in state closed
[0m19:17:45.555715 [info ] [Thread-2 (]: 8 of 15 START sql view model public.practictioner_no_prescriptions ............. [RUN]
[0m19:17:45.556111 [debug] [Thread-1 (]: Re-using an available connection from the pool (formerly model.chorus_data_engineer_interview.all_active_patients, now model.chorus_data_engineer_interview.patient_retention_per_cohort)
[0m19:17:45.556687 [debug] [Thread-2 (]: Re-using an available connection from the pool (formerly model.chorus_data_engineer_interview.avg_encounter_per_patient, now model.chorus_data_engineer_interview.practictioner_no_prescriptions)
[0m19:17:45.557041 [debug] [Thread-1 (]: Began compiling node model.chorus_data_engineer_interview.patient_retention_per_cohort
[0m19:17:45.557471 [debug] [Thread-2 (]: Began compiling node model.chorus_data_engineer_interview.practictioner_no_prescriptions
[0m19:17:45.561060 [debug] [Thread-1 (]: Writing injected SQL for node "model.chorus_data_engineer_interview.patient_retention_per_cohort"
[0m19:17:45.561385 [debug] [Thread-4 (]: SQL status: DROP VIEW in 0.005 seconds
[0m19:17:45.564239 [debug] [Thread-2 (]: Writing injected SQL for node "model.chorus_data_engineer_interview.practictioner_no_prescriptions"
[0m19:17:45.565669 [debug] [Thread-4 (]: On model.chorus_data_engineer_interview.patient_multi_practitioners: Close
[0m19:17:45.566289 [debug] [Thread-1 (]: Began executing node model.chorus_data_engineer_interview.patient_retention_per_cohort
[0m19:17:45.569788 [debug] [Thread-1 (]: Writing runtime sql for node "model.chorus_data_engineer_interview.patient_retention_per_cohort"
[0m19:17:45.570233 [debug] [Thread-4 (]: Sending event: {'category': 'dbt', 'action': 'run_model', 'label': '748d5450-abbe-4c6b-84ef-471434747ef8', 'context': [<snowplow_tracker.self_describing_json.SelfDescribingJson object at 0x10bb02cd0>]}
[0m19:17:45.570604 [debug] [Thread-3 (]: SQL status: CREATE VIEW in 0.015 seconds
[0m19:17:45.571520 [debug] [Thread-2 (]: Began executing node model.chorus_data_engineer_interview.practictioner_no_prescriptions
[0m19:17:45.571233 [info ] [Thread-4 (]: 5 of 15 OK created sql view model public.patient_multi_practitioners ........... [[32mCREATE VIEW[0m in 0.14s]
[0m19:17:45.574924 [debug] [Thread-3 (]: Using postgres connection "model.chorus_data_engineer_interview.patient_prescription_wo_encounter"
[0m19:17:45.575257 [debug] [Thread-1 (]: Using postgres connection "model.chorus_data_engineer_interview.patient_retention_per_cohort"
[0m19:17:45.580462 [debug] [Thread-2 (]: Writing runtime sql for node "model.chorus_data_engineer_interview.practictioner_no_prescriptions"
[0m19:17:45.581044 [debug] [Thread-4 (]: Finished running node model.chorus_data_engineer_interview.patient_multi_practitioners
[0m19:17:45.581411 [debug] [Thread-3 (]: On model.chorus_data_engineer_interview.patient_prescription_wo_encounter: /* {"app": "dbt", "dbt_version": "1.11.8", "profile_name": "chorus_data_engineer_interview", "target_name": "dev", "node_id": "model.chorus_data_engineer_interview.patient_prescription_wo_encounter"} */
alter table "postgres"."public"."patient_prescription_wo_encounter" rename to "patient_prescription_wo_encounter__dbt_backup"
[0m19:17:45.581791 [debug] [Thread-1 (]: On model.chorus_data_engineer_interview.patient_retention_per_cohort: /* {"app": "dbt", "dbt_version": "1.11.8", "profile_name": "chorus_data_engineer_interview", "target_name": "dev", "node_id": "model.chorus_data_engineer_interview.patient_retention_per_cohort"} */

  create view "postgres"."public"."patient_retention_per_cohort__dbt_tmp"
    
    
  as (
    /*
Write a query to count how many patients had their first encounter in each month (YYYY-MM format) and still had at least one encounter in the following six months.
*/

WITH

first_encounters AS (
    SELECT
        patient_id,
        MIN(encounter_date) AS first_encounter_date
    FROM "postgres"."public"."Encounter"
    GROUP BY patient_id
),

retained_patients AS (
    SELECT
        fe.patient_id,
        fe.first_encounter_date,
        DATE_TRUNC('month', fe.first_encounter_date) AS first_encounter_month,
        MAX(e.encounter_date) AS last_encounter_date
    FROM first_encounters fe
    JOIN "postgres"."public"."Encounter" e ON fe.patient_id = e.patient_id
    WHERE e.encounter_date >= fe.first_encounter_date
    GROUP BY fe.patient_id, fe.first_encounter_date
)

SELECT
    first_encounter_month,
    COUNT(DISTINCT patient_id) AS retained_patients_count
FROM retained_patients
WHERE last_encounter_date >= first_encounter_date + INTERVAL '6 months'
GROUP BY first_encounter_month
ORDER BY first_encounter_month
  );
[0m19:17:45.582320 [debug] [Thread-4 (]: Began running node model.chorus_data_engineer_interview.recent_patient_encounters
[0m19:17:45.582827 [debug] [Thread-2 (]: Using postgres connection "model.chorus_data_engineer_interview.practictioner_no_prescriptions"
[0m19:17:45.583129 [debug] [Thread-1 (]: Opening a new connection, currently in state closed
[0m19:17:45.583565 [info ] [Thread-4 (]: 9 of 15 START sql view model public.recent_patient_encounters .................. [RUN]
[0m19:17:45.584017 [debug] [Thread-2 (]: On model.chorus_data_engineer_interview.practictioner_no_prescriptions: /* {"app": "dbt", "dbt_version": "1.11.8", "profile_name": "chorus_data_engineer_interview", "target_name": "dev", "node_id": "model.chorus_data_engineer_interview.practictioner_no_prescriptions"} */

  create view "postgres"."public"."practictioner_no_prescriptions__dbt_tmp"
    
    
  as (
    /*
 Write a query to find all practitioners who do not appear in the MedicationRequest table as a prescribing practitioner.
 */

WITH prescribing_practitioners AS (
    SELECT DISTINCT practitioner_id
    FROM "postgres"."public"."MedicationRequest"
)

SELECT
    id AS practitioner_id,
    name,
    specialty
FROM "postgres"."public"."Practitioner"
WHERE id NOT IN (SELECT practitioner_id FROM prescribing_practitioners)
  );
[0m19:17:45.584358 [debug] [Thread-3 (]: SQL status: ALTER TABLE in 0.002 seconds
[0m19:17:45.584821 [debug] [Thread-4 (]: Re-using an available connection from the pool (formerly model.chorus_data_engineer_interview.patient_multi_practitioners, now model.chorus_data_engineer_interview.recent_patient_encounters)
[0m19:17:45.585131 [debug] [Thread-2 (]: Opening a new connection, currently in state closed
[0m19:17:45.639558 [debug] [Thread-3 (]: Using postgres connection "model.chorus_data_engineer_interview.patient_prescription_wo_encounter"
[0m19:17:45.640070 [debug] [Thread-4 (]: Began compiling node model.chorus_data_engineer_interview.recent_patient_encounters
[0m19:17:45.640622 [debug] [Thread-3 (]: On model.chorus_data_engineer_interview.patient_prescription_wo_encounter: /* {"app": "dbt", "dbt_version": "1.11.8", "profile_name": "chorus_data_engineer_interview", "target_name": "dev", "node_id": "model.chorus_data_engineer_interview.patient_prescription_wo_encounter"} */
alter table "postgres"."public"."patient_prescription_wo_encounter__dbt_tmp" rename to "patient_prescription_wo_encounter"
[0m19:17:45.643551 [debug] [Thread-4 (]: Writing injected SQL for node "model.chorus_data_engineer_interview.recent_patient_encounters"
[0m19:17:45.645513 [debug] [Thread-4 (]: Began executing node model.chorus_data_engineer_interview.recent_patient_encounters
[0m19:17:45.649009 [debug] [Thread-4 (]: Writing runtime sql for node "model.chorus_data_engineer_interview.recent_patient_encounters"
[0m19:17:45.649368 [debug] [Thread-3 (]: SQL status: ALTER TABLE in 0.005 seconds
[0m19:17:45.649764 [debug] [Thread-1 (]: SQL status: CREATE VIEW in 0.067 seconds
[0m19:17:45.651247 [debug] [Thread-3 (]: On model.chorus_data_engineer_interview.patient_prescription_wo_encounter: COMMIT
[0m19:17:45.654167 [debug] [Thread-1 (]: Using postgres connection "model.chorus_data_engineer_interview.patient_retention_per_cohort"
[0m19:17:45.654481 [debug] [Thread-4 (]: Using postgres connection "model.chorus_data_engineer_interview.recent_patient_encounters"
[0m19:17:45.654764 [debug] [Thread-2 (]: SQL status: CREATE VIEW in 0.070 seconds
[0m19:17:45.655111 [debug] [Thread-3 (]: Using postgres connection "model.chorus_data_engineer_interview.patient_prescription_wo_encounter"
[0m19:17:45.655464 [debug] [Thread-1 (]: On model.chorus_data_engineer_interview.patient_retention_per_cohort: /* {"app": "dbt", "dbt_version": "1.11.8", "profile_name": "chorus_data_engineer_interview", "target_name": "dev", "node_id": "model.chorus_data_engineer_interview.patient_retention_per_cohort"} */
alter table "postgres"."public"."patient_retention_per_cohort" rename to "patient_retention_per_cohort__dbt_backup"
[0m19:17:45.655821 [debug] [Thread-4 (]: On model.chorus_data_engineer_interview.recent_patient_encounters: /* {"app": "dbt", "dbt_version": "1.11.8", "profile_name": "chorus_data_engineer_interview", "target_name": "dev", "node_id": "model.chorus_data_engineer_interview.recent_patient_encounters"} */

  create view "postgres"."public"."recent_patient_encounters__dbt_tmp"
    
    
  as (
    /*
Retrieve each patient’s most recent encounter (based on encounter_date). Return the patient_id, encounter_date, and status.
*/

WITH ranked_encounters AS (
    SELECT
        patient_id,
        encounter_date,
        status,
        ROW_NUMBER() OVER (PARTITION BY patient_id ORDER BY encounter_date DESC) AS rn
    FROM "postgres"."public"."Encounter"
)

SELECT
    patient_id,
    encounter_date,
    status
FROM ranked_encounters
WHERE rn = 1
  );
[0m19:17:45.658821 [debug] [Thread-2 (]: Using postgres connection "model.chorus_data_engineer_interview.practictioner_no_prescriptions"
[0m19:17:45.659136 [debug] [Thread-3 (]: On model.chorus_data_engineer_interview.patient_prescription_wo_encounter: COMMIT
[0m19:17:45.659475 [debug] [Thread-4 (]: Opening a new connection, currently in state closed
[0m19:17:45.659800 [debug] [Thread-2 (]: On model.chorus_data_engineer_interview.practictioner_no_prescriptions: /* {"app": "dbt", "dbt_version": "1.11.8", "profile_name": "chorus_data_engineer_interview", "target_name": "dev", "node_id": "model.chorus_data_engineer_interview.practictioner_no_prescriptions"} */
alter table "postgres"."public"."practictioner_no_prescriptions" rename to "practictioner_no_prescriptions__dbt_backup"
[0m19:17:45.661061 [debug] [Thread-1 (]: SQL status: ALTER TABLE in 0.002 seconds
[0m19:17:45.663813 [debug] [Thread-1 (]: Using postgres connection "model.chorus_data_engineer_interview.patient_retention_per_cohort"
[0m19:17:45.664116 [debug] [Thread-2 (]: SQL status: ALTER TABLE in 0.004 seconds
[0m19:17:45.664411 [debug] [Thread-3 (]: SQL status: COMMIT in 0.004 seconds
[0m19:17:45.664729 [debug] [Thread-1 (]: On model.chorus_data_engineer_interview.patient_retention_per_cohort: /* {"app": "dbt", "dbt_version": "1.11.8", "profile_name": "chorus_data_engineer_interview", "target_name": "dev", "node_id": "model.chorus_data_engineer_interview.patient_retention_per_cohort"} */
alter table "postgres"."public"."patient_retention_per_cohort__dbt_tmp" rename to "patient_retention_per_cohort"
[0m19:17:45.667278 [debug] [Thread-2 (]: Using postgres connection "model.chorus_data_engineer_interview.practictioner_no_prescriptions"
[0m19:17:45.669303 [debug] [Thread-3 (]: Applying DROP to: "postgres"."public"."patient_prescription_wo_encounter__dbt_backup"
[0m19:17:45.669703 [debug] [Thread-2 (]: On model.chorus_data_engineer_interview.practictioner_no_prescriptions: /* {"app": "dbt", "dbt_version": "1.11.8", "profile_name": "chorus_data_engineer_interview", "target_name": "dev", "node_id": "model.chorus_data_engineer_interview.practictioner_no_prescriptions"} */
alter table "postgres"."public"."practictioner_no_prescriptions__dbt_tmp" rename to "practictioner_no_prescriptions"
[0m19:17:45.670354 [debug] [Thread-3 (]: Using postgres connection "model.chorus_data_engineer_interview.patient_prescription_wo_encounter"
[0m19:17:45.670825 [debug] [Thread-3 (]: On model.chorus_data_engineer_interview.patient_prescription_wo_encounter: /* {"app": "dbt", "dbt_version": "1.11.8", "profile_name": "chorus_data_engineer_interview", "target_name": "dev", "node_id": "model.chorus_data_engineer_interview.patient_prescription_wo_encounter"} */
drop view if exists "postgres"."public"."patient_prescription_wo_encounter__dbt_backup" cascade
[0m19:17:45.671271 [debug] [Thread-1 (]: SQL status: ALTER TABLE in 0.002 seconds
[0m19:17:45.672642 [debug] [Thread-1 (]: On model.chorus_data_engineer_interview.patient_retention_per_cohort: COMMIT
[0m19:17:45.672975 [debug] [Thread-2 (]: SQL status: ALTER TABLE in 0.002 seconds
[0m19:17:45.673258 [debug] [Thread-1 (]: Using postgres connection "model.chorus_data_engineer_interview.patient_retention_per_cohort"
[0m19:17:45.673533 [debug] [Thread-4 (]: SQL status: CREATE VIEW in 0.014 seconds
[0m19:17:45.674758 [debug] [Thread-2 (]: On model.chorus_data_engineer_interview.practictioner_no_prescriptions: COMMIT
[0m19:17:45.675040 [debug] [Thread-3 (]: SQL status: DROP VIEW in 0.003 seconds
[0m19:17:45.675340 [debug] [Thread-1 (]: On model.chorus_data_engineer_interview.patient_retention_per_cohort: COMMIT
[0m19:17:45.678118 [debug] [Thread-4 (]: Using postgres connection "model.chorus_data_engineer_interview.recent_patient_encounters"
[0m19:17:45.678429 [debug] [Thread-2 (]: Using postgres connection "model.chorus_data_engineer_interview.practictioner_no_prescriptions"
[0m19:17:45.679429 [debug] [Thread-3 (]: On model.chorus_data_engineer_interview.patient_prescription_wo_encounter: Close
[0m19:17:45.679793 [debug] [Thread-4 (]: On model.chorus_data_engineer_interview.recent_patient_encounters: /* {"app": "dbt", "dbt_version": "1.11.8", "profile_name": "chorus_data_engineer_interview", "target_name": "dev", "node_id": "model.chorus_data_engineer_interview.recent_patient_encounters"} */
alter table "postgres"."public"."recent_patient_encounters" rename to "recent_patient_encounters__dbt_backup"
[0m19:17:45.680109 [debug] [Thread-2 (]: On model.chorus_data_engineer_interview.practictioner_no_prescriptions: COMMIT
[0m19:17:45.680585 [debug] [Thread-3 (]: Sending event: {'category': 'dbt', 'action': 'run_model', 'label': '748d5450-abbe-4c6b-84ef-471434747ef8', 'context': [<snowplow_tracker.self_describing_json.SelfDescribingJson object at 0x10bd06a50>]}
[0m19:17:45.681051 [debug] [Thread-1 (]: SQL status: COMMIT in 0.001 seconds
[0m19:17:45.681611 [info ] [Thread-3 (]: 6 of 15 OK created sql view model public.patient_prescription_wo_encounter ..... [[32mCREATE VIEW[0m in 0.15s]
[0m19:17:45.684062 [debug] [Thread-1 (]: Applying DROP to: "postgres"."public"."patient_retention_per_cohort__dbt_backup"
[0m19:17:45.684362 [debug] [Thread-4 (]: SQL status: ALTER TABLE in 0.003 seconds
[0m19:17:45.684641 [debug] [Thread-2 (]: SQL status: COMMIT in 0.004 seconds
[0m19:17:45.685051 [debug] [Thread-3 (]: Finished running node model.chorus_data_engineer_interview.patient_prescription_wo_encounter
[0m19:17:45.687260 [debug] [Thread-1 (]: Using postgres connection "model.chorus_data_engineer_interview.patient_retention_per_cohort"
[0m19:17:45.689674 [debug] [Thread-4 (]: Using postgres connection "model.chorus_data_engineer_interview.recent_patient_encounters"
[0m19:17:45.691813 [debug] [Thread-2 (]: Applying DROP to: "postgres"."public"."practictioner_no_prescriptions__dbt_backup"
[0m19:17:45.692162 [debug] [Thread-3 (]: Began running node model.chorus_data_engineer_interview.stg_encounters
[0m19:17:45.692513 [debug] [Thread-1 (]: On model.chorus_data_engineer_interview.patient_retention_per_cohort: /* {"app": "dbt", "dbt_version": "1.11.8", "profile_name": "chorus_data_engineer_interview", "target_name": "dev", "node_id": "model.chorus_data_engineer_interview.patient_retention_per_cohort"} */
drop view if exists "postgres"."public"."patient_retention_per_cohort__dbt_backup" cascade
[0m19:17:45.692825 [debug] [Thread-4 (]: On model.chorus_data_engineer_interview.recent_patient_encounters: /* {"app": "dbt", "dbt_version": "1.11.8", "profile_name": "chorus_data_engineer_interview", "target_name": "dev", "node_id": "model.chorus_data_engineer_interview.recent_patient_encounters"} */
alter table "postgres"."public"."recent_patient_encounters__dbt_tmp" rename to "recent_patient_encounters"
[0m19:17:45.693385 [debug] [Thread-2 (]: Using postgres connection "model.chorus_data_engineer_interview.practictioner_no_prescriptions"
[0m19:17:45.693767 [info ] [Thread-3 (]: 10 of 15 START sql view model public.stg_encounters ............................ [RUN]
[0m19:17:45.694222 [debug] [Thread-2 (]: On model.chorus_data_engineer_interview.practictioner_no_prescriptions: /* {"app": "dbt", "dbt_version": "1.11.8", "profile_name": "chorus_data_engineer_interview", "target_name": "dev", "node_id": "model.chorus_data_engineer_interview.practictioner_no_prescriptions"} */
drop view if exists "postgres"."public"."practictioner_no_prescriptions__dbt_backup" cascade
[0m19:17:45.694644 [debug] [Thread-3 (]: Re-using an available connection from the pool (formerly model.chorus_data_engineer_interview.patient_prescription_wo_encounter, now model.chorus_data_engineer_interview.stg_encounters)
[0m19:17:45.695102 [debug] [Thread-3 (]: Began compiling node model.chorus_data_engineer_interview.stg_encounters
[0m19:17:45.697557 [debug] [Thread-3 (]: Writing injected SQL for node "model.chorus_data_engineer_interview.stg_encounters"
[0m19:17:45.697864 [debug] [Thread-4 (]: SQL status: ALTER TABLE in 0.004 seconds
[0m19:17:45.698182 [debug] [Thread-2 (]: SQL status: DROP VIEW in 0.003 seconds
[0m19:17:45.698468 [debug] [Thread-1 (]: SQL status: DROP VIEW in 0.004 seconds
[0m19:17:45.699794 [debug] [Thread-4 (]: On model.chorus_data_engineer_interview.recent_patient_encounters: COMMIT
[0m19:17:45.700918 [debug] [Thread-2 (]: On model.chorus_data_engineer_interview.practictioner_no_prescriptions: Close
[0m19:17:45.701970 [debug] [Thread-1 (]: On model.chorus_data_engineer_interview.patient_retention_per_cohort: Close
[0m19:17:45.702273 [debug] [Thread-3 (]: Began executing node model.chorus_data_engineer_interview.stg_encounters
[0m19:17:45.702584 [debug] [Thread-4 (]: Using postgres connection "model.chorus_data_engineer_interview.recent_patient_encounters"
[0m19:17:45.703060 [debug] [Thread-2 (]: Sending event: {'category': 'dbt', 'action': 'run_model', 'label': '748d5450-abbe-4c6b-84ef-471434747ef8', 'context': [<snowplow_tracker.self_describing_json.SelfDescribingJson object at 0x10966f350>]}
[0m19:17:45.703489 [debug] [Thread-1 (]: Sending event: {'category': 'dbt', 'action': 'run_model', 'label': '748d5450-abbe-4c6b-84ef-471434747ef8', 'context': [<snowplow_tracker.self_describing_json.SelfDescribingJson object at 0x10b393890>]}
[0m19:17:45.707065 [debug] [Thread-3 (]: Writing runtime sql for node "model.chorus_data_engineer_interview.stg_encounters"
[0m19:17:45.707424 [debug] [Thread-4 (]: On model.chorus_data_engineer_interview.recent_patient_encounters: COMMIT
[0m19:17:45.708178 [info ] [Thread-2 (]: 8 of 15 OK created sql view model public.practictioner_no_prescriptions ........ [[32mCREATE VIEW[0m in 0.15s]
[0m19:17:45.708779 [info ] [Thread-1 (]: 7 of 15 OK created sql view model public.patient_retention_per_cohort .......... [[32mCREATE VIEW[0m in 0.15s]
[0m19:17:45.709519 [debug] [Thread-2 (]: Finished running node model.chorus_data_engineer_interview.practictioner_no_prescriptions
[0m19:17:45.709997 [debug] [Thread-1 (]: Finished running node model.chorus_data_engineer_interview.patient_retention_per_cohort
[0m19:17:45.710464 [debug] [Thread-2 (]: Began running node model.chorus_data_engineer_interview.stg_medicationrequests
[0m19:17:45.710788 [debug] [Thread-4 (]: SQL status: COMMIT in 0.001 seconds
[0m19:17:45.711110 [debug] [Thread-1 (]: Began running node model.chorus_data_engineer_interview.stg_observations
[0m19:17:45.711511 [debug] [Thread-3 (]: Using postgres connection "model.chorus_data_engineer_interview.stg_encounters"
[0m19:17:45.711905 [info ] [Thread-2 (]: 11 of 15 START sql view model public.stg_medicationrequests .................... [RUN]
[0m19:17:45.714034 [debug] [Thread-4 (]: Applying DROP to: "postgres"."public"."recent_patient_encounters__dbt_backup"
[0m19:17:45.714417 [info ] [Thread-1 (]: 12 of 15 START sql view model public.stg_observations .......................... [RUN]
[0m19:17:45.714781 [debug] [Thread-3 (]: On model.chorus_data_engineer_interview.stg_encounters: /* {"app": "dbt", "dbt_version": "1.11.8", "profile_name": "chorus_data_engineer_interview", "target_name": "dev", "node_id": "model.chorus_data_engineer_interview.stg_encounters"} */

  create view "postgres"."public"."stg_encounters__dbt_tmp"
    
    
  as (
    SELECT
  id,
  patient_id,
  practitioner_id,
  status,
  encounter_date,
  reason,
  created_at
FROM "postgres"."public"."Encounter"
  );
[0m19:17:45.715136 [debug] [Thread-2 (]: Re-using an available connection from the pool (formerly model.chorus_data_engineer_interview.practictioner_no_prescriptions, now model.chorus_data_engineer_interview.stg_medicationrequests)
[0m19:17:45.715777 [debug] [Thread-4 (]: Using postgres connection "model.chorus_data_engineer_interview.recent_patient_encounters"
[0m19:17:45.716088 [debug] [Thread-1 (]: Re-using an available connection from the pool (formerly model.chorus_data_engineer_interview.patient_retention_per_cohort, now model.chorus_data_engineer_interview.stg_observations)
[0m19:17:45.716398 [debug] [Thread-3 (]: Opening a new connection, currently in state closed
[0m19:17:45.716698 [debug] [Thread-2 (]: Began compiling node model.chorus_data_engineer_interview.stg_medicationrequests
[0m19:17:45.716998 [debug] [Thread-4 (]: On model.chorus_data_engineer_interview.recent_patient_encounters: /* {"app": "dbt", "dbt_version": "1.11.8", "profile_name": "chorus_data_engineer_interview", "target_name": "dev", "node_id": "model.chorus_data_engineer_interview.recent_patient_encounters"} */
drop view if exists "postgres"."public"."recent_patient_encounters__dbt_backup" cascade
[0m19:17:45.717283 [debug] [Thread-1 (]: Began compiling node model.chorus_data_engineer_interview.stg_observations
[0m19:17:45.719884 [debug] [Thread-2 (]: Writing injected SQL for node "model.chorus_data_engineer_interview.stg_medicationrequests"
[0m19:17:45.722762 [debug] [Thread-1 (]: Writing injected SQL for node "model.chorus_data_engineer_interview.stg_observations"
[0m19:17:45.723612 [debug] [Thread-4 (]: SQL status: DROP VIEW in 0.003 seconds
[0m19:17:45.724942 [debug] [Thread-4 (]: On model.chorus_data_engineer_interview.recent_patient_encounters: Close
[0m19:17:45.725520 [debug] [Thread-4 (]: Sending event: {'category': 'dbt', 'action': 'run_model', 'label': '748d5450-abbe-4c6b-84ef-471434747ef8', 'context': [<snowplow_tracker.self_describing_json.SelfDescribingJson object at 0x10b67f790>]}
[0m19:17:45.726282 [info ] [Thread-4 (]: 9 of 15 OK created sql view model public.recent_patient_encounters ............. [[32mCREATE VIEW[0m in 0.14s]
[0m19:17:45.726976 [debug] [Thread-4 (]: Finished running node model.chorus_data_engineer_interview.recent_patient_encounters
[0m19:17:45.727420 [debug] [Thread-4 (]: Began running node model.chorus_data_engineer_interview.stg_patients
[0m19:17:45.727800 [info ] [Thread-4 (]: 13 of 15 START sql view model public.stg_patients .............................. [RUN]
[0m19:17:45.728298 [debug] [Thread-2 (]: Began executing node model.chorus_data_engineer_interview.stg_medicationrequests
[0m19:17:45.728793 [debug] [Thread-4 (]: Re-using an available connection from the pool (formerly model.chorus_data_engineer_interview.recent_patient_encounters, now model.chorus_data_engineer_interview.stg_patients)
[0m19:17:45.732998 [debug] [Thread-2 (]: Writing runtime sql for node "model.chorus_data_engineer_interview.stg_medicationrequests"
[0m19:17:45.733323 [debug] [Thread-1 (]: Began executing node model.chorus_data_engineer_interview.stg_observations
[0m19:17:45.733635 [debug] [Thread-3 (]: SQL status: CREATE VIEW in 0.017 seconds
[0m19:17:45.733943 [debug] [Thread-4 (]: Began compiling node model.chorus_data_engineer_interview.stg_patients
[0m19:17:45.737180 [debug] [Thread-1 (]: Writing runtime sql for node "model.chorus_data_engineer_interview.stg_observations"
[0m19:17:45.740024 [debug] [Thread-3 (]: Using postgres connection "model.chorus_data_engineer_interview.stg_encounters"
[0m19:17:45.744087 [debug] [Thread-4 (]: Writing injected SQL for node "model.chorus_data_engineer_interview.stg_patients"
[0m19:17:45.744434 [debug] [Thread-2 (]: Using postgres connection "model.chorus_data_engineer_interview.stg_medicationrequests"
[0m19:17:45.744834 [debug] [Thread-3 (]: On model.chorus_data_engineer_interview.stg_encounters: /* {"app": "dbt", "dbt_version": "1.11.8", "profile_name": "chorus_data_engineer_interview", "target_name": "dev", "node_id": "model.chorus_data_engineer_interview.stg_encounters"} */
alter table "postgres"."public"."stg_encounters" rename to "stg_encounters__dbt_backup"
[0m19:17:45.745262 [debug] [Thread-2 (]: On model.chorus_data_engineer_interview.stg_medicationrequests: /* {"app": "dbt", "dbt_version": "1.11.8", "profile_name": "chorus_data_engineer_interview", "target_name": "dev", "node_id": "model.chorus_data_engineer_interview.stg_medicationrequests"} */

  create view "postgres"."public"."stg_medicationrequests__dbt_tmp"
    
    
  as (
    SELECT
    id,
    patient_id,
    practitioner_id,
    medication_name,
    dosage,
    status,
    created_at
FROM "postgres"."public"."MedicationRequest"
  );
[0m19:17:45.745578 [debug] [Thread-1 (]: Using postgres connection "model.chorus_data_engineer_interview.stg_observations"
[0m19:17:45.745966 [debug] [Thread-4 (]: Began executing node model.chorus_data_engineer_interview.stg_patients
[0m19:17:45.746234 [debug] [Thread-2 (]: Opening a new connection, currently in state closed
[0m19:17:45.746816 [debug] [Thread-1 (]: On model.chorus_data_engineer_interview.stg_observations: /* {"app": "dbt", "dbt_version": "1.11.8", "profile_name": "chorus_data_engineer_interview", "target_name": "dev", "node_id": "model.chorus_data_engineer_interview.stg_observations"} */

  create view "postgres"."public"."stg_observations__dbt_tmp"
    
    
  as (
    SELECT
  id,
  patient_id,
  encounter_id,
  type,
  value,
  unit,
  recorded_at
FROM "postgres"."public"."Observation"
  );
[0m19:17:45.750344 [debug] [Thread-4 (]: Writing runtime sql for node "model.chorus_data_engineer_interview.stg_patients"
[0m19:17:45.750717 [debug] [Thread-3 (]: SQL status: ALTER TABLE in 0.005 seconds
[0m19:17:45.751183 [debug] [Thread-1 (]: Opening a new connection, currently in state closed
[0m19:17:45.754400 [debug] [Thread-3 (]: Using postgres connection "model.chorus_data_engineer_interview.stg_encounters"
[0m19:17:45.754969 [debug] [Thread-3 (]: On model.chorus_data_engineer_interview.stg_encounters: /* {"app": "dbt", "dbt_version": "1.11.8", "profile_name": "chorus_data_engineer_interview", "target_name": "dev", "node_id": "model.chorus_data_engineer_interview.stg_encounters"} */
alter table "postgres"."public"."stg_encounters__dbt_tmp" rename to "stg_encounters"
[0m19:17:45.755334 [debug] [Thread-4 (]: Using postgres connection "model.chorus_data_engineer_interview.stg_patients"
[0m19:17:45.755999 [debug] [Thread-4 (]: On model.chorus_data_engineer_interview.stg_patients: /* {"app": "dbt", "dbt_version": "1.11.8", "profile_name": "chorus_data_engineer_interview", "target_name": "dev", "node_id": "model.chorus_data_engineer_interview.stg_patients"} */

  create view "postgres"."public"."stg_patients__dbt_tmp"
    
    
  as (
    SELECT
  id,
  identifier,
  name,
  gender,
  birth_date,
  address,
  telecom,
  active,
  created_at
FROM "postgres"."public"."Patient"
  );
[0m19:17:45.756749 [debug] [Thread-4 (]: Opening a new connection, currently in state closed
[0m19:17:45.757756 [debug] [Thread-3 (]: SQL status: ALTER TABLE in 0.002 seconds
[0m19:17:45.760001 [debug] [Thread-3 (]: On model.chorus_data_engineer_interview.stg_encounters: COMMIT
[0m19:17:45.760531 [debug] [Thread-3 (]: Using postgres connection "model.chorus_data_engineer_interview.stg_encounters"
[0m19:17:45.760999 [debug] [Thread-3 (]: On model.chorus_data_engineer_interview.stg_encounters: COMMIT
[0m19:17:45.764301 [debug] [Thread-3 (]: SQL status: COMMIT in 0.003 seconds
[0m19:17:45.767712 [debug] [Thread-3 (]: Applying DROP to: "postgres"."public"."stg_encounters__dbt_backup"
[0m19:17:45.768086 [debug] [Thread-2 (]: SQL status: CREATE VIEW in 0.022 seconds
[0m19:17:45.768405 [debug] [Thread-1 (]: SQL status: CREATE VIEW in 0.017 seconds
[0m19:17:45.769442 [debug] [Thread-3 (]: Using postgres connection "model.chorus_data_engineer_interview.stg_encounters"
[0m19:17:45.772514 [debug] [Thread-2 (]: Using postgres connection "model.chorus_data_engineer_interview.stg_medicationrequests"
[0m19:17:45.775824 [debug] [Thread-1 (]: Using postgres connection "model.chorus_data_engineer_interview.stg_observations"
[0m19:17:45.776129 [debug] [Thread-4 (]: SQL status: CREATE VIEW in 0.019 seconds
[0m19:17:45.776513 [debug] [Thread-3 (]: On model.chorus_data_engineer_interview.stg_encounters: /* {"app": "dbt", "dbt_version": "1.11.8", "profile_name": "chorus_data_engineer_interview", "target_name": "dev", "node_id": "model.chorus_data_engineer_interview.stg_encounters"} */
drop view if exists "postgres"."public"."stg_encounters__dbt_backup" cascade
[0m19:17:45.776868 [debug] [Thread-2 (]: On model.chorus_data_engineer_interview.stg_medicationrequests: /* {"app": "dbt", "dbt_version": "1.11.8", "profile_name": "chorus_data_engineer_interview", "target_name": "dev", "node_id": "model.chorus_data_engineer_interview.stg_medicationrequests"} */
alter table "postgres"."public"."stg_medicationrequests__dbt_tmp" rename to "stg_medicationrequests"
[0m19:17:45.777196 [debug] [Thread-1 (]: On model.chorus_data_engineer_interview.stg_observations: /* {"app": "dbt", "dbt_version": "1.11.8", "profile_name": "chorus_data_engineer_interview", "target_name": "dev", "node_id": "model.chorus_data_engineer_interview.stg_observations"} */
alter table "postgres"."public"."stg_observations" rename to "stg_observations__dbt_backup"
[0m19:17:45.780133 [debug] [Thread-4 (]: Using postgres connection "model.chorus_data_engineer_interview.stg_patients"
[0m19:17:45.780619 [debug] [Thread-4 (]: On model.chorus_data_engineer_interview.stg_patients: /* {"app": "dbt", "dbt_version": "1.11.8", "profile_name": "chorus_data_engineer_interview", "target_name": "dev", "node_id": "model.chorus_data_engineer_interview.stg_patients"} */
alter table "postgres"."public"."stg_patients" rename to "stg_patients__dbt_backup"
[0m19:17:45.782947 [debug] [Thread-2 (]: SQL status: ALTER TABLE in 0.002 seconds
[0m19:17:45.783271 [debug] [Thread-1 (]: SQL status: ALTER TABLE in 0.003 seconds
[0m19:17:45.783593 [debug] [Thread-4 (]: SQL status: ALTER TABLE in 0.003 seconds
[0m19:17:45.784903 [debug] [Thread-2 (]: On model.chorus_data_engineer_interview.stg_medicationrequests: COMMIT
[0m19:17:45.785203 [debug] [Thread-3 (]: SQL status: DROP VIEW in 0.005 seconds
[0m19:17:45.787554 [debug] [Thread-1 (]: Using postgres connection "model.chorus_data_engineer_interview.stg_observations"
[0m19:17:45.790237 [debug] [Thread-4 (]: Using postgres connection "model.chorus_data_engineer_interview.stg_patients"
[0m19:17:45.790551 [debug] [Thread-2 (]: Using postgres connection "model.chorus_data_engineer_interview.stg_medicationrequests"
[0m19:17:45.791564 [debug] [Thread-3 (]: On model.chorus_data_engineer_interview.stg_encounters: Close
[0m19:17:45.791879 [debug] [Thread-1 (]: On model.chorus_data_engineer_interview.stg_observations: /* {"app": "dbt", "dbt_version": "1.11.8", "profile_name": "chorus_data_engineer_interview", "target_name": "dev", "node_id": "model.chorus_data_engineer_interview.stg_observations"} */
alter table "postgres"."public"."stg_observations__dbt_tmp" rename to "stg_observations"
[0m19:17:45.792201 [debug] [Thread-4 (]: On model.chorus_data_engineer_interview.stg_patients: /* {"app": "dbt", "dbt_version": "1.11.8", "profile_name": "chorus_data_engineer_interview", "target_name": "dev", "node_id": "model.chorus_data_engineer_interview.stg_patients"} */
alter table "postgres"."public"."stg_patients__dbt_tmp" rename to "stg_patients"
[0m19:17:45.792496 [debug] [Thread-2 (]: On model.chorus_data_engineer_interview.stg_medicationrequests: COMMIT
[0m19:17:45.792956 [debug] [Thread-3 (]: Sending event: {'category': 'dbt', 'action': 'run_model', 'label': '748d5450-abbe-4c6b-84ef-471434747ef8', 'context': [<snowplow_tracker.self_describing_json.SelfDescribingJson object at 0x10b4ce450>]}
[0m19:17:45.793733 [info ] [Thread-3 (]: 10 of 15 OK created sql view model public.stg_encounters ....................... [[32mCREATE VIEW[0m in 0.10s]
[0m19:17:45.794217 [debug] [Thread-3 (]: Finished running node model.chorus_data_engineer_interview.stg_encounters
[0m19:17:45.794541 [debug] [Thread-3 (]: Began running node model.chorus_data_engineer_interview.stg_practitioners
[0m19:17:45.794894 [debug] [Thread-2 (]: SQL status: COMMIT in 0.002 seconds
[0m19:17:45.795193 [debug] [Thread-1 (]: SQL status: ALTER TABLE in 0.002 seconds
[0m19:17:45.795477 [debug] [Thread-4 (]: SQL status: ALTER TABLE in 0.002 seconds
[0m19:17:45.795969 [info ] [Thread-3 (]: 14 of 15 START sql view model public.stg_practitioners ......................... [RUN]
[0m19:17:45.798150 [debug] [Thread-2 (]: Applying DROP to: "postgres"."public"."stg_medicationrequests__dbt_backup"
[0m19:17:45.799458 [debug] [Thread-1 (]: On model.chorus_data_engineer_interview.stg_observations: COMMIT
[0m19:17:45.800691 [debug] [Thread-4 (]: On model.chorus_data_engineer_interview.stg_patients: COMMIT
[0m19:17:45.801036 [debug] [Thread-3 (]: Re-using an available connection from the pool (formerly model.chorus_data_engineer_interview.stg_encounters, now model.chorus_data_engineer_interview.stg_practitioners)
[0m19:17:45.801622 [debug] [Thread-2 (]: Using postgres connection "model.chorus_data_engineer_interview.stg_medicationrequests"
[0m19:17:45.801923 [debug] [Thread-1 (]: Using postgres connection "model.chorus_data_engineer_interview.stg_observations"
[0m19:17:45.802212 [debug] [Thread-4 (]: Using postgres connection "model.chorus_data_engineer_interview.stg_patients"
[0m19:17:45.802491 [debug] [Thread-3 (]: Began compiling node model.chorus_data_engineer_interview.stg_practitioners
[0m19:17:45.802790 [debug] [Thread-2 (]: On model.chorus_data_engineer_interview.stg_medicationrequests: /* {"app": "dbt", "dbt_version": "1.11.8", "profile_name": "chorus_data_engineer_interview", "target_name": "dev", "node_id": "model.chorus_data_engineer_interview.stg_medicationrequests"} */
drop view if exists "postgres"."public"."stg_medicationrequests__dbt_backup" cascade
[0m19:17:45.803066 [debug] [Thread-1 (]: On model.chorus_data_engineer_interview.stg_observations: COMMIT
[0m19:17:45.803325 [debug] [Thread-4 (]: On model.chorus_data_engineer_interview.stg_patients: COMMIT
[0m19:17:45.807659 [debug] [Thread-3 (]: Writing injected SQL for node "model.chorus_data_engineer_interview.stg_practitioners"
[0m19:17:45.808435 [debug] [Thread-3 (]: Began executing node model.chorus_data_engineer_interview.stg_practitioners
[0m19:17:45.811841 [debug] [Thread-3 (]: Writing runtime sql for node "model.chorus_data_engineer_interview.stg_practitioners"
[0m19:17:45.812160 [debug] [Thread-2 (]: SQL status: DROP VIEW in 0.004 seconds
[0m19:17:45.812454 [debug] [Thread-1 (]: SQL status: COMMIT in 0.004 seconds
[0m19:17:45.812719 [debug] [Thread-4 (]: SQL status: COMMIT in 0.005 seconds
[0m19:17:45.813866 [debug] [Thread-2 (]: On model.chorus_data_engineer_interview.stg_medicationrequests: Close
[0m19:17:45.816034 [debug] [Thread-1 (]: Applying DROP to: "postgres"."public"."stg_observations__dbt_backup"
[0m19:17:45.818371 [debug] [Thread-4 (]: Applying DROP to: "postgres"."public"."stg_patients__dbt_backup"
[0m19:17:45.818762 [debug] [Thread-3 (]: Using postgres connection "model.chorus_data_engineer_interview.stg_practitioners"
[0m19:17:45.819251 [debug] [Thread-2 (]: Sending event: {'category': 'dbt', 'action': 'run_model', 'label': '748d5450-abbe-4c6b-84ef-471434747ef8', 'context': [<snowplow_tracker.self_describing_json.SelfDescribingJson object at 0x10a4e0510>]}
[0m19:17:45.819816 [debug] [Thread-1 (]: Using postgres connection "model.chorus_data_engineer_interview.stg_observations"
[0m19:17:45.820416 [debug] [Thread-4 (]: Using postgres connection "model.chorus_data_engineer_interview.stg_patients"
[0m19:17:45.820751 [debug] [Thread-3 (]: On model.chorus_data_engineer_interview.stg_practitioners: /* {"app": "dbt", "dbt_version": "1.11.8", "profile_name": "chorus_data_engineer_interview", "target_name": "dev", "node_id": "model.chorus_data_engineer_interview.stg_practitioners"} */

  create view "postgres"."public"."stg_practitioners__dbt_tmp"
    
    
  as (
    SELECT
  id,
  identifier,
  name,
  specialty,
  telecom,
  active,
  created_at
FROM "postgres"."public"."Practitioner"
  );
[0m19:17:45.821570 [debug] [Thread-1 (]: On model.chorus_data_engineer_interview.stg_observations: /* {"app": "dbt", "dbt_version": "1.11.8", "profile_name": "chorus_data_engineer_interview", "target_name": "dev", "node_id": "model.chorus_data_engineer_interview.stg_observations"} */
drop view if exists "postgres"."public"."stg_observations__dbt_backup" cascade
[0m19:17:45.821289 [info ] [Thread-2 (]: 11 of 15 OK created sql view model public.stg_medicationrequests ............... [[32mCREATE VIEW[0m in 0.10s]
[0m19:17:45.822053 [debug] [Thread-4 (]: On model.chorus_data_engineer_interview.stg_patients: /* {"app": "dbt", "dbt_version": "1.11.8", "profile_name": "chorus_data_engineer_interview", "target_name": "dev", "node_id": "model.chorus_data_engineer_interview.stg_patients"} */
drop view if exists "postgres"."public"."stg_patients__dbt_backup" cascade
[0m19:17:45.822379 [debug] [Thread-3 (]: Opening a new connection, currently in state closed
[0m19:17:45.822870 [debug] [Thread-2 (]: Finished running node model.chorus_data_engineer_interview.stg_medicationrequests
[0m19:17:45.823490 [debug] [Thread-2 (]: Began running node model.chorus_data_engineer_interview.top_3_prescriptions
[0m19:17:45.824053 [info ] [Thread-2 (]: 15 of 15 START sql view model public.top_3_prescriptions ....................... [RUN]
[0m19:17:45.824424 [debug] [Thread-2 (]: Re-using an available connection from the pool (formerly model.chorus_data_engineer_interview.stg_medicationrequests, now model.chorus_data_engineer_interview.top_3_prescriptions)
[0m19:17:45.824727 [debug] [Thread-2 (]: Began compiling node model.chorus_data_engineer_interview.top_3_prescriptions
[0m19:17:45.827422 [debug] [Thread-2 (]: Writing injected SQL for node "model.chorus_data_engineer_interview.top_3_prescriptions"
[0m19:17:45.827800 [debug] [Thread-4 (]: SQL status: DROP VIEW in 0.005 seconds
[0m19:17:45.828121 [debug] [Thread-1 (]: SQL status: DROP VIEW in 0.005 seconds
[0m19:17:45.829329 [debug] [Thread-4 (]: On model.chorus_data_engineer_interview.stg_patients: Close
[0m19:17:45.830447 [debug] [Thread-1 (]: On model.chorus_data_engineer_interview.stg_observations: Close
[0m19:17:45.831079 [debug] [Thread-4 (]: Sending event: {'category': 'dbt', 'action': 'run_model', 'label': '748d5450-abbe-4c6b-84ef-471434747ef8', 'context': [<snowplow_tracker.self_describing_json.SelfDescribingJson object at 0x10bb4cc90>]}
[0m19:17:45.831851 [debug] [Thread-2 (]: Began executing node model.chorus_data_engineer_interview.top_3_prescriptions
[0m19:17:45.832527 [debug] [Thread-1 (]: Sending event: {'category': 'dbt', 'action': 'run_model', 'label': '748d5450-abbe-4c6b-84ef-471434747ef8', 'context': [<snowplow_tracker.self_describing_json.SelfDescribingJson object at 0x109d5f690>]}
[0m19:17:45.833213 [info ] [Thread-4 (]: 13 of 15 OK created sql view model public.stg_patients ......................... [[32mCREATE VIEW[0m in 0.10s]
[0m19:17:45.837012 [debug] [Thread-2 (]: Writing runtime sql for node "model.chorus_data_engineer_interview.top_3_prescriptions"
[0m19:17:45.837336 [debug] [Thread-3 (]: SQL status: CREATE VIEW in 0.015 seconds
[0m19:17:45.837960 [info ] [Thread-1 (]: 12 of 15 OK created sql view model public.stg_observations ..................... [[32mCREATE VIEW[0m in 0.12s]
[0m19:17:45.838456 [debug] [Thread-4 (]: Finished running node model.chorus_data_engineer_interview.stg_patients
[0m19:17:45.841470 [debug] [Thread-3 (]: Using postgres connection "model.chorus_data_engineer_interview.stg_practitioners"
[0m19:17:45.841900 [debug] [Thread-1 (]: Finished running node model.chorus_data_engineer_interview.stg_observations
[0m19:17:45.842341 [debug] [Thread-2 (]: Using postgres connection "model.chorus_data_engineer_interview.top_3_prescriptions"
[0m19:17:45.842662 [debug] [Thread-3 (]: On model.chorus_data_engineer_interview.stg_practitioners: /* {"app": "dbt", "dbt_version": "1.11.8", "profile_name": "chorus_data_engineer_interview", "target_name": "dev", "node_id": "model.chorus_data_engineer_interview.stg_practitioners"} */
alter table "postgres"."public"."stg_practitioners" rename to "stg_practitioners__dbt_backup"
[0m19:17:45.843072 [debug] [Thread-2 (]: On model.chorus_data_engineer_interview.top_3_prescriptions: /* {"app": "dbt", "dbt_version": "1.11.8", "profile_name": "chorus_data_engineer_interview", "target_name": "dev", "node_id": "model.chorus_data_engineer_interview.top_3_prescriptions"} */

  create view "postgres"."public"."top_3_prescriptions__dbt_tmp"
    
    
  as (
    /*
 Write a query to find the three most commonly prescribed medications from the MedicationRequest table, sorted by the number of prescriptions.
 */

 WITH medication_counts AS (
     SELECT
         medication_name,
         COUNT(*) AS prescription_count
     FROM "postgres"."public"."MedicationRequest"
     GROUP BY medication_name
 )

SELECT
    medication_name,
    prescription_count
FROM medication_counts
ORDER BY prescription_count DESC
LIMIT 3
  );
[0m19:17:45.843442 [debug] [Thread-2 (]: Opening a new connection, currently in state closed
[0m19:17:45.845090 [debug] [Thread-3 (]: SQL status: ALTER TABLE in 0.002 seconds
[0m19:17:45.848356 [debug] [Thread-3 (]: Using postgres connection "model.chorus_data_engineer_interview.stg_practitioners"
[0m19:17:45.848689 [debug] [Thread-3 (]: On model.chorus_data_engineer_interview.stg_practitioners: /* {"app": "dbt", "dbt_version": "1.11.8", "profile_name": "chorus_data_engineer_interview", "target_name": "dev", "node_id": "model.chorus_data_engineer_interview.stg_practitioners"} */
alter table "postgres"."public"."stg_practitioners__dbt_tmp" rename to "stg_practitioners"
[0m19:17:45.850139 [debug] [Thread-3 (]: SQL status: ALTER TABLE in 0.001 seconds
[0m19:17:45.851473 [debug] [Thread-3 (]: On model.chorus_data_engineer_interview.stg_practitioners: COMMIT
[0m19:17:45.851794 [debug] [Thread-3 (]: Using postgres connection "model.chorus_data_engineer_interview.stg_practitioners"
[0m19:17:45.852081 [debug] [Thread-3 (]: On model.chorus_data_engineer_interview.stg_practitioners: COMMIT
[0m19:17:45.854262 [debug] [Thread-3 (]: SQL status: COMMIT in 0.002 seconds
[0m19:17:45.854574 [debug] [Thread-2 (]: SQL status: CREATE VIEW in 0.011 seconds
[0m19:17:45.856725 [debug] [Thread-3 (]: Applying DROP to: "postgres"."public"."stg_practitioners__dbt_backup"
[0m19:17:45.859302 [debug] [Thread-2 (]: Using postgres connection "model.chorus_data_engineer_interview.top_3_prescriptions"
[0m19:17:45.859986 [debug] [Thread-3 (]: Using postgres connection "model.chorus_data_engineer_interview.stg_practitioners"
[0m19:17:45.860301 [debug] [Thread-2 (]: On model.chorus_data_engineer_interview.top_3_prescriptions: /* {"app": "dbt", "dbt_version": "1.11.8", "profile_name": "chorus_data_engineer_interview", "target_name": "dev", "node_id": "model.chorus_data_engineer_interview.top_3_prescriptions"} */
alter table "postgres"."public"."top_3_prescriptions__dbt_tmp" rename to "top_3_prescriptions"
[0m19:17:45.860603 [debug] [Thread-3 (]: On model.chorus_data_engineer_interview.stg_practitioners: /* {"app": "dbt", "dbt_version": "1.11.8", "profile_name": "chorus_data_engineer_interview", "target_name": "dev", "node_id": "model.chorus_data_engineer_interview.stg_practitioners"} */
drop view if exists "postgres"."public"."stg_practitioners__dbt_backup" cascade
[0m19:17:45.862582 [debug] [Thread-2 (]: SQL status: ALTER TABLE in 0.002 seconds
[0m19:17:45.863897 [debug] [Thread-2 (]: On model.chorus_data_engineer_interview.top_3_prescriptions: COMMIT
[0m19:17:45.864227 [debug] [Thread-2 (]: Using postgres connection "model.chorus_data_engineer_interview.top_3_prescriptions"
[0m19:17:45.864508 [debug] [Thread-2 (]: On model.chorus_data_engineer_interview.top_3_prescriptions: COMMIT
[0m19:17:45.865685 [debug] [Thread-3 (]: SQL status: DROP VIEW in 0.005 seconds
[0m19:17:45.866851 [debug] [Thread-3 (]: On model.chorus_data_engineer_interview.stg_practitioners: Close
[0m19:17:45.867162 [debug] [Thread-2 (]: SQL status: COMMIT in 0.002 seconds
[0m19:17:45.867757 [debug] [Thread-3 (]: Sending event: {'category': 'dbt', 'action': 'run_model', 'label': '748d5450-abbe-4c6b-84ef-471434747ef8', 'context': [<snowplow_tracker.self_describing_json.SelfDescribingJson object at 0x10b6ba650>]}
[0m19:17:45.872787 [debug] [Thread-2 (]: Applying DROP to: "postgres"."public"."top_3_prescriptions__dbt_backup"
[0m19:17:45.873365 [info ] [Thread-3 (]: 14 of 15 OK created sql view model public.stg_practitioners .................... [[32mCREATE VIEW[0m in 0.07s]
[0m19:17:45.874037 [debug] [Thread-2 (]: Using postgres connection "model.chorus_data_engineer_interview.top_3_prescriptions"
[0m19:17:45.874472 [debug] [Thread-3 (]: Finished running node model.chorus_data_engineer_interview.stg_practitioners
[0m19:17:45.874801 [debug] [Thread-2 (]: On model.chorus_data_engineer_interview.top_3_prescriptions: /* {"app": "dbt", "dbt_version": "1.11.8", "profile_name": "chorus_data_engineer_interview", "target_name": "dev", "node_id": "model.chorus_data_engineer_interview.top_3_prescriptions"} */
drop view if exists "postgres"."public"."top_3_prescriptions__dbt_backup" cascade
[0m19:17:45.876307 [debug] [Thread-2 (]: SQL status: DROP VIEW in 0.001 seconds
[0m19:17:45.877362 [debug] [Thread-2 (]: On model.chorus_data_engineer_interview.top_3_prescriptions: Close
[0m19:17:45.877790 [debug] [Thread-2 (]: Sending event: {'category': 'dbt', 'action': 'run_model', 'label': '748d5450-abbe-4c6b-84ef-471434747ef8', 'context': [<snowplow_tracker.self_describing_json.SelfDescribingJson object at 0x10bac1310>]}
[0m19:17:45.878283 [info ] [Thread-2 (]: 15 of 15 OK created sql view model public.top_3_prescriptions .................. [[32mCREATE VIEW[0m in 0.05s]
[0m19:17:45.878739 [debug] [Thread-2 (]: Finished running node model.chorus_data_engineer_interview.top_3_prescriptions
[0m19:17:45.879859 [debug] [MainThread]: On master: COMMIT
[0m19:17:45.880123 [debug] [MainThread]: Using postgres connection "master"
[0m19:17:45.880479 [debug] [MainThread]: On master: COMMIT
[0m19:17:45.880691 [debug] [MainThread]: Opening a new connection, currently in state closed
[0m19:17:45.889089 [debug] [MainThread]: SQL status: COMMIT in 0.008 seconds
[0m19:17:45.889443 [debug] [MainThread]: On master: Close
[0m19:17:45.889811 [debug] [MainThread]: Connection 'master' was properly closed.
[0m19:17:45.890080 [debug] [MainThread]: Connection 'model.chorus_data_engineer_interview.stg_observations' was properly closed.
[0m19:17:45.890296 [debug] [MainThread]: Connection 'model.chorus_data_engineer_interview.top_3_prescriptions' was properly closed.
[0m19:17:45.890504 [debug] [MainThread]: Connection 'model.chorus_data_engineer_interview.stg_practitioners' was properly closed.
[0m19:17:45.890705 [debug] [MainThread]: Connection 'model.chorus_data_engineer_interview.stg_patients' was properly closed.
[0m19:17:45.891031 [info ] [MainThread]: 
[0m19:17:45.891301 [info ] [MainThread]: Finished running 15 view models in 0 hours 0 minutes and 0.79 seconds (0.79s).
[0m19:17:45.893262 [debug] [MainThread]: Command end result
[0m19:17:45.927239 [debug] [MainThread]: Wrote artifact WritableManifest to /Users/home/PycharmProjects/chorusinnovations/chorus-data-engineering-interview/dbt/target/manifest.json
[0m19:17:45.929127 [debug] [MainThread]: Wrote artifact SemanticManifest to /Users/home/PycharmProjects/chorusinnovations/chorus-data-engineering-interview/dbt/target/semantic_manifest.json
[0m19:17:45.935199 [debug] [MainThread]: Wrote artifact RunExecutionResult to /Users/home/PycharmProjects/chorusinnovations/chorus-data-engineering-interview/dbt/target/run_results.json
[0m19:17:45.935512 [info ] [MainThread]: 
[0m19:17:45.935840 [info ] [MainThread]: [31mCompleted with 2 errors, 0 partial successes, and 0 warnings:[0m
[0m19:17:45.936098 [info ] [MainThread]: 
[0m19:17:45.936407 [error] [MainThread]: [31mFailure in model observations_per_specific_patient (models/01_beginner/observations_per_specific_patient.sql)[0m
[0m19:17:45.936712 [error] [MainThread]:   Compilation Error in model observations_per_specific_patient (models/01_beginner/observations_per_specific_patient.sql)
  Required var 'id' not found in config:
  Vars supplied to observations_per_specific_patient = {}
[0m19:17:45.936953 [info ] [MainThread]: 
[0m19:17:45.937241 [error] [MainThread]: [31mFailure in model encounters_per_specific_patient (models/01_beginner/encounters_per_specific_patient.sql)[0m
[0m19:17:45.937540 [error] [MainThread]:   Database Error in model encounters_per_specific_patient (models/01_beginner/encounters_per_specific_patient.sql)
  syntax error at or near "{"
  LINE 18: WHERE "postgres"."public"."Patient".id = {var('patient_id')}
                                                    ^
  compiled code at target/run/chorus_data_engineer_interview/models/01_beginner/encounters_per_specific_patient.sql
[0m19:17:45.937777 [info ] [MainThread]: 
[0m19:17:45.938051 [info ] [MainThread]:   compiled code at target/compiled/chorus_data_engineer_interview/models/01_beginner/encounters_per_specific_patient.sql
[0m19:17:45.938296 [info ] [MainThread]: 
[0m19:17:45.938544 [info ] [MainThread]: Done. PASS=13 WARN=0 ERROR=2 SKIP=0 NO-OP=0 TOTAL=15
[0m19:17:45.942302 [debug] [MainThread]: Resource report: {"command_name": "run", "command_success": false, "command_wall_clock_time": 1.9984063, "process_in_blocks": "0", "process_kernel_time": 0.396539, "process_mem_max_rss": "157335552", "process_out_blocks": "0", "process_user_time": 2.700988}
[0m19:17:45.942713 [debug] [MainThread]: Command `dbt run` failed at 19:17:45.942635 after 2.00 seconds
[0m19:17:45.943040 [debug] [MainThread]: Sending event: {'category': 'dbt', 'action': 'invocation', 'label': 'end', 'context': [<snowplow_tracker.self_describing_json.SelfDescribingJson object at 0x1060c6990>, <snowplow_tracker.self_describing_json.SelfDescribingJson object at 0x10a406590>, <snowplow_tracker.self_describing_json.SelfDescribingJson object at 0x10a407850>]}
[0m19:17:45.943342 [debug] [MainThread]: Flushing usage events
[0m19:17:46.521007 [debug] [MainThread]: An error was encountered while trying to flush usage events
[0m19:18:44.901894 [debug] [MainThread]: Sending event: {'category': 'dbt', 'action': 'invocation', 'label': 'start', 'context': [<snowplow_tracker.self_describing_json.SelfDescribingJson object at 0x109d7ac10>, <snowplow_tracker.self_describing_json.SelfDescribingJson object at 0x109ddc590>, <snowplow_tracker.self_describing_json.SelfDescribingJson object at 0x109ddce90>]}


============================== 19:18:44.905817 | a8649c9b-90b4-4d2d-a615-28f302535b45 ==============================
[0m19:18:44.905817 [info ] [MainThread]: Running with dbt=1.11.8
[0m19:18:44.906346 [debug] [MainThread]: running dbt with arguments {'warn_error': 'None', 'send_anonymous_usage_stats': 'True', 'fail_fast': 'False', 'profiles_dir': '/Users/home/.dbt', 'quiet': 'False', 'version_check': 'True', 'write_json': 'True', 'use_colors': 'True', 'printer_width': '80', 'invocation_command': 'dbt run', 'indirect_selection': 'eager', 'debug': 'False', 'static_parser': 'True', 'empty': 'False', 'log_format': 'default', 'warn_error_options': 'WarnErrorOptionsV2(error=[], warn=[], silence=[])', 'target_path': 'None', 'cache_selected_only': 'False', 'partial_parse': 'True', 'no_print': 'None', 'log_cache_events': 'False', 'log_path': '/Users/home/PycharmProjects/chorusinnovations/chorus-data-engineering-interview/dbt/logs', 'use_experimental_parser': 'False', 'introspect': 'True'}
[0m19:18:45.110127 [debug] [MainThread]: Sending event: {'category': 'dbt', 'action': 'project_id', 'label': 'a8649c9b-90b4-4d2d-a615-28f302535b45', 'context': [<snowplow_tracker.self_describing_json.SelfDescribingJson object at 0x109d7b310>]}
[0m19:18:45.162918 [debug] [MainThread]: Sending event: {'category': 'dbt', 'action': 'adapter_info', 'label': 'a8649c9b-90b4-4d2d-a615-28f302535b45', 'context': [<snowplow_tracker.self_describing_json.SelfDescribingJson object at 0x106fa9390>]}
[0m19:18:45.165724 [info ] [MainThread]: Registered adapter: postgres=1.10.0
[0m19:18:45.259527 [debug] [MainThread]: checksum: 7d524ac048c2100769df89d592e662e060a73ca564e31bd9c2a37efdfe8d8ab6, vars: {}, profile: , target: , version: 1.11.8
[0m19:18:45.393630 [debug] [MainThread]: Partial parsing enabled: 0 files deleted, 0 files added, 1 files changed.
[0m19:18:45.394219 [debug] [MainThread]: Partial parsing: updated file: chorus_data_engineer_interview://models/01_beginner/observations_per_specific_patient.sql
[0m19:18:45.657596 [debug] [MainThread]: Sending event: {'category': 'dbt', 'action': 'load_project', 'label': 'a8649c9b-90b4-4d2d-a615-28f302535b45', 'context': [<snowplow_tracker.self_describing_json.SelfDescribingJson object at 0x10ab8aa10>]}
[0m19:18:45.743342 [debug] [MainThread]: Wrote artifact WritableManifest to /Users/home/PycharmProjects/chorusinnovations/chorus-data-engineering-interview/dbt/target/manifest.json
[0m19:18:45.745796 [debug] [MainThread]: Wrote artifact SemanticManifest to /Users/home/PycharmProjects/chorusinnovations/chorus-data-engineering-interview/dbt/target/semantic_manifest.json
[0m19:18:45.756426 [debug] [MainThread]: Sending event: {'category': 'dbt', 'action': 'resource_counts', 'label': 'a8649c9b-90b4-4d2d-a615-28f302535b45', 'context': [<snowplow_tracker.self_describing_json.SelfDescribingJson object at 0x10ad7fb90>]}
[0m19:18:45.756859 [info ] [MainThread]: Found 15 models, 21 data tests, 5 sources, 465 macros
[0m19:18:45.757135 [debug] [MainThread]: Sending event: {'category': 'dbt', 'action': 'runnable_timing', 'label': 'a8649c9b-90b4-4d2d-a615-28f302535b45', 'context': [<snowplow_tracker.self_describing_json.SelfDescribingJson object at 0x10a3a08d0>]}
[0m19:18:45.759401 [info ] [MainThread]: 
[0m19:18:45.759683 [info ] [MainThread]: Concurrency: 4 threads (target='dev')
[0m19:18:45.759977 [info ] [MainThread]: 
[0m19:18:45.760577 [debug] [MainThread]: Acquiring new postgres connection 'master'
[0m19:18:45.764591 [debug] [ThreadPool]: Acquiring new postgres connection 'list_postgres'
[0m19:18:45.813947 [debug] [ThreadPool]: Using postgres connection "list_postgres"
[0m19:18:45.814305 [debug] [ThreadPool]: On list_postgres: /* {"app": "dbt", "dbt_version": "1.11.8", "profile_name": "chorus_data_engineer_interview", "target_name": "dev", "connection_name": "list_postgres"} */

    select distinct nspname from pg_namespace
  
[0m19:18:45.814534 [debug] [ThreadPool]: Opening a new connection, currently in state init
[0m19:18:45.853766 [debug] [ThreadPool]: SQL status: SELECT 4 in 0.039 seconds
[0m19:18:45.854880 [debug] [ThreadPool]: On list_postgres: Close
[0m19:18:45.856545 [debug] [ThreadPool]: Re-using an available connection from the pool (formerly list_postgres, now list_postgres_public)
[0m19:18:45.862901 [debug] [ThreadPool]: Using postgres connection "list_postgres_public"
[0m19:18:45.863231 [debug] [ThreadPool]: On list_postgres_public: /* {"app": "dbt", "dbt_version": "1.11.8", "profile_name": "chorus_data_engineer_interview", "target_name": "dev", "connection_name": "list_postgres_public"} */
select
      'postgres' as database,
      tablename as name,
      schemaname as schema,
      'table' as type
    from pg_tables
    where schemaname ilike 'public'
    union all
    select
      'postgres' as database,
      viewname as name,
      schemaname as schema,
      'view' as type
    from pg_views
    where schemaname ilike 'public'
    union all
    select
      'postgres' as database,
      matviewname as name,
      schemaname as schema,
      'materialized_view' as type
    from pg_matviews
    where schemaname ilike 'public'
  
[0m19:18:45.863472 [debug] [ThreadPool]: Opening a new connection, currently in state closed
[0m19:18:45.878573 [debug] [ThreadPool]: SQL status: SELECT 20 in 0.015 seconds
[0m19:18:45.879946 [debug] [ThreadPool]: On list_postgres_public: ROLLBACK
[0m19:18:45.881118 [debug] [ThreadPool]: On list_postgres_public: Close
[0m19:18:45.887497 [debug] [MainThread]: Using postgres connection "master"
[0m19:18:45.887864 [debug] [MainThread]: On master: /* {"app": "dbt", "dbt_version": "1.11.8", "profile_name": "chorus_data_engineer_interview", "target_name": "dev", "connection_name": "master"} */
select distinct
        dependent_namespace.nspname as dependent_schema,
        dependent_class.relname as dependent_name,
        referenced_namespace.nspname as referenced_schema,
        referenced_class.relname as referenced_name

    -- Query for views: views are entries in pg_class with an entry in pg_rewrite, but we avoid
    -- a seq scan on pg_rewrite by leveraging the fact there is an "internal" row in pg_depend for
    -- the view...
    from pg_class as dependent_class
    join pg_namespace as dependent_namespace on dependent_namespace.oid = dependent_class.relnamespace
    join pg_depend as dependent_depend on dependent_depend.refobjid = dependent_class.oid
        and dependent_depend.classid = 'pg_rewrite'::regclass
        and dependent_depend.refclassid = 'pg_class'::regclass
        and dependent_depend.deptype = 'i'

    -- ... and via pg_depend (that has a row per column, hence the need for "distinct" above, and
    -- making sure to exclude the internal row to avoid a view appearing to depend on itself)...
    join pg_depend as joining_depend on joining_depend.objid = dependent_depend.objid
        and joining_depend.classid = 'pg_rewrite'::regclass
        and joining_depend.refclassid = 'pg_class'::regclass
        and joining_depend.refobjid != dependent_depend.refobjid

    -- ... we can find the tables they query from in pg_class, but excluding system tables. Note we
    -- don't need need to exclude _dependent_ system tables, because they only query from other
    -- system tables, and so are automatically excluded by excluding _referenced_ system tables
    join pg_class as referenced_class on referenced_class.oid = joining_depend.refobjid
    join pg_namespace as referenced_namespace on referenced_namespace.oid = referenced_class.relnamespace
        and referenced_namespace.nspname != 'information_schema'
        and referenced_namespace.nspname not like 'pg\_%'

    order by
        dependent_schema, dependent_name, referenced_schema, referenced_name;
[0m19:18:45.888170 [debug] [MainThread]: Opening a new connection, currently in state init
[0m19:18:45.902142 [debug] [MainThread]: SQL status: SELECT 16 in 0.014 seconds
[0m19:18:45.905098 [debug] [MainThread]: Sending event: {'category': 'dbt', 'action': 'runnable_timing', 'label': 'a8649c9b-90b4-4d2d-a615-28f302535b45', 'context': [<snowplow_tracker.self_describing_json.SelfDescribingJson object at 0x10a36be10>]}
[0m19:18:45.905455 [debug] [MainThread]: On master: ROLLBACK
[0m19:18:45.906572 [debug] [MainThread]: On master: COMMIT
[0m19:18:45.906885 [debug] [MainThread]: Using postgres connection "master"
[0m19:18:45.907116 [debug] [MainThread]: On master: COMMIT
[0m19:18:45.910189 [debug] [MainThread]: SQL status: COMMIT in 0.003 seconds
[0m19:18:45.910469 [debug] [MainThread]: On master: Close
[0m19:18:45.913741 [debug] [Thread-1 (]: Began running node model.chorus_data_engineer_interview.all_active_patients
[0m19:18:45.914044 [debug] [Thread-2 (]: Began running node model.chorus_data_engineer_interview.avg_encounter_per_patient
[0m19:18:45.914372 [debug] [Thread-3 (]: Began running node model.chorus_data_engineer_interview.encounters_per_specific_patient
[0m19:18:45.914623 [debug] [Thread-4 (]: Began running node model.chorus_data_engineer_interview.observations_per_specific_patient
[0m19:18:45.915080 [info ] [Thread-1 (]: 1 of 15 START sql view model public.all_active_patients ........................ [RUN]
[0m19:18:45.915463 [info ] [Thread-2 (]: 2 of 15 START sql view model public.avg_encounter_per_patient .................. [RUN]
[0m19:18:45.915808 [info ] [Thread-3 (]: 3 of 15 START sql view model public.encounters_per_specific_patient ............ [RUN]
[0m19:18:45.916145 [info ] [Thread-4 (]: 4 of 15 START sql view model public.observations_per_specific_patient .......... [RUN]
[0m19:18:45.916476 [debug] [Thread-1 (]: Re-using an available connection from the pool (formerly list_postgres_public, now model.chorus_data_engineer_interview.all_active_patients)
[0m19:18:45.916855 [debug] [Thread-2 (]: Acquiring new postgres connection 'model.chorus_data_engineer_interview.avg_encounter_per_patient'
[0m19:18:45.917196 [debug] [Thread-3 (]: Acquiring new postgres connection 'model.chorus_data_engineer_interview.encounters_per_specific_patient'
[0m19:18:45.917505 [debug] [Thread-4 (]: Acquiring new postgres connection 'model.chorus_data_engineer_interview.observations_per_specific_patient'
[0m19:18:45.917763 [debug] [Thread-1 (]: Began compiling node model.chorus_data_engineer_interview.all_active_patients
[0m19:18:45.918001 [debug] [Thread-2 (]: Began compiling node model.chorus_data_engineer_interview.avg_encounter_per_patient
[0m19:18:45.918232 [debug] [Thread-3 (]: Began compiling node model.chorus_data_engineer_interview.encounters_per_specific_patient
[0m19:18:45.918457 [debug] [Thread-4 (]: Began compiling node model.chorus_data_engineer_interview.observations_per_specific_patient
[0m19:18:45.924365 [debug] [Thread-1 (]: Writing injected SQL for node "model.chorus_data_engineer_interview.all_active_patients"
[0m19:18:45.926578 [debug] [Thread-2 (]: Writing injected SQL for node "model.chorus_data_engineer_interview.avg_encounter_per_patient"
[0m19:18:45.929650 [debug] [Thread-3 (]: Writing injected SQL for node "model.chorus_data_engineer_interview.encounters_per_specific_patient"
[0m19:18:45.932944 [debug] [Thread-4 (]: Writing injected SQL for node "model.chorus_data_engineer_interview.observations_per_specific_patient"
[0m19:18:45.933869 [debug] [Thread-3 (]: Began executing node model.chorus_data_engineer_interview.encounters_per_specific_patient
[0m19:18:45.934221 [debug] [Thread-2 (]: Began executing node model.chorus_data_engineer_interview.avg_encounter_per_patient
[0m19:18:45.939786 [debug] [Thread-1 (]: Began executing node model.chorus_data_engineer_interview.all_active_patients
[0m19:18:45.940051 [debug] [Thread-4 (]: Began executing node model.chorus_data_engineer_interview.observations_per_specific_patient
[0m19:18:45.967078 [debug] [Thread-3 (]: Writing runtime sql for node "model.chorus_data_engineer_interview.encounters_per_specific_patient"
[0m19:18:45.968581 [debug] [Thread-2 (]: Writing runtime sql for node "model.chorus_data_engineer_interview.avg_encounter_per_patient"
[0m19:18:45.972738 [debug] [Thread-1 (]: Writing runtime sql for node "model.chorus_data_engineer_interview.all_active_patients"
[0m19:18:45.975563 [debug] [Thread-4 (]: Writing runtime sql for node "model.chorus_data_engineer_interview.observations_per_specific_patient"
[0m19:18:45.976382 [debug] [Thread-3 (]: Using postgres connection "model.chorus_data_engineer_interview.encounters_per_specific_patient"
[0m19:18:45.976734 [debug] [Thread-3 (]: On model.chorus_data_engineer_interview.encounters_per_specific_patient: /* {"app": "dbt", "dbt_version": "1.11.8", "profile_name": "chorus_data_engineer_interview", "target_name": "dev", "node_id": "model.chorus_data_engineer_interview.encounters_per_specific_patient"} */

  create view "postgres"."public"."encounters_per_specific_patient__dbt_tmp"
    
    
  as (
    /*
Given a patient_id, retrieve all encounters for that patient, including the status and encounter date.
*/

SELECT
  id,
  status,
  encounter_date
FROM "postgres"."public"."Patient"
JOIN "postgres"."public"."Encounter"
    ON "postgres"."public"."Patient".id = "postgres"."public"."Encounter".patient_id
WHERE "postgres"."public"."Patient".id = {var('patient_id')}
  );
[0m19:18:45.977097 [debug] [Thread-3 (]: Opening a new connection, currently in state init
[0m19:18:45.977619 [debug] [Thread-4 (]: Using postgres connection "model.chorus_data_engineer_interview.observations_per_specific_patient"
[0m19:18:45.977931 [debug] [Thread-2 (]: Using postgres connection "model.chorus_data_engineer_interview.avg_encounter_per_patient"
[0m19:18:45.978400 [debug] [Thread-1 (]: Using postgres connection "model.chorus_data_engineer_interview.all_active_patients"
[0m19:18:45.978937 [debug] [Thread-4 (]: On model.chorus_data_engineer_interview.observations_per_specific_patient: /* {"app": "dbt", "dbt_version": "1.11.8", "profile_name": "chorus_data_engineer_interview", "target_name": "dev", "node_id": "model.chorus_data_engineer_interview.observations_per_specific_patient"} */

  create view "postgres"."public"."observations_per_specific_patient__dbt_tmp"
    
    
  as (
    /*
Write a query to fetch all observations for a given patient_id, showing the observation type, value, unit, and recorded date.
*/

SELECT
  patient_id,
  type,
  value,
  unit,
  recorded_at
FROM "postgres"."public"."Patient"
JOIN "postgres"."public"."Observation"
    ON "postgres"."public"."Patient".id = "postgres"."public"."Observation".patient_id
WHERE "postgres"."public"."Patient".id = {var('patient_id')}
  );
[0m19:18:45.979428 [debug] [Thread-2 (]: On model.chorus_data_engineer_interview.avg_encounter_per_patient: /* {"app": "dbt", "dbt_version": "1.11.8", "profile_name": "chorus_data_engineer_interview", "target_name": "dev", "node_id": "model.chorus_data_engineer_interview.avg_encounter_per_patient"} */

  create view "postgres"."public"."avg_encounter_per_patient__dbt_tmp"
    
    
  as (
    /*
 Calculate the average number of encounters per patient, rounded to two decimal places.
 */

WITH encounter_counts AS (
    SELECT
        patient_id,
        COUNT(*) AS encounter_count
    FROM "postgres"."public"."Encounter"
    GROUP BY patient_id
)

SELECT
    ROUND(AVG(encounter_count), 2) AS avg_encounters_per_patient
FROM encounter_counts
  );
[0m19:18:45.979791 [debug] [Thread-1 (]: On model.chorus_data_engineer_interview.all_active_patients: /* {"app": "dbt", "dbt_version": "1.11.8", "profile_name": "chorus_data_engineer_interview", "target_name": "dev", "node_id": "model.chorus_data_engineer_interview.all_active_patients"} */

  create view "postgres"."public"."all_active_patients__dbt_tmp"
    
    
  as (
    /* Write a query to return all patients who are active. */

SELECT
  id,
  identifier,
  gender
FROM "postgres"."public"."Patient"
WHERE active = true
  );
[0m19:18:45.980091 [debug] [Thread-4 (]: Opening a new connection, currently in state init
[0m19:18:45.980359 [debug] [Thread-2 (]: Opening a new connection, currently in state init
[0m19:18:45.980660 [debug] [Thread-1 (]: Opening a new connection, currently in state closed
[0m19:18:45.988694 [debug] [Thread-3 (]: Postgres adapter: Postgres error: syntax error at or near "{"
LINE 18: WHERE "postgres"."public"."Patient".id = {var('patient_id')}
                                                  ^

[0m19:18:45.990381 [debug] [Thread-3 (]: On model.chorus_data_engineer_interview.encounters_per_specific_patient: ROLLBACK
[0m19:18:45.993067 [debug] [Thread-3 (]: On model.chorus_data_engineer_interview.encounters_per_specific_patient: Close
[0m19:18:45.994150 [debug] [Thread-4 (]: Postgres adapter: Postgres error: syntax error at or near "{"
LINE 20: WHERE "postgres"."public"."Patient".id = {var('patient_id')}
                                                  ^

[0m19:18:45.995924 [debug] [Thread-1 (]: SQL status: CREATE VIEW in 0.015 seconds
[0m19:18:45.996312 [debug] [Thread-2 (]: SQL status: CREATE VIEW in 0.016 seconds
[0m19:18:45.996620 [debug] [Thread-4 (]: On model.chorus_data_engineer_interview.observations_per_specific_patient: ROLLBACK
[0m19:18:46.002480 [debug] [Thread-1 (]: Using postgres connection "model.chorus_data_engineer_interview.all_active_patients"
[0m19:18:46.005263 [debug] [Thread-2 (]: Using postgres connection "model.chorus_data_engineer_interview.avg_encounter_per_patient"
[0m19:18:46.005778 [debug] [Thread-1 (]: On model.chorus_data_engineer_interview.all_active_patients: /* {"app": "dbt", "dbt_version": "1.11.8", "profile_name": "chorus_data_engineer_interview", "target_name": "dev", "node_id": "model.chorus_data_engineer_interview.all_active_patients"} */
alter table "postgres"."public"."all_active_patients" rename to "all_active_patients__dbt_backup"
[0m19:18:46.006189 [debug] [Thread-2 (]: On model.chorus_data_engineer_interview.avg_encounter_per_patient: /* {"app": "dbt", "dbt_version": "1.11.8", "profile_name": "chorus_data_engineer_interview", "target_name": "dev", "node_id": "model.chorus_data_engineer_interview.avg_encounter_per_patient"} */
alter table "postgres"."public"."avg_encounter_per_patient" rename to "avg_encounter_per_patient__dbt_backup"
[0m19:18:46.007855 [debug] [Thread-4 (]: On model.chorus_data_engineer_interview.observations_per_specific_patient: Close
[0m19:18:46.008168 [debug] [Thread-1 (]: SQL status: ALTER TABLE in 0.002 seconds
[0m19:18:46.008593 [debug] [Thread-2 (]: SQL status: ALTER TABLE in 0.002 seconds
[0m19:18:46.013314 [debug] [Thread-1 (]: Using postgres connection "model.chorus_data_engineer_interview.all_active_patients"
[0m19:18:46.016159 [debug] [Thread-2 (]: Using postgres connection "model.chorus_data_engineer_interview.avg_encounter_per_patient"
[0m19:18:46.016578 [debug] [Thread-1 (]: On model.chorus_data_engineer_interview.all_active_patients: /* {"app": "dbt", "dbt_version": "1.11.8", "profile_name": "chorus_data_engineer_interview", "target_name": "dev", "node_id": "model.chorus_data_engineer_interview.all_active_patients"} */
alter table "postgres"."public"."all_active_patients__dbt_tmp" rename to "all_active_patients"
[0m19:18:46.017201 [debug] [Thread-2 (]: On model.chorus_data_engineer_interview.avg_encounter_per_patient: /* {"app": "dbt", "dbt_version": "1.11.8", "profile_name": "chorus_data_engineer_interview", "target_name": "dev", "node_id": "model.chorus_data_engineer_interview.avg_encounter_per_patient"} */
alter table "postgres"."public"."avg_encounter_per_patient__dbt_tmp" rename to "avg_encounter_per_patient"
[0m19:18:46.019252 [debug] [Thread-2 (]: SQL status: ALTER TABLE in 0.001 seconds
[0m19:18:46.019569 [debug] [Thread-1 (]: SQL status: ALTER TABLE in 0.002 seconds
[0m19:18:46.026431 [debug] [Thread-3 (]: Database Error in model encounters_per_specific_patient (models/01_beginner/encounters_per_specific_patient.sql)
  syntax error at or near "{"
  LINE 18: WHERE "postgres"."public"."Patient".id = {var('patient_id')}
                                                    ^
  compiled code at target/run/chorus_data_engineer_interview/models/01_beginner/encounters_per_specific_patient.sql
[0m19:18:46.046581 [debug] [Thread-1 (]: On model.chorus_data_engineer_interview.all_active_patients: COMMIT
[0m19:18:46.047043 [debug] [Thread-2 (]: On model.chorus_data_engineer_interview.avg_encounter_per_patient: COMMIT
[0m19:18:46.048130 [debug] [Thread-4 (]: Database Error in model observations_per_specific_patient (models/01_beginner/observations_per_specific_patient.sql)
  syntax error at or near "{"
  LINE 20: WHERE "postgres"."public"."Patient".id = {var('patient_id')}
                                                    ^
  compiled code at target/run/chorus_data_engineer_interview/models/01_beginner/observations_per_specific_patient.sql
[0m19:18:46.049483 [debug] [Thread-1 (]: Using postgres connection "model.chorus_data_engineer_interview.all_active_patients"
[0m19:18:46.049892 [debug] [Thread-2 (]: Using postgres connection "model.chorus_data_engineer_interview.avg_encounter_per_patient"
[0m19:18:46.050207 [debug] [Thread-3 (]: Sending event: {'category': 'dbt', 'action': 'run_model', 'label': 'a8649c9b-90b4-4d2d-a615-28f302535b45', 'context': [<snowplow_tracker.self_describing_json.SelfDescribingJson object at 0x10b18ecd0>]}
[0m19:18:46.050519 [debug] [Thread-4 (]: Sending event: {'category': 'dbt', 'action': 'run_model', 'label': 'a8649c9b-90b4-4d2d-a615-28f302535b45', 'context': [<snowplow_tracker.self_describing_json.SelfDescribingJson object at 0x10b26b810>]}
[0m19:18:46.050802 [debug] [Thread-1 (]: On model.chorus_data_engineer_interview.all_active_patients: COMMIT
[0m19:18:46.051060 [debug] [Thread-2 (]: On model.chorus_data_engineer_interview.avg_encounter_per_patient: COMMIT
[0m19:18:46.051547 [error] [Thread-3 (]: 3 of 15 ERROR creating sql view model public.encounters_per_specific_patient ... [[31mERROR[0m in 0.13s]
[0m19:18:46.052010 [error] [Thread-4 (]: 4 of 15 ERROR creating sql view model public.observations_per_specific_patient . [[31mERROR[0m in 0.13s]
[0m19:18:46.052552 [debug] [Thread-3 (]: Finished running node model.chorus_data_engineer_interview.encounters_per_specific_patient
[0m19:18:46.052986 [debug] [Thread-4 (]: Finished running node model.chorus_data_engineer_interview.observations_per_specific_patient
[0m19:18:46.053302 [debug] [Thread-3 (]: Began running node model.chorus_data_engineer_interview.patient_multi_practitioners
[0m19:18:46.053688 [debug] [Thread-7 (]: Marking all children of 'model.chorus_data_engineer_interview.encounters_per_specific_patient' to be skipped because of status 'error'.  Reason: Database Error in model encounters_per_specific_patient (models/01_beginner/encounters_per_specific_patient.sql)
  syntax error at or near "{"
  LINE 18: WHERE "postgres"."public"."Patient".id = {var('patient_id')}
                                                    ^
  compiled code at target/run/chorus_data_engineer_interview/models/01_beginner/encounters_per_specific_patient.sql.
[0m19:18:46.054058 [debug] [Thread-4 (]: Began running node model.chorus_data_engineer_interview.patient_prescription_wo_encounter
[0m19:18:46.054521 [info ] [Thread-3 (]: 5 of 15 START sql view model public.patient_multi_practitioners ................ [RUN]
[0m19:18:46.054993 [debug] [Thread-2 (]: SQL status: COMMIT in 0.003 seconds
[0m19:18:46.055232 [debug] [Thread-1 (]: SQL status: COMMIT in 0.003 seconds
[0m19:18:46.056035 [debug] [Thread-7 (]: Marking all children of 'model.chorus_data_engineer_interview.observations_per_specific_patient' to be skipped because of status 'error'.  Reason: Database Error in model observations_per_specific_patient (models/01_beginner/observations_per_specific_patient.sql)
  syntax error at or near "{"
  LINE 20: WHERE "postgres"."public"."Patient".id = {var('patient_id')}
                                                    ^
  compiled code at target/run/chorus_data_engineer_interview/models/01_beginner/observations_per_specific_patient.sql.
[0m19:18:46.056435 [info ] [Thread-4 (]: 6 of 15 START sql view model public.patient_prescription_wo_encounter .......... [RUN]
[0m19:18:46.056768 [debug] [Thread-3 (]: Re-using an available connection from the pool (formerly model.chorus_data_engineer_interview.encounters_per_specific_patient, now model.chorus_data_engineer_interview.patient_multi_practitioners)
[0m19:18:46.062322 [debug] [Thread-2 (]: Applying DROP to: "postgres"."public"."avg_encounter_per_patient__dbt_backup"
[0m19:18:46.064300 [debug] [Thread-1 (]: Applying DROP to: "postgres"."public"."all_active_patients__dbt_backup"
[0m19:18:46.064685 [debug] [Thread-4 (]: Re-using an available connection from the pool (formerly model.chorus_data_engineer_interview.observations_per_specific_patient, now model.chorus_data_engineer_interview.patient_prescription_wo_encounter)
[0m19:18:46.064967 [debug] [Thread-3 (]: Began compiling node model.chorus_data_engineer_interview.patient_multi_practitioners
[0m19:18:46.068860 [debug] [Thread-2 (]: Using postgres connection "model.chorus_data_engineer_interview.avg_encounter_per_patient"
[0m19:18:46.069390 [debug] [Thread-1 (]: Using postgres connection "model.chorus_data_engineer_interview.all_active_patients"
[0m19:18:46.069662 [debug] [Thread-4 (]: Began compiling node model.chorus_data_engineer_interview.patient_prescription_wo_encounter
[0m19:18:46.071752 [debug] [Thread-3 (]: Writing injected SQL for node "model.chorus_data_engineer_interview.patient_multi_practitioners"
[0m19:18:46.072045 [debug] [Thread-2 (]: On model.chorus_data_engineer_interview.avg_encounter_per_patient: /* {"app": "dbt", "dbt_version": "1.11.8", "profile_name": "chorus_data_engineer_interview", "target_name": "dev", "node_id": "model.chorus_data_engineer_interview.avg_encounter_per_patient"} */
drop view if exists "postgres"."public"."avg_encounter_per_patient__dbt_backup" cascade
[0m19:18:46.072316 [debug] [Thread-1 (]: On model.chorus_data_engineer_interview.all_active_patients: /* {"app": "dbt", "dbt_version": "1.11.8", "profile_name": "chorus_data_engineer_interview", "target_name": "dev", "node_id": "model.chorus_data_engineer_interview.all_active_patients"} */
drop view if exists "postgres"."public"."all_active_patients__dbt_backup" cascade
[0m19:18:46.076134 [debug] [Thread-4 (]: Writing injected SQL for node "model.chorus_data_engineer_interview.patient_prescription_wo_encounter"
[0m19:18:46.076924 [debug] [Thread-3 (]: Began executing node model.chorus_data_engineer_interview.patient_multi_practitioners
[0m19:18:46.080548 [debug] [Thread-3 (]: Writing runtime sql for node "model.chorus_data_engineer_interview.patient_multi_practitioners"
[0m19:18:46.080953 [debug] [Thread-2 (]: SQL status: DROP VIEW in 0.004 seconds
[0m19:18:46.081304 [debug] [Thread-1 (]: SQL status: DROP VIEW in 0.005 seconds
[0m19:18:46.083383 [debug] [Thread-2 (]: On model.chorus_data_engineer_interview.avg_encounter_per_patient: Close
[0m19:18:46.083679 [debug] [Thread-4 (]: Began executing node model.chorus_data_engineer_interview.patient_prescription_wo_encounter
[0m19:18:46.084665 [debug] [Thread-1 (]: On model.chorus_data_engineer_interview.all_active_patients: Close
[0m19:18:46.084945 [debug] [Thread-3 (]: Using postgres connection "model.chorus_data_engineer_interview.patient_multi_practitioners"
[0m19:18:46.085361 [debug] [Thread-2 (]: Sending event: {'category': 'dbt', 'action': 'run_model', 'label': 'a8649c9b-90b4-4d2d-a615-28f302535b45', 'context': [<snowplow_tracker.self_describing_json.SelfDescribingJson object at 0x10b3db050>]}
[0m19:18:46.088255 [debug] [Thread-4 (]: Writing runtime sql for node "model.chorus_data_engineer_interview.patient_prescription_wo_encounter"
[0m19:18:46.088707 [debug] [Thread-1 (]: Sending event: {'category': 'dbt', 'action': 'run_model', 'label': 'a8649c9b-90b4-4d2d-a615-28f302535b45', 'context': [<snowplow_tracker.self_describing_json.SelfDescribingJson object at 0x10b1df8d0>]}
[0m19:18:46.089014 [debug] [Thread-3 (]: On model.chorus_data_engineer_interview.patient_multi_practitioners: /* {"app": "dbt", "dbt_version": "1.11.8", "profile_name": "chorus_data_engineer_interview", "target_name": "dev", "node_id": "model.chorus_data_engineer_interview.patient_multi_practitioners"} */

  create view "postgres"."public"."patient_multi_practitioners__dbt_tmp"
    
    
  as (
    /*
Write a query to return a list of patient IDs who have had encounters with more than one distinct practitioner.
 */

WITH practitioner_counts AS (
    SELECT
        patient_id,
        COUNT(DISTINCT practitioner_id) AS distinct_practitioners
    FROM "postgres"."public"."Encounter"
    GROUP BY patient_id
)

SELECT
    patient_id
FROM practitioner_counts
WHERE distinct_practitioners > 1
  );
[0m19:18:46.089533 [info ] [Thread-2 (]: 2 of 15 OK created sql view model public.avg_encounter_per_patient ............. [[32mCREATE VIEW[0m in 0.17s]
[0m19:18:46.090115 [info ] [Thread-1 (]: 1 of 15 OK created sql view model public.all_active_patients ................... [[32mCREATE VIEW[0m in 0.17s]
[0m19:18:46.090477 [debug] [Thread-3 (]: Opening a new connection, currently in state closed
[0m19:18:46.090822 [debug] [Thread-4 (]: Using postgres connection "model.chorus_data_engineer_interview.patient_prescription_wo_encounter"
[0m19:18:46.091374 [debug] [Thread-2 (]: Finished running node model.chorus_data_engineer_interview.avg_encounter_per_patient
[0m19:18:46.091740 [debug] [Thread-1 (]: Finished running node model.chorus_data_engineer_interview.all_active_patients
[0m19:18:46.092158 [debug] [Thread-4 (]: On model.chorus_data_engineer_interview.patient_prescription_wo_encounter: /* {"app": "dbt", "dbt_version": "1.11.8", "profile_name": "chorus_data_engineer_interview", "target_name": "dev", "node_id": "model.chorus_data_engineer_interview.patient_prescription_wo_encounter"} */

  create view "postgres"."public"."patient_prescription_wo_encounter__dbt_tmp"
    
    
  as (
    /*
 Write a query to find patients who have a record in the MedicationRequest table but no associated encounters in the Encounter table.
 */

WITH

patients_with_medication_requests AS (
    SELECT DISTINCT patient_id
    FROM "postgres"."public"."MedicationRequest"
),

patients_with_encounters AS (
    SELECT DISTINCT patient_id
    FROM "postgres"."public"."Encounter"
)

SELECT
    patient_id
FROM patients_with_medication_requests
WHERE patient_id NOT IN (SELECT patient_id FROM patients_with_encounters)
  );
[0m19:18:46.092523 [debug] [Thread-2 (]: Began running node model.chorus_data_engineer_interview.patient_retention_per_cohort
[0m19:18:46.093054 [debug] [Thread-1 (]: Began running node model.chorus_data_engineer_interview.practictioner_no_prescriptions
[0m19:18:46.093684 [debug] [Thread-4 (]: Opening a new connection, currently in state closed
[0m19:18:46.094278 [info ] [Thread-2 (]: 7 of 15 START sql view model public.patient_retention_per_cohort ............... [RUN]
[0m19:18:46.095195 [info ] [Thread-1 (]: 8 of 15 START sql view model public.practictioner_no_prescriptions ............. [RUN]
[0m19:18:46.096130 [debug] [Thread-2 (]: Re-using an available connection from the pool (formerly model.chorus_data_engineer_interview.avg_encounter_per_patient, now model.chorus_data_engineer_interview.patient_retention_per_cohort)
[0m19:18:46.096647 [debug] [Thread-1 (]: Re-using an available connection from the pool (formerly model.chorus_data_engineer_interview.all_active_patients, now model.chorus_data_engineer_interview.practictioner_no_prescriptions)
[0m19:18:46.097382 [debug] [Thread-2 (]: Began compiling node model.chorus_data_engineer_interview.patient_retention_per_cohort
[0m19:18:46.098091 [debug] [Thread-1 (]: Began compiling node model.chorus_data_engineer_interview.practictioner_no_prescriptions
[0m19:18:46.101434 [debug] [Thread-2 (]: Writing injected SQL for node "model.chorus_data_engineer_interview.patient_retention_per_cohort"
[0m19:18:46.104357 [debug] [Thread-1 (]: Writing injected SQL for node "model.chorus_data_engineer_interview.practictioner_no_prescriptions"
[0m19:18:46.105280 [debug] [Thread-2 (]: Began executing node model.chorus_data_engineer_interview.patient_retention_per_cohort
[0m19:18:46.108415 [debug] [Thread-2 (]: Writing runtime sql for node "model.chorus_data_engineer_interview.patient_retention_per_cohort"
[0m19:18:46.108828 [debug] [Thread-1 (]: Began executing node model.chorus_data_engineer_interview.practictioner_no_prescriptions
[0m19:18:46.113235 [debug] [Thread-1 (]: Writing runtime sql for node "model.chorus_data_engineer_interview.practictioner_no_prescriptions"
[0m19:18:46.113610 [debug] [Thread-3 (]: SQL status: CREATE VIEW in 0.023 seconds
[0m19:18:46.113952 [debug] [Thread-4 (]: SQL status: CREATE VIEW in 0.020 seconds
[0m19:18:46.117067 [debug] [Thread-3 (]: Using postgres connection "model.chorus_data_engineer_interview.patient_multi_practitioners"
[0m19:18:46.117397 [debug] [Thread-2 (]: Using postgres connection "model.chorus_data_engineer_interview.patient_retention_per_cohort"
[0m19:18:46.120429 [debug] [Thread-4 (]: Using postgres connection "model.chorus_data_engineer_interview.patient_prescription_wo_encounter"
[0m19:18:46.120797 [debug] [Thread-3 (]: On model.chorus_data_engineer_interview.patient_multi_practitioners: /* {"app": "dbt", "dbt_version": "1.11.8", "profile_name": "chorus_data_engineer_interview", "target_name": "dev", "node_id": "model.chorus_data_engineer_interview.patient_multi_practitioners"} */
alter table "postgres"."public"."patient_multi_practitioners" rename to "patient_multi_practitioners__dbt_backup"
[0m19:18:46.121129 [debug] [Thread-1 (]: Using postgres connection "model.chorus_data_engineer_interview.practictioner_no_prescriptions"
[0m19:18:46.121505 [debug] [Thread-2 (]: On model.chorus_data_engineer_interview.patient_retention_per_cohort: /* {"app": "dbt", "dbt_version": "1.11.8", "profile_name": "chorus_data_engineer_interview", "target_name": "dev", "node_id": "model.chorus_data_engineer_interview.patient_retention_per_cohort"} */

  create view "postgres"."public"."patient_retention_per_cohort__dbt_tmp"
    
    
  as (
    /*
Write a query to count how many patients had their first encounter in each month (YYYY-MM format) and still had at least one encounter in the following six months.
*/

WITH

first_encounters AS (
    SELECT
        patient_id,
        MIN(encounter_date) AS first_encounter_date
    FROM "postgres"."public"."Encounter"
    GROUP BY patient_id
),

retained_patients AS (
    SELECT
        fe.patient_id,
        fe.first_encounter_date,
        DATE_TRUNC('month', fe.first_encounter_date) AS first_encounter_month,
        MAX(e.encounter_date) AS last_encounter_date
    FROM first_encounters fe
    JOIN "postgres"."public"."Encounter" e ON fe.patient_id = e.patient_id
    WHERE e.encounter_date >= fe.first_encounter_date
    GROUP BY fe.patient_id, fe.first_encounter_date
)

SELECT
    first_encounter_month,
    COUNT(DISTINCT patient_id) AS retained_patients_count
FROM retained_patients
WHERE last_encounter_date >= first_encounter_date + INTERVAL '6 months'
GROUP BY first_encounter_month
ORDER BY first_encounter_month
  );
[0m19:18:46.121905 [debug] [Thread-4 (]: On model.chorus_data_engineer_interview.patient_prescription_wo_encounter: /* {"app": "dbt", "dbt_version": "1.11.8", "profile_name": "chorus_data_engineer_interview", "target_name": "dev", "node_id": "model.chorus_data_engineer_interview.patient_prescription_wo_encounter"} */
alter table "postgres"."public"."patient_prescription_wo_encounter" rename to "patient_prescription_wo_encounter__dbt_backup"
[0m19:18:46.122312 [debug] [Thread-1 (]: On model.chorus_data_engineer_interview.practictioner_no_prescriptions: /* {"app": "dbt", "dbt_version": "1.11.8", "profile_name": "chorus_data_engineer_interview", "target_name": "dev", "node_id": "model.chorus_data_engineer_interview.practictioner_no_prescriptions"} */

  create view "postgres"."public"."practictioner_no_prescriptions__dbt_tmp"
    
    
  as (
    /*
 Write a query to find all practitioners who do not appear in the MedicationRequest table as a prescribing practitioner.
 */

WITH prescribing_practitioners AS (
    SELECT DISTINCT practitioner_id
    FROM "postgres"."public"."MedicationRequest"
)

SELECT
    id AS practitioner_id,
    name,
    specialty
FROM "postgres"."public"."Practitioner"
WHERE id NOT IN (SELECT practitioner_id FROM prescribing_practitioners)
  );
[0m19:18:46.122672 [debug] [Thread-2 (]: Opening a new connection, currently in state closed
[0m19:18:46.123040 [debug] [Thread-1 (]: Opening a new connection, currently in state closed
[0m19:18:46.123809 [debug] [Thread-3 (]: SQL status: ALTER TABLE in 0.002 seconds
[0m19:18:46.126702 [debug] [Thread-3 (]: Using postgres connection "model.chorus_data_engineer_interview.patient_multi_practitioners"
[0m19:18:46.127050 [debug] [Thread-4 (]: SQL status: ALTER TABLE in 0.004 seconds
[0m19:18:46.128022 [debug] [Thread-3 (]: On model.chorus_data_engineer_interview.patient_multi_practitioners: /* {"app": "dbt", "dbt_version": "1.11.8", "profile_name": "chorus_data_engineer_interview", "target_name": "dev", "node_id": "model.chorus_data_engineer_interview.patient_multi_practitioners"} */
alter table "postgres"."public"."patient_multi_practitioners__dbt_tmp" rename to "patient_multi_practitioners"
[0m19:18:46.133218 [debug] [Thread-4 (]: Using postgres connection "model.chorus_data_engineer_interview.patient_prescription_wo_encounter"
[0m19:18:46.133727 [debug] [Thread-4 (]: On model.chorus_data_engineer_interview.patient_prescription_wo_encounter: /* {"app": "dbt", "dbt_version": "1.11.8", "profile_name": "chorus_data_engineer_interview", "target_name": "dev", "node_id": "model.chorus_data_engineer_interview.patient_prescription_wo_encounter"} */
alter table "postgres"."public"."patient_prescription_wo_encounter__dbt_tmp" rename to "patient_prescription_wo_encounter"
[0m19:18:46.135821 [debug] [Thread-3 (]: SQL status: ALTER TABLE in 0.002 seconds
[0m19:18:46.136189 [debug] [Thread-4 (]: SQL status: ALTER TABLE in 0.002 seconds
[0m19:18:46.137513 [debug] [Thread-3 (]: On model.chorus_data_engineer_interview.patient_multi_practitioners: COMMIT
[0m19:18:46.138746 [debug] [Thread-4 (]: On model.chorus_data_engineer_interview.patient_prescription_wo_encounter: COMMIT
[0m19:18:46.139102 [debug] [Thread-3 (]: Using postgres connection "model.chorus_data_engineer_interview.patient_multi_practitioners"
[0m19:18:46.139485 [debug] [Thread-4 (]: Using postgres connection "model.chorus_data_engineer_interview.patient_prescription_wo_encounter"
[0m19:18:46.139822 [debug] [Thread-3 (]: On model.chorus_data_engineer_interview.patient_multi_practitioners: COMMIT
[0m19:18:46.140161 [debug] [Thread-1 (]: SQL status: CREATE VIEW in 0.017 seconds
[0m19:18:46.140433 [debug] [Thread-4 (]: On model.chorus_data_engineer_interview.patient_prescription_wo_encounter: COMMIT
[0m19:18:46.140727 [debug] [Thread-2 (]: SQL status: CREATE VIEW in 0.018 seconds
[0m19:18:46.143932 [debug] [Thread-1 (]: Using postgres connection "model.chorus_data_engineer_interview.practictioner_no_prescriptions"
[0m19:18:46.144296 [debug] [Thread-3 (]: SQL status: COMMIT in 0.003 seconds
[0m19:18:46.147653 [debug] [Thread-2 (]: Using postgres connection "model.chorus_data_engineer_interview.patient_retention_per_cohort"
[0m19:18:46.147961 [debug] [Thread-4 (]: SQL status: COMMIT in 0.003 seconds
[0m19:18:46.148310 [debug] [Thread-1 (]: On model.chorus_data_engineer_interview.practictioner_no_prescriptions: /* {"app": "dbt", "dbt_version": "1.11.8", "profile_name": "chorus_data_engineer_interview", "target_name": "dev", "node_id": "model.chorus_data_engineer_interview.practictioner_no_prescriptions"} */
alter table "postgres"."public"."practictioner_no_prescriptions" rename to "practictioner_no_prescriptions__dbt_backup"
[0m19:18:46.150472 [debug] [Thread-3 (]: Applying DROP to: "postgres"."public"."patient_multi_practitioners__dbt_backup"
[0m19:18:46.150810 [debug] [Thread-2 (]: On model.chorus_data_engineer_interview.patient_retention_per_cohort: /* {"app": "dbt", "dbt_version": "1.11.8", "profile_name": "chorus_data_engineer_interview", "target_name": "dev", "node_id": "model.chorus_data_engineer_interview.patient_retention_per_cohort"} */
alter table "postgres"."public"."patient_retention_per_cohort" rename to "patient_retention_per_cohort__dbt_backup"
[0m19:18:46.153084 [debug] [Thread-4 (]: Applying DROP to: "postgres"."public"."patient_prescription_wo_encounter__dbt_backup"
[0m19:18:46.153776 [debug] [Thread-3 (]: Using postgres connection "model.chorus_data_engineer_interview.patient_multi_practitioners"
[0m19:18:46.154414 [debug] [Thread-4 (]: Using postgres connection "model.chorus_data_engineer_interview.patient_prescription_wo_encounter"
[0m19:18:46.154742 [debug] [Thread-3 (]: On model.chorus_data_engineer_interview.patient_multi_practitioners: /* {"app": "dbt", "dbt_version": "1.11.8", "profile_name": "chorus_data_engineer_interview", "target_name": "dev", "node_id": "model.chorus_data_engineer_interview.patient_multi_practitioners"} */
drop view if exists "postgres"."public"."patient_multi_practitioners__dbt_backup" cascade
[0m19:18:46.155084 [debug] [Thread-4 (]: On model.chorus_data_engineer_interview.patient_prescription_wo_encounter: /* {"app": "dbt", "dbt_version": "1.11.8", "profile_name": "chorus_data_engineer_interview", "target_name": "dev", "node_id": "model.chorus_data_engineer_interview.patient_prescription_wo_encounter"} */
drop view if exists "postgres"."public"."patient_prescription_wo_encounter__dbt_backup" cascade
[0m19:18:46.155388 [debug] [Thread-1 (]: SQL status: ALTER TABLE in 0.002 seconds
[0m19:18:46.155731 [debug] [Thread-2 (]: SQL status: ALTER TABLE in 0.002 seconds
[0m19:18:46.158817 [debug] [Thread-1 (]: Using postgres connection "model.chorus_data_engineer_interview.practictioner_no_prescriptions"
[0m19:18:46.159114 [debug] [Thread-4 (]: SQL status: DROP VIEW in 0.003 seconds
[0m19:18:46.159373 [debug] [Thread-3 (]: SQL status: DROP VIEW in 0.003 seconds
[0m19:18:46.162139 [debug] [Thread-2 (]: Using postgres connection "model.chorus_data_engineer_interview.patient_retention_per_cohort"
[0m19:18:46.162494 [debug] [Thread-1 (]: On model.chorus_data_engineer_interview.practictioner_no_prescriptions: /* {"app": "dbt", "dbt_version": "1.11.8", "profile_name": "chorus_data_engineer_interview", "target_name": "dev", "node_id": "model.chorus_data_engineer_interview.practictioner_no_prescriptions"} */
alter table "postgres"."public"."practictioner_no_prescriptions__dbt_tmp" rename to "practictioner_no_prescriptions"
[0m19:18:46.163593 [debug] [Thread-4 (]: On model.chorus_data_engineer_interview.patient_prescription_wo_encounter: Close
[0m19:18:46.164662 [debug] [Thread-3 (]: On model.chorus_data_engineer_interview.patient_multi_practitioners: Close
[0m19:18:46.165013 [debug] [Thread-2 (]: On model.chorus_data_engineer_interview.patient_retention_per_cohort: /* {"app": "dbt", "dbt_version": "1.11.8", "profile_name": "chorus_data_engineer_interview", "target_name": "dev", "node_id": "model.chorus_data_engineer_interview.patient_retention_per_cohort"} */
alter table "postgres"."public"."patient_retention_per_cohort__dbt_tmp" rename to "patient_retention_per_cohort"
[0m19:18:46.165650 [debug] [Thread-4 (]: Sending event: {'category': 'dbt', 'action': 'run_model', 'label': 'a8649c9b-90b4-4d2d-a615-28f302535b45', 'context': [<snowplow_tracker.self_describing_json.SelfDescribingJson object at 0x10b2a0990>]}
[0m19:18:46.166153 [debug] [Thread-3 (]: Sending event: {'category': 'dbt', 'action': 'run_model', 'label': 'a8649c9b-90b4-4d2d-a615-28f302535b45', 'context': [<snowplow_tracker.self_describing_json.SelfDescribingJson object at 0x10b2afed0>]}
[0m19:18:46.167002 [info ] [Thread-4 (]: 6 of 15 OK created sql view model public.patient_prescription_wo_encounter ..... [[32mCREATE VIEW[0m in 0.10s]
[0m19:18:46.167340 [debug] [Thread-1 (]: SQL status: ALTER TABLE in 0.002 seconds
[0m19:18:46.167917 [info ] [Thread-3 (]: 5 of 15 OK created sql view model public.patient_multi_practitioners ........... [[32mCREATE VIEW[0m in 0.11s]
[0m19:18:46.168380 [debug] [Thread-2 (]: SQL status: ALTER TABLE in 0.002 seconds
[0m19:18:46.168887 [debug] [Thread-4 (]: Finished running node model.chorus_data_engineer_interview.patient_prescription_wo_encounter
[0m19:18:46.170177 [debug] [Thread-1 (]: On model.chorus_data_engineer_interview.practictioner_no_prescriptions: COMMIT
[0m19:18:46.170605 [debug] [Thread-3 (]: Finished running node model.chorus_data_engineer_interview.patient_multi_practitioners
[0m19:18:46.171797 [debug] [Thread-2 (]: On model.chorus_data_engineer_interview.patient_retention_per_cohort: COMMIT
[0m19:18:46.172151 [debug] [Thread-4 (]: Began running node model.chorus_data_engineer_interview.recent_patient_encounters
[0m19:18:46.172542 [debug] [Thread-1 (]: Using postgres connection "model.chorus_data_engineer_interview.practictioner_no_prescriptions"
[0m19:18:46.172875 [debug] [Thread-3 (]: Began running node model.chorus_data_engineer_interview.stg_encounters
[0m19:18:46.173218 [debug] [Thread-2 (]: Using postgres connection "model.chorus_data_engineer_interview.patient_retention_per_cohort"
[0m19:18:46.173639 [info ] [Thread-4 (]: 9 of 15 START sql view model public.recent_patient_encounters .................. [RUN]
[0m19:18:46.173974 [debug] [Thread-1 (]: On model.chorus_data_engineer_interview.practictioner_no_prescriptions: COMMIT
[0m19:18:46.174328 [info ] [Thread-3 (]: 10 of 15 START sql view model public.stg_encounters ............................ [RUN]
[0m19:18:46.174642 [debug] [Thread-2 (]: On model.chorus_data_engineer_interview.patient_retention_per_cohort: COMMIT
[0m19:18:46.174954 [debug] [Thread-4 (]: Re-using an available connection from the pool (formerly model.chorus_data_engineer_interview.patient_prescription_wo_encounter, now model.chorus_data_engineer_interview.recent_patient_encounters)
[0m19:18:46.175359 [debug] [Thread-3 (]: Re-using an available connection from the pool (formerly model.chorus_data_engineer_interview.patient_multi_practitioners, now model.chorus_data_engineer_interview.stg_encounters)
[0m19:18:46.175877 [debug] [Thread-4 (]: Began compiling node model.chorus_data_engineer_interview.recent_patient_encounters
[0m19:18:46.176185 [debug] [Thread-3 (]: Began compiling node model.chorus_data_engineer_interview.stg_encounters
[0m19:18:46.179031 [debug] [Thread-4 (]: Writing injected SQL for node "model.chorus_data_engineer_interview.recent_patient_encounters"
[0m19:18:46.179348 [debug] [Thread-1 (]: SQL status: COMMIT in 0.004 seconds
[0m19:18:46.179636 [debug] [Thread-2 (]: SQL status: COMMIT in 0.004 seconds
[0m19:18:46.182025 [debug] [Thread-3 (]: Writing injected SQL for node "model.chorus_data_engineer_interview.stg_encounters"
[0m19:18:46.184236 [debug] [Thread-1 (]: Applying DROP to: "postgres"."public"."practictioner_no_prescriptions__dbt_backup"
[0m19:18:46.186352 [debug] [Thread-2 (]: Applying DROP to: "postgres"."public"."patient_retention_per_cohort__dbt_backup"
[0m19:18:46.187051 [debug] [Thread-1 (]: Using postgres connection "model.chorus_data_engineer_interview.practictioner_no_prescriptions"
[0m19:18:46.187425 [debug] [Thread-4 (]: Began executing node model.chorus_data_engineer_interview.recent_patient_encounters
[0m19:18:46.187969 [debug] [Thread-2 (]: Using postgres connection "model.chorus_data_engineer_interview.patient_retention_per_cohort"
[0m19:18:46.188290 [debug] [Thread-1 (]: On model.chorus_data_engineer_interview.practictioner_no_prescriptions: /* {"app": "dbt", "dbt_version": "1.11.8", "profile_name": "chorus_data_engineer_interview", "target_name": "dev", "node_id": "model.chorus_data_engineer_interview.practictioner_no_prescriptions"} */
drop view if exists "postgres"."public"."practictioner_no_prescriptions__dbt_backup" cascade
[0m19:18:46.188579 [debug] [Thread-3 (]: Began executing node model.chorus_data_engineer_interview.stg_encounters
[0m19:18:46.193774 [debug] [Thread-4 (]: Writing runtime sql for node "model.chorus_data_engineer_interview.recent_patient_encounters"
[0m19:18:46.194147 [debug] [Thread-2 (]: On model.chorus_data_engineer_interview.patient_retention_per_cohort: /* {"app": "dbt", "dbt_version": "1.11.8", "profile_name": "chorus_data_engineer_interview", "target_name": "dev", "node_id": "model.chorus_data_engineer_interview.patient_retention_per_cohort"} */
drop view if exists "postgres"."public"."patient_retention_per_cohort__dbt_backup" cascade
[0m19:18:46.197392 [debug] [Thread-3 (]: Writing runtime sql for node "model.chorus_data_engineer_interview.stg_encounters"
[0m19:18:46.197710 [debug] [Thread-1 (]: SQL status: DROP VIEW in 0.003 seconds
[0m19:18:46.199230 [debug] [Thread-1 (]: On model.chorus_data_engineer_interview.practictioner_no_prescriptions: Close
[0m19:18:46.199695 [debug] [Thread-4 (]: Using postgres connection "model.chorus_data_engineer_interview.recent_patient_encounters"
[0m19:18:46.200063 [debug] [Thread-3 (]: Using postgres connection "model.chorus_data_engineer_interview.stg_encounters"
[0m19:18:46.200384 [debug] [Thread-4 (]: On model.chorus_data_engineer_interview.recent_patient_encounters: /* {"app": "dbt", "dbt_version": "1.11.8", "profile_name": "chorus_data_engineer_interview", "target_name": "dev", "node_id": "model.chorus_data_engineer_interview.recent_patient_encounters"} */

  create view "postgres"."public"."recent_patient_encounters__dbt_tmp"
    
    
  as (
    /*
Retrieve each patient’s most recent encounter (based on encounter_date). Return the patient_id, encounter_date, and status.
*/

WITH ranked_encounters AS (
    SELECT
        patient_id,
        encounter_date,
        status,
        ROW_NUMBER() OVER (PARTITION BY patient_id ORDER BY encounter_date DESC) AS rn
    FROM "postgres"."public"."Encounter"
)

SELECT
    patient_id,
    encounter_date,
    status
FROM ranked_encounters
WHERE rn = 1
  );
[0m19:18:46.200880 [debug] [Thread-1 (]: Sending event: {'category': 'dbt', 'action': 'run_model', 'label': 'a8649c9b-90b4-4d2d-a615-28f302535b45', 'context': [<snowplow_tracker.self_describing_json.SelfDescribingJson object at 0x10b4a1850>]}
[0m19:18:46.201221 [debug] [Thread-2 (]: SQL status: DROP VIEW in 0.003 seconds
[0m19:18:46.201538 [debug] [Thread-3 (]: On model.chorus_data_engineer_interview.stg_encounters: /* {"app": "dbt", "dbt_version": "1.11.8", "profile_name": "chorus_data_engineer_interview", "target_name": "dev", "node_id": "model.chorus_data_engineer_interview.stg_encounters"} */

  create view "postgres"."public"."stg_encounters__dbt_tmp"
    
    
  as (
    SELECT
  id,
  patient_id,
  practitioner_id,
  status,
  encounter_date,
  reason,
  created_at
FROM "postgres"."public"."Encounter"
  );
[0m19:18:46.201858 [debug] [Thread-4 (]: Opening a new connection, currently in state closed
[0m19:18:46.202408 [info ] [Thread-1 (]: 8 of 15 OK created sql view model public.practictioner_no_prescriptions ........ [[32mCREATE VIEW[0m in 0.10s]
[0m19:18:46.203593 [debug] [Thread-2 (]: On model.chorus_data_engineer_interview.patient_retention_per_cohort: Close
[0m19:18:46.203903 [debug] [Thread-3 (]: Opening a new connection, currently in state closed
[0m19:18:46.204445 [debug] [Thread-1 (]: Finished running node model.chorus_data_engineer_interview.practictioner_no_prescriptions
[0m19:18:46.204941 [debug] [Thread-2 (]: Sending event: {'category': 'dbt', 'action': 'run_model', 'label': 'a8649c9b-90b4-4d2d-a615-28f302535b45', 'context': [<snowplow_tracker.self_describing_json.SelfDescribingJson object at 0x10a2e8090>]}
[0m19:18:46.206006 [debug] [Thread-1 (]: Began running node model.chorus_data_engineer_interview.stg_medicationrequests
[0m19:18:46.206924 [info ] [Thread-2 (]: 7 of 15 OK created sql view model public.patient_retention_per_cohort .......... [[32mCREATE VIEW[0m in 0.11s]
[0m19:18:46.208502 [info ] [Thread-1 (]: 11 of 15 START sql view model public.stg_medicationrequests .................... [RUN]
[0m19:18:46.209912 [debug] [Thread-2 (]: Finished running node model.chorus_data_engineer_interview.patient_retention_per_cohort
[0m19:18:46.210612 [debug] [Thread-1 (]: Re-using an available connection from the pool (formerly model.chorus_data_engineer_interview.practictioner_no_prescriptions, now model.chorus_data_engineer_interview.stg_medicationrequests)
[0m19:18:46.211211 [debug] [Thread-2 (]: Began running node model.chorus_data_engineer_interview.stg_observations
[0m19:18:46.211969 [debug] [Thread-1 (]: Began compiling node model.chorus_data_engineer_interview.stg_medicationrequests
[0m19:18:46.212702 [info ] [Thread-2 (]: 12 of 15 START sql view model public.stg_observations .......................... [RUN]
[0m19:18:46.215648 [debug] [Thread-1 (]: Writing injected SQL for node "model.chorus_data_engineer_interview.stg_medicationrequests"
[0m19:18:46.216184 [debug] [Thread-2 (]: Re-using an available connection from the pool (formerly model.chorus_data_engineer_interview.patient_retention_per_cohort, now model.chorus_data_engineer_interview.stg_observations)
[0m19:18:46.216649 [debug] [Thread-2 (]: Began compiling node model.chorus_data_engineer_interview.stg_observations
[0m19:18:46.219181 [debug] [Thread-2 (]: Writing injected SQL for node "model.chorus_data_engineer_interview.stg_observations"
[0m19:18:46.219606 [debug] [Thread-1 (]: Began executing node model.chorus_data_engineer_interview.stg_medicationrequests
[0m19:18:46.223167 [debug] [Thread-1 (]: Writing runtime sql for node "model.chorus_data_engineer_interview.stg_medicationrequests"
[0m19:18:46.223488 [debug] [Thread-4 (]: SQL status: CREATE VIEW in 0.022 seconds
[0m19:18:46.223777 [debug] [Thread-3 (]: SQL status: CREATE VIEW in 0.020 seconds
[0m19:18:46.226775 [debug] [Thread-4 (]: Using postgres connection "model.chorus_data_engineer_interview.recent_patient_encounters"
[0m19:18:46.227081 [debug] [Thread-2 (]: Began executing node model.chorus_data_engineer_interview.stg_observations
[0m19:18:46.230055 [debug] [Thread-3 (]: Using postgres connection "model.chorus_data_engineer_interview.stg_encounters"
[0m19:18:46.230398 [debug] [Thread-1 (]: Using postgres connection "model.chorus_data_engineer_interview.stg_medicationrequests"
[0m19:18:46.230777 [debug] [Thread-4 (]: On model.chorus_data_engineer_interview.recent_patient_encounters: /* {"app": "dbt", "dbt_version": "1.11.8", "profile_name": "chorus_data_engineer_interview", "target_name": "dev", "node_id": "model.chorus_data_engineer_interview.recent_patient_encounters"} */
alter table "postgres"."public"."recent_patient_encounters" rename to "recent_patient_encounters__dbt_backup"
[0m19:18:46.233985 [debug] [Thread-2 (]: Writing runtime sql for node "model.chorus_data_engineer_interview.stg_observations"
[0m19:18:46.234319 [debug] [Thread-3 (]: On model.chorus_data_engineer_interview.stg_encounters: /* {"app": "dbt", "dbt_version": "1.11.8", "profile_name": "chorus_data_engineer_interview", "target_name": "dev", "node_id": "model.chorus_data_engineer_interview.stg_encounters"} */
alter table "postgres"."public"."stg_encounters" rename to "stg_encounters__dbt_backup"
[0m19:18:46.234733 [debug] [Thread-1 (]: On model.chorus_data_engineer_interview.stg_medicationrequests: /* {"app": "dbt", "dbt_version": "1.11.8", "profile_name": "chorus_data_engineer_interview", "target_name": "dev", "node_id": "model.chorus_data_engineer_interview.stg_medicationrequests"} */

  create view "postgres"."public"."stg_medicationrequests__dbt_tmp"
    
    
  as (
    SELECT
    id,
    patient_id,
    practitioner_id,
    medication_name,
    dosage,
    status,
    created_at
FROM "postgres"."public"."MedicationRequest"
  );
[0m19:18:46.235252 [debug] [Thread-1 (]: Opening a new connection, currently in state closed
[0m19:18:46.235849 [debug] [Thread-2 (]: Using postgres connection "model.chorus_data_engineer_interview.stg_observations"
[0m19:18:46.236168 [debug] [Thread-2 (]: On model.chorus_data_engineer_interview.stg_observations: /* {"app": "dbt", "dbt_version": "1.11.8", "profile_name": "chorus_data_engineer_interview", "target_name": "dev", "node_id": "model.chorus_data_engineer_interview.stg_observations"} */

  create view "postgres"."public"."stg_observations__dbt_tmp"
    
    
  as (
    SELECT
  id,
  patient_id,
  encounter_id,
  type,
  value,
  unit,
  recorded_at
FROM "postgres"."public"."Observation"
  );
[0m19:18:46.236589 [debug] [Thread-2 (]: Opening a new connection, currently in state closed
[0m19:18:46.238700 [debug] [Thread-4 (]: SQL status: ALTER TABLE in 0.003 seconds
[0m19:18:46.239223 [debug] [Thread-3 (]: SQL status: ALTER TABLE in 0.004 seconds
[0m19:18:46.242598 [debug] [Thread-4 (]: Using postgres connection "model.chorus_data_engineer_interview.recent_patient_encounters"
[0m19:18:46.245258 [debug] [Thread-3 (]: Using postgres connection "model.chorus_data_engineer_interview.stg_encounters"
[0m19:18:46.245840 [debug] [Thread-4 (]: On model.chorus_data_engineer_interview.recent_patient_encounters: /* {"app": "dbt", "dbt_version": "1.11.8", "profile_name": "chorus_data_engineer_interview", "target_name": "dev", "node_id": "model.chorus_data_engineer_interview.recent_patient_encounters"} */
alter table "postgres"."public"."recent_patient_encounters__dbt_tmp" rename to "recent_patient_encounters"
[0m19:18:46.246223 [debug] [Thread-3 (]: On model.chorus_data_engineer_interview.stg_encounters: /* {"app": "dbt", "dbt_version": "1.11.8", "profile_name": "chorus_data_engineer_interview", "target_name": "dev", "node_id": "model.chorus_data_engineer_interview.stg_encounters"} */
alter table "postgres"."public"."stg_encounters__dbt_tmp" rename to "stg_encounters"
[0m19:18:46.248243 [debug] [Thread-4 (]: SQL status: ALTER TABLE in 0.002 seconds
[0m19:18:46.249753 [debug] [Thread-4 (]: On model.chorus_data_engineer_interview.recent_patient_encounters: COMMIT
[0m19:18:46.251829 [debug] [Thread-1 (]: SQL status: CREATE VIEW in 0.017 seconds
[0m19:18:46.252113 [debug] [Thread-2 (]: SQL status: CREATE VIEW in 0.016 seconds
[0m19:18:46.252399 [debug] [Thread-3 (]: SQL status: ALTER TABLE in 0.006 seconds
[0m19:18:46.252716 [debug] [Thread-4 (]: Using postgres connection "model.chorus_data_engineer_interview.recent_patient_encounters"
[0m19:18:46.255595 [debug] [Thread-1 (]: Using postgres connection "model.chorus_data_engineer_interview.stg_medicationrequests"
[0m19:18:46.258445 [debug] [Thread-2 (]: Using postgres connection "model.chorus_data_engineer_interview.stg_observations"
[0m19:18:46.259700 [debug] [Thread-3 (]: On model.chorus_data_engineer_interview.stg_encounters: COMMIT
[0m19:18:46.260006 [debug] [Thread-4 (]: On model.chorus_data_engineer_interview.recent_patient_encounters: COMMIT
[0m19:18:46.260299 [debug] [Thread-1 (]: On model.chorus_data_engineer_interview.stg_medicationrequests: /* {"app": "dbt", "dbt_version": "1.11.8", "profile_name": "chorus_data_engineer_interview", "target_name": "dev", "node_id": "model.chorus_data_engineer_interview.stg_medicationrequests"} */
alter table "postgres"."public"."stg_medicationrequests" rename to "stg_medicationrequests__dbt_backup"
[0m19:18:46.260600 [debug] [Thread-2 (]: On model.chorus_data_engineer_interview.stg_observations: /* {"app": "dbt", "dbt_version": "1.11.8", "profile_name": "chorus_data_engineer_interview", "target_name": "dev", "node_id": "model.chorus_data_engineer_interview.stg_observations"} */
alter table "postgres"."public"."stg_observations" rename to "stg_observations__dbt_backup"
[0m19:18:46.260887 [debug] [Thread-3 (]: Using postgres connection "model.chorus_data_engineer_interview.stg_encounters"
[0m19:18:46.261347 [debug] [Thread-3 (]: On model.chorus_data_engineer_interview.stg_encounters: COMMIT
[0m19:18:46.262949 [debug] [Thread-2 (]: SQL status: ALTER TABLE in 0.002 seconds
[0m19:18:46.263316 [debug] [Thread-1 (]: SQL status: ALTER TABLE in 0.002 seconds
[0m19:18:46.263633 [debug] [Thread-4 (]: SQL status: COMMIT in 0.002 seconds
[0m19:18:46.263892 [debug] [Thread-3 (]: SQL status: COMMIT in 0.002 seconds
[0m19:18:46.266454 [debug] [Thread-2 (]: Using postgres connection "model.chorus_data_engineer_interview.stg_observations"
[0m19:18:46.269036 [debug] [Thread-1 (]: Using postgres connection "model.chorus_data_engineer_interview.stg_medicationrequests"
[0m19:18:46.271108 [debug] [Thread-4 (]: Applying DROP to: "postgres"."public"."recent_patient_encounters__dbt_backup"
[0m19:18:46.273154 [debug] [Thread-3 (]: Applying DROP to: "postgres"."public"."stg_encounters__dbt_backup"
[0m19:18:46.273469 [debug] [Thread-2 (]: On model.chorus_data_engineer_interview.stg_observations: /* {"app": "dbt", "dbt_version": "1.11.8", "profile_name": "chorus_data_engineer_interview", "target_name": "dev", "node_id": "model.chorus_data_engineer_interview.stg_observations"} */
alter table "postgres"."public"."stg_observations__dbt_tmp" rename to "stg_observations"
[0m19:18:46.273775 [debug] [Thread-1 (]: On model.chorus_data_engineer_interview.stg_medicationrequests: /* {"app": "dbt", "dbt_version": "1.11.8", "profile_name": "chorus_data_engineer_interview", "target_name": "dev", "node_id": "model.chorus_data_engineer_interview.stg_medicationrequests"} */
alter table "postgres"."public"."stg_medicationrequests__dbt_tmp" rename to "stg_medicationrequests"
[0m19:18:46.274355 [debug] [Thread-4 (]: Using postgres connection "model.chorus_data_engineer_interview.recent_patient_encounters"
[0m19:18:46.274903 [debug] [Thread-3 (]: Using postgres connection "model.chorus_data_engineer_interview.stg_encounters"
[0m19:18:46.275322 [debug] [Thread-4 (]: On model.chorus_data_engineer_interview.recent_patient_encounters: /* {"app": "dbt", "dbt_version": "1.11.8", "profile_name": "chorus_data_engineer_interview", "target_name": "dev", "node_id": "model.chorus_data_engineer_interview.recent_patient_encounters"} */
drop view if exists "postgres"."public"."recent_patient_encounters__dbt_backup" cascade
[0m19:18:46.275655 [debug] [Thread-3 (]: On model.chorus_data_engineer_interview.stg_encounters: /* {"app": "dbt", "dbt_version": "1.11.8", "profile_name": "chorus_data_engineer_interview", "target_name": "dev", "node_id": "model.chorus_data_engineer_interview.stg_encounters"} */
drop view if exists "postgres"."public"."stg_encounters__dbt_backup" cascade
[0m19:18:46.276833 [debug] [Thread-1 (]: SQL status: ALTER TABLE in 0.001 seconds
[0m19:18:46.277144 [debug] [Thread-2 (]: SQL status: ALTER TABLE in 0.002 seconds
[0m19:18:46.278437 [debug] [Thread-1 (]: On model.chorus_data_engineer_interview.stg_medicationrequests: COMMIT
[0m19:18:46.278766 [debug] [Thread-3 (]: SQL status: DROP VIEW in 0.003 seconds
[0m19:18:46.279091 [debug] [Thread-4 (]: SQL status: DROP VIEW in 0.003 seconds
[0m19:18:46.280359 [debug] [Thread-2 (]: On model.chorus_data_engineer_interview.stg_observations: COMMIT
[0m19:18:46.280673 [debug] [Thread-1 (]: Using postgres connection "model.chorus_data_engineer_interview.stg_medicationrequests"
[0m19:18:46.281689 [debug] [Thread-3 (]: On model.chorus_data_engineer_interview.stg_encounters: Close
[0m19:18:46.282676 [debug] [Thread-4 (]: On model.chorus_data_engineer_interview.recent_patient_encounters: Close
[0m19:18:46.282981 [debug] [Thread-2 (]: Using postgres connection "model.chorus_data_engineer_interview.stg_observations"
[0m19:18:46.283270 [debug] [Thread-1 (]: On model.chorus_data_engineer_interview.stg_medicationrequests: COMMIT
[0m19:18:46.283722 [debug] [Thread-3 (]: Sending event: {'category': 'dbt', 'action': 'run_model', 'label': 'a8649c9b-90b4-4d2d-a615-28f302535b45', 'context': [<snowplow_tracker.self_describing_json.SelfDescribingJson object at 0x10b3c5550>]}
[0m19:18:46.284157 [debug] [Thread-4 (]: Sending event: {'category': 'dbt', 'action': 'run_model', 'label': 'a8649c9b-90b4-4d2d-a615-28f302535b45', 'context': [<snowplow_tracker.self_describing_json.SelfDescribingJson object at 0x10b1dc2d0>]}
[0m19:18:46.284442 [debug] [Thread-2 (]: On model.chorus_data_engineer_interview.stg_observations: COMMIT
[0m19:18:46.285119 [info ] [Thread-3 (]: 10 of 15 OK created sql view model public.stg_encounters ....................... [[32mCREATE VIEW[0m in 0.11s]
[0m19:18:46.285887 [info ] [Thread-4 (]: 9 of 15 OK created sql view model public.recent_patient_encounters ............. [[32mCREATE VIEW[0m in 0.11s]
[0m19:18:46.286489 [debug] [Thread-3 (]: Finished running node model.chorus_data_engineer_interview.stg_encounters
[0m19:18:46.286821 [debug] [Thread-1 (]: SQL status: COMMIT in 0.002 seconds
[0m19:18:46.287109 [debug] [Thread-2 (]: SQL status: COMMIT in 0.001 seconds
[0m19:18:46.287520 [debug] [Thread-4 (]: Finished running node model.chorus_data_engineer_interview.recent_patient_encounters
[0m19:18:46.287863 [debug] [Thread-3 (]: Began running node model.chorus_data_engineer_interview.stg_patients
[0m19:18:46.290101 [debug] [Thread-1 (]: Applying DROP to: "postgres"."public"."stg_medicationrequests__dbt_backup"
[0m19:18:46.292105 [debug] [Thread-2 (]: Applying DROP to: "postgres"."public"."stg_observations__dbt_backup"
[0m19:18:46.292437 [debug] [Thread-4 (]: Began running node model.chorus_data_engineer_interview.stg_practitioners
[0m19:18:46.292848 [info ] [Thread-3 (]: 13 of 15 START sql view model public.stg_patients .............................. [RUN]
[0m19:18:46.293482 [debug] [Thread-1 (]: Using postgres connection "model.chorus_data_engineer_interview.stg_medicationrequests"
[0m19:18:46.294070 [debug] [Thread-2 (]: Using postgres connection "model.chorus_data_engineer_interview.stg_observations"
[0m19:18:46.294441 [info ] [Thread-4 (]: 14 of 15 START sql view model public.stg_practitioners ......................... [RUN]
[0m19:18:46.294794 [debug] [Thread-3 (]: Re-using an available connection from the pool (formerly model.chorus_data_engineer_interview.stg_encounters, now model.chorus_data_engineer_interview.stg_patients)
[0m19:18:46.295110 [debug] [Thread-1 (]: On model.chorus_data_engineer_interview.stg_medicationrequests: /* {"app": "dbt", "dbt_version": "1.11.8", "profile_name": "chorus_data_engineer_interview", "target_name": "dev", "node_id": "model.chorus_data_engineer_interview.stg_medicationrequests"} */
drop view if exists "postgres"."public"."stg_medicationrequests__dbt_backup" cascade
[0m19:18:46.295405 [debug] [Thread-2 (]: On model.chorus_data_engineer_interview.stg_observations: /* {"app": "dbt", "dbt_version": "1.11.8", "profile_name": "chorus_data_engineer_interview", "target_name": "dev", "node_id": "model.chorus_data_engineer_interview.stg_observations"} */
drop view if exists "postgres"."public"."stg_observations__dbt_backup" cascade
[0m19:18:46.295698 [debug] [Thread-4 (]: Re-using an available connection from the pool (formerly model.chorus_data_engineer_interview.recent_patient_encounters, now model.chorus_data_engineer_interview.stg_practitioners)
[0m19:18:46.295988 [debug] [Thread-3 (]: Began compiling node model.chorus_data_engineer_interview.stg_patients
[0m19:18:46.296353 [debug] [Thread-4 (]: Began compiling node model.chorus_data_engineer_interview.stg_practitioners
[0m19:18:46.299015 [debug] [Thread-3 (]: Writing injected SQL for node "model.chorus_data_engineer_interview.stg_patients"
[0m19:18:46.299323 [debug] [Thread-2 (]: SQL status: DROP VIEW in 0.003 seconds
[0m19:18:46.299603 [debug] [Thread-1 (]: SQL status: DROP VIEW in 0.003 seconds
[0m19:18:46.301990 [debug] [Thread-4 (]: Writing injected SQL for node "model.chorus_data_engineer_interview.stg_practitioners"
[0m19:18:46.303139 [debug] [Thread-2 (]: On model.chorus_data_engineer_interview.stg_observations: Close
[0m19:18:46.304281 [debug] [Thread-1 (]: On model.chorus_data_engineer_interview.stg_medicationrequests: Close
[0m19:18:46.304851 [debug] [Thread-3 (]: Began executing node model.chorus_data_engineer_interview.stg_patients
[0m19:18:46.305338 [debug] [Thread-1 (]: Sending event: {'category': 'dbt', 'action': 'run_model', 'label': 'a8649c9b-90b4-4d2d-a615-28f302535b45', 'context': [<snowplow_tracker.self_describing_json.SelfDescribingJson object at 0x10ad60d90>]}
[0m19:18:46.305747 [debug] [Thread-2 (]: Sending event: {'category': 'dbt', 'action': 'run_model', 'label': 'a8649c9b-90b4-4d2d-a615-28f302535b45', 'context': [<snowplow_tracker.self_describing_json.SelfDescribingJson object at 0x10b45d9d0>]}
[0m19:18:46.310980 [debug] [Thread-3 (]: Writing runtime sql for node "model.chorus_data_engineer_interview.stg_patients"
[0m19:18:46.311584 [info ] [Thread-1 (]: 11 of 15 OK created sql view model public.stg_medicationrequests ............... [[32mCREATE VIEW[0m in 0.09s]
[0m19:18:46.311976 [debug] [Thread-4 (]: Began executing node model.chorus_data_engineer_interview.stg_practitioners
[0m19:18:46.312434 [info ] [Thread-2 (]: 12 of 15 OK created sql view model public.stg_observations ..................... [[32mCREATE VIEW[0m in 0.09s]
[0m19:18:46.313011 [debug] [Thread-1 (]: Finished running node model.chorus_data_engineer_interview.stg_medicationrequests
[0m19:18:46.316388 [debug] [Thread-4 (]: Writing runtime sql for node "model.chorus_data_engineer_interview.stg_practitioners"
[0m19:18:46.316843 [debug] [Thread-2 (]: Finished running node model.chorus_data_engineer_interview.stg_observations
[0m19:18:46.317172 [debug] [Thread-3 (]: Using postgres connection "model.chorus_data_engineer_interview.stg_patients"
[0m19:18:46.317511 [debug] [Thread-1 (]: Began running node model.chorus_data_engineer_interview.top_3_prescriptions
[0m19:18:46.318232 [debug] [Thread-4 (]: Using postgres connection "model.chorus_data_engineer_interview.stg_practitioners"
[0m19:18:46.318603 [debug] [Thread-3 (]: On model.chorus_data_engineer_interview.stg_patients: /* {"app": "dbt", "dbt_version": "1.11.8", "profile_name": "chorus_data_engineer_interview", "target_name": "dev", "node_id": "model.chorus_data_engineer_interview.stg_patients"} */

  create view "postgres"."public"."stg_patients__dbt_tmp"
    
    
  as (
    SELECT
  id,
  identifier,
  name,
  gender,
  birth_date,
  address,
  telecom,
  active,
  created_at
FROM "postgres"."public"."Patient"
  );
[0m19:18:46.319007 [info ] [Thread-1 (]: 15 of 15 START sql view model public.top_3_prescriptions ....................... [RUN]
[0m19:18:46.319353 [debug] [Thread-4 (]: On model.chorus_data_engineer_interview.stg_practitioners: /* {"app": "dbt", "dbt_version": "1.11.8", "profile_name": "chorus_data_engineer_interview", "target_name": "dev", "node_id": "model.chorus_data_engineer_interview.stg_practitioners"} */

  create view "postgres"."public"."stg_practitioners__dbt_tmp"
    
    
  as (
    SELECT
  id,
  identifier,
  name,
  specialty,
  telecom,
  active,
  created_at
FROM "postgres"."public"."Practitioner"
  );
[0m19:18:46.319647 [debug] [Thread-3 (]: Opening a new connection, currently in state closed
[0m19:18:46.319960 [debug] [Thread-1 (]: Re-using an available connection from the pool (formerly model.chorus_data_engineer_interview.stg_medicationrequests, now model.chorus_data_engineer_interview.top_3_prescriptions)
[0m19:18:46.320255 [debug] [Thread-4 (]: Opening a new connection, currently in state closed
[0m19:18:46.320652 [debug] [Thread-1 (]: Began compiling node model.chorus_data_engineer_interview.top_3_prescriptions
[0m19:18:46.323431 [debug] [Thread-1 (]: Writing injected SQL for node "model.chorus_data_engineer_interview.top_3_prescriptions"
[0m19:18:46.324237 [debug] [Thread-1 (]: Began executing node model.chorus_data_engineer_interview.top_3_prescriptions
[0m19:18:46.327881 [debug] [Thread-1 (]: Writing runtime sql for node "model.chorus_data_engineer_interview.top_3_prescriptions"
[0m19:18:46.328571 [debug] [Thread-1 (]: Using postgres connection "model.chorus_data_engineer_interview.top_3_prescriptions"
[0m19:18:46.328929 [debug] [Thread-1 (]: On model.chorus_data_engineer_interview.top_3_prescriptions: /* {"app": "dbt", "dbt_version": "1.11.8", "profile_name": "chorus_data_engineer_interview", "target_name": "dev", "node_id": "model.chorus_data_engineer_interview.top_3_prescriptions"} */

  create view "postgres"."public"."top_3_prescriptions__dbt_tmp"
    
    
  as (
    /*
 Write a query to find the three most commonly prescribed medications from the MedicationRequest table, sorted by the number of prescriptions.
 */

 WITH medication_counts AS (
     SELECT
         medication_name,
         COUNT(*) AS prescription_count
     FROM "postgres"."public"."MedicationRequest"
     GROUP BY medication_name
 )

SELECT
    medication_name,
    prescription_count
FROM medication_counts
ORDER BY prescription_count DESC
LIMIT 3
  );
[0m19:18:46.329243 [debug] [Thread-1 (]: Opening a new connection, currently in state closed
[0m19:18:46.332193 [debug] [Thread-4 (]: SQL status: CREATE VIEW in 0.012 seconds
[0m19:18:46.332793 [debug] [Thread-3 (]: SQL status: CREATE VIEW in 0.013 seconds
[0m19:18:46.335853 [debug] [Thread-4 (]: Using postgres connection "model.chorus_data_engineer_interview.stg_practitioners"
[0m19:18:46.338811 [debug] [Thread-3 (]: Using postgres connection "model.chorus_data_engineer_interview.stg_patients"
[0m19:18:46.339151 [debug] [Thread-4 (]: On model.chorus_data_engineer_interview.stg_practitioners: /* {"app": "dbt", "dbt_version": "1.11.8", "profile_name": "chorus_data_engineer_interview", "target_name": "dev", "node_id": "model.chorus_data_engineer_interview.stg_practitioners"} */
alter table "postgres"."public"."stg_practitioners" rename to "stg_practitioners__dbt_backup"
[0m19:18:46.339461 [debug] [Thread-3 (]: On model.chorus_data_engineer_interview.stg_patients: /* {"app": "dbt", "dbt_version": "1.11.8", "profile_name": "chorus_data_engineer_interview", "target_name": "dev", "node_id": "model.chorus_data_engineer_interview.stg_patients"} */
alter table "postgres"."public"."stg_patients" rename to "stg_patients__dbt_backup"
[0m19:18:46.340569 [debug] [Thread-1 (]: SQL status: CREATE VIEW in 0.011 seconds
[0m19:18:46.343518 [debug] [Thread-1 (]: Using postgres connection "model.chorus_data_engineer_interview.top_3_prescriptions"
[0m19:18:46.343856 [debug] [Thread-3 (]: SQL status: ALTER TABLE in 0.004 seconds
[0m19:18:46.344122 [debug] [Thread-1 (]: On model.chorus_data_engineer_interview.top_3_prescriptions: /* {"app": "dbt", "dbt_version": "1.11.8", "profile_name": "chorus_data_engineer_interview", "target_name": "dev", "node_id": "model.chorus_data_engineer_interview.top_3_prescriptions"} */
alter table "postgres"."public"."top_3_prescriptions" rename to "top_3_prescriptions__dbt_backup"
[0m19:18:46.344385 [debug] [Thread-4 (]: SQL status: ALTER TABLE in 0.005 seconds
[0m19:18:46.347009 [debug] [Thread-3 (]: Using postgres connection "model.chorus_data_engineer_interview.stg_patients"
[0m19:18:46.349829 [debug] [Thread-4 (]: Using postgres connection "model.chorus_data_engineer_interview.stg_practitioners"
[0m19:18:46.350116 [debug] [Thread-1 (]: SQL status: ALTER TABLE in 0.003 seconds
[0m19:18:46.350420 [debug] [Thread-3 (]: On model.chorus_data_engineer_interview.stg_patients: /* {"app": "dbt", "dbt_version": "1.11.8", "profile_name": "chorus_data_engineer_interview", "target_name": "dev", "node_id": "model.chorus_data_engineer_interview.stg_patients"} */
alter table "postgres"."public"."stg_patients__dbt_tmp" rename to "stg_patients"
[0m19:18:46.350724 [debug] [Thread-4 (]: On model.chorus_data_engineer_interview.stg_practitioners: /* {"app": "dbt", "dbt_version": "1.11.8", "profile_name": "chorus_data_engineer_interview", "target_name": "dev", "node_id": "model.chorus_data_engineer_interview.stg_practitioners"} */
alter table "postgres"."public"."stg_practitioners__dbt_tmp" rename to "stg_practitioners"
[0m19:18:46.353305 [debug] [Thread-1 (]: Using postgres connection "model.chorus_data_engineer_interview.top_3_prescriptions"
[0m19:18:46.353780 [debug] [Thread-1 (]: On model.chorus_data_engineer_interview.top_3_prescriptions: /* {"app": "dbt", "dbt_version": "1.11.8", "profile_name": "chorus_data_engineer_interview", "target_name": "dev", "node_id": "model.chorus_data_engineer_interview.top_3_prescriptions"} */
alter table "postgres"."public"."top_3_prescriptions__dbt_tmp" rename to "top_3_prescriptions"
[0m19:18:46.355070 [debug] [Thread-3 (]: SQL status: ALTER TABLE in 0.001 seconds
[0m19:18:46.355416 [debug] [Thread-4 (]: SQL status: ALTER TABLE in 0.002 seconds
[0m19:18:46.356845 [debug] [Thread-3 (]: On model.chorus_data_engineer_interview.stg_patients: COMMIT
[0m19:18:46.357133 [debug] [Thread-1 (]: SQL status: ALTER TABLE in 0.003 seconds
[0m19:18:46.358286 [debug] [Thread-4 (]: On model.chorus_data_engineer_interview.stg_practitioners: COMMIT
[0m19:18:46.358593 [debug] [Thread-3 (]: Using postgres connection "model.chorus_data_engineer_interview.stg_patients"
[0m19:18:46.359734 [debug] [Thread-1 (]: On model.chorus_data_engineer_interview.top_3_prescriptions: COMMIT
[0m19:18:46.360082 [debug] [Thread-4 (]: Using postgres connection "model.chorus_data_engineer_interview.stg_practitioners"
[0m19:18:46.360391 [debug] [Thread-3 (]: On model.chorus_data_engineer_interview.stg_patients: COMMIT
[0m19:18:46.360677 [debug] [Thread-1 (]: Using postgres connection "model.chorus_data_engineer_interview.top_3_prescriptions"
[0m19:18:46.360957 [debug] [Thread-4 (]: On model.chorus_data_engineer_interview.stg_practitioners: COMMIT
[0m19:18:46.361298 [debug] [Thread-1 (]: On model.chorus_data_engineer_interview.top_3_prescriptions: COMMIT
[0m19:18:46.363182 [debug] [Thread-3 (]: SQL status: COMMIT in 0.002 seconds
[0m19:18:46.363493 [debug] [Thread-1 (]: SQL status: COMMIT in 0.002 seconds
[0m19:18:46.367327 [debug] [Thread-3 (]: Applying DROP to: "postgres"."public"."stg_patients__dbt_backup"
[0m19:18:46.367606 [debug] [Thread-4 (]: SQL status: COMMIT in 0.006 seconds
[0m19:18:46.415005 [debug] [Thread-1 (]: Applying DROP to: "postgres"."public"."top_3_prescriptions__dbt_backup"
[0m19:18:46.415707 [debug] [Thread-3 (]: Using postgres connection "model.chorus_data_engineer_interview.stg_patients"
[0m19:18:46.417853 [debug] [Thread-4 (]: Applying DROP to: "postgres"."public"."stg_practitioners__dbt_backup"
[0m19:18:46.418431 [debug] [Thread-1 (]: Using postgres connection "model.chorus_data_engineer_interview.top_3_prescriptions"
[0m19:18:46.418737 [debug] [Thread-3 (]: On model.chorus_data_engineer_interview.stg_patients: /* {"app": "dbt", "dbt_version": "1.11.8", "profile_name": "chorus_data_engineer_interview", "target_name": "dev", "node_id": "model.chorus_data_engineer_interview.stg_patients"} */
drop view if exists "postgres"."public"."stg_patients__dbt_backup" cascade
[0m19:18:46.419295 [debug] [Thread-4 (]: Using postgres connection "model.chorus_data_engineer_interview.stg_practitioners"
[0m19:18:46.419595 [debug] [Thread-1 (]: On model.chorus_data_engineer_interview.top_3_prescriptions: /* {"app": "dbt", "dbt_version": "1.11.8", "profile_name": "chorus_data_engineer_interview", "target_name": "dev", "node_id": "model.chorus_data_engineer_interview.top_3_prescriptions"} */
drop view if exists "postgres"."public"."top_3_prescriptions__dbt_backup" cascade
[0m19:18:46.419985 [debug] [Thread-4 (]: On model.chorus_data_engineer_interview.stg_practitioners: /* {"app": "dbt", "dbt_version": "1.11.8", "profile_name": "chorus_data_engineer_interview", "target_name": "dev", "node_id": "model.chorus_data_engineer_interview.stg_practitioners"} */
drop view if exists "postgres"."public"."stg_practitioners__dbt_backup" cascade
[0m19:18:46.423464 [debug] [Thread-1 (]: SQL status: DROP VIEW in 0.003 seconds
[0m19:18:46.423782 [debug] [Thread-3 (]: SQL status: DROP VIEW in 0.004 seconds
[0m19:18:46.424082 [debug] [Thread-4 (]: SQL status: DROP VIEW in 0.004 seconds
[0m19:18:46.425111 [debug] [Thread-1 (]: On model.chorus_data_engineer_interview.top_3_prescriptions: Close
[0m19:18:46.426019 [debug] [Thread-3 (]: On model.chorus_data_engineer_interview.stg_patients: Close
[0m19:18:46.426854 [debug] [Thread-4 (]: On model.chorus_data_engineer_interview.stg_practitioners: Close
[0m19:18:46.427265 [debug] [Thread-1 (]: Sending event: {'category': 'dbt', 'action': 'run_model', 'label': 'a8649c9b-90b4-4d2d-a615-28f302535b45', 'context': [<snowplow_tracker.self_describing_json.SelfDescribingJson object at 0x10b561e90>]}
[0m19:18:46.427633 [debug] [Thread-3 (]: Sending event: {'category': 'dbt', 'action': 'run_model', 'label': 'a8649c9b-90b4-4d2d-a615-28f302535b45', 'context': [<snowplow_tracker.self_describing_json.SelfDescribingJson object at 0x10b562010>]}
[0m19:18:46.428047 [debug] [Thread-4 (]: Sending event: {'category': 'dbt', 'action': 'run_model', 'label': 'a8649c9b-90b4-4d2d-a615-28f302535b45', 'context': [<snowplow_tracker.self_describing_json.SelfDescribingJson object at 0x10b469110>]}
[0m19:18:46.428547 [info ] [Thread-1 (]: 15 of 15 OK created sql view model public.top_3_prescriptions .................. [[32mCREATE VIEW[0m in 0.11s]
[0m19:18:46.429006 [info ] [Thread-3 (]: 13 of 15 OK created sql view model public.stg_patients ......................... [[32mCREATE VIEW[0m in 0.13s]
[0m19:18:46.429460 [info ] [Thread-4 (]: 14 of 15 OK created sql view model public.stg_practitioners .................... [[32mCREATE VIEW[0m in 0.13s]
[0m19:18:46.429868 [debug] [Thread-1 (]: Finished running node model.chorus_data_engineer_interview.top_3_prescriptions
[0m19:18:46.430197 [debug] [Thread-3 (]: Finished running node model.chorus_data_engineer_interview.stg_patients
[0m19:18:46.430529 [debug] [Thread-4 (]: Finished running node model.chorus_data_engineer_interview.stg_practitioners
[0m19:18:46.431906 [debug] [MainThread]: On master: COMMIT
[0m19:18:46.432134 [debug] [MainThread]: Using postgres connection "master"
[0m19:18:46.432319 [debug] [MainThread]: On master: COMMIT
[0m19:18:46.432502 [debug] [MainThread]: Opening a new connection, currently in state closed
[0m19:18:46.441196 [debug] [MainThread]: SQL status: COMMIT in 0.009 seconds
[0m19:18:46.441497 [debug] [MainThread]: On master: Close
[0m19:18:46.441916 [debug] [MainThread]: Connection 'master' was properly closed.
[0m19:18:46.442116 [debug] [MainThread]: Connection 'model.chorus_data_engineer_interview.top_3_prescriptions' was properly closed.
[0m19:18:46.442295 [debug] [MainThread]: Connection 'model.chorus_data_engineer_interview.stg_observations' was properly closed.
[0m19:18:46.442469 [debug] [MainThread]: Connection 'model.chorus_data_engineer_interview.stg_patients' was properly closed.
[0m19:18:46.442728 [debug] [MainThread]: Connection 'model.chorus_data_engineer_interview.stg_practitioners' was properly closed.
[0m19:18:46.443012 [info ] [MainThread]: 
[0m19:18:46.443238 [info ] [MainThread]: Finished running 15 view models in 0 hours 0 minutes and 0.68 seconds (0.68s).
[0m19:18:46.445083 [debug] [MainThread]: Command end result
[0m19:18:46.474972 [debug] [MainThread]: Wrote artifact WritableManifest to /Users/home/PycharmProjects/chorusinnovations/chorus-data-engineering-interview/dbt/target/manifest.json
[0m19:18:46.476719 [debug] [MainThread]: Wrote artifact SemanticManifest to /Users/home/PycharmProjects/chorusinnovations/chorus-data-engineering-interview/dbt/target/semantic_manifest.json
[0m19:18:46.482078 [debug] [MainThread]: Wrote artifact RunExecutionResult to /Users/home/PycharmProjects/chorusinnovations/chorus-data-engineering-interview/dbt/target/run_results.json
[0m19:18:46.482351 [info ] [MainThread]: 
[0m19:18:46.482630 [info ] [MainThread]: [31mCompleted with 2 errors, 0 partial successes, and 0 warnings:[0m
[0m19:18:46.482849 [info ] [MainThread]: 
[0m19:18:46.483117 [error] [MainThread]: [31mFailure in model encounters_per_specific_patient (models/01_beginner/encounters_per_specific_patient.sql)[0m
[0m19:18:46.483385 [error] [MainThread]:   Database Error in model encounters_per_specific_patient (models/01_beginner/encounters_per_specific_patient.sql)
  syntax error at or near "{"
  LINE 18: WHERE "postgres"."public"."Patient".id = {var('patient_id')}
                                                    ^
  compiled code at target/run/chorus_data_engineer_interview/models/01_beginner/encounters_per_specific_patient.sql
[0m19:18:46.483592 [info ] [MainThread]: 
[0m19:18:46.483830 [info ] [MainThread]:   compiled code at target/compiled/chorus_data_engineer_interview/models/01_beginner/encounters_per_specific_patient.sql
[0m19:18:46.484019 [info ] [MainThread]: 
[0m19:18:46.484263 [error] [MainThread]: [31mFailure in model observations_per_specific_patient (models/01_beginner/observations_per_specific_patient.sql)[0m
[0m19:18:46.484514 [error] [MainThread]:   Database Error in model observations_per_specific_patient (models/01_beginner/observations_per_specific_patient.sql)
  syntax error at or near "{"
  LINE 20: WHERE "postgres"."public"."Patient".id = {var('patient_id')}
                                                    ^
  compiled code at target/run/chorus_data_engineer_interview/models/01_beginner/observations_per_specific_patient.sql
[0m19:18:46.484710 [info ] [MainThread]: 
[0m19:18:46.484939 [info ] [MainThread]:   compiled code at target/compiled/chorus_data_engineer_interview/models/01_beginner/observations_per_specific_patient.sql
[0m19:18:46.485142 [info ] [MainThread]: 
[0m19:18:46.485356 [info ] [MainThread]: Done. PASS=13 WARN=0 ERROR=2 SKIP=0 NO-OP=0 TOTAL=15
[0m19:18:46.488784 [debug] [MainThread]: Resource report: {"command_name": "run", "command_success": false, "command_wall_clock_time": 1.6531546, "process_in_blocks": "0", "process_kernel_time": 0.402865, "process_mem_max_rss": "154681344", "process_out_blocks": "0", "process_user_time": 2.438375}
[0m19:18:46.489120 [debug] [MainThread]: Command `dbt run` failed at 19:18:46.489055 after 1.65 seconds
[0m19:18:46.489410 [debug] [MainThread]: Sending event: {'category': 'dbt', 'action': 'invocation', 'label': 'end', 'context': [<snowplow_tracker.self_describing_json.SelfDescribingJson object at 0x10b4e7310>, <snowplow_tracker.self_describing_json.SelfDescribingJson object at 0x10b4d1410>, <snowplow_tracker.self_describing_json.SelfDescribingJson object at 0x10b4d21d0>]}
[0m19:18:46.489672 [debug] [MainThread]: Flushing usage events
[0m19:18:46.935155 [debug] [MainThread]: An error was encountered while trying to flush usage events
[0m19:38:44.443346 [debug] [MainThread]: Sending event: {'category': 'dbt', 'action': 'invocation', 'label': 'start', 'context': [<snowplow_tracker.self_describing_json.SelfDescribingJson object at 0x10bdf2fd0>, <snowplow_tracker.self_describing_json.SelfDescribingJson object at 0x10bee8950>, <snowplow_tracker.self_describing_json.SelfDescribingJson object at 0x10bee9250>]}


============================== 19:38:44.447447 | 2c61b9b3-7c32-4c85-bfd6-a37ecbac2ad1 ==============================
[0m19:38:44.447447 [info ] [MainThread]: Running with dbt=1.11.8
[0m19:38:44.447990 [debug] [MainThread]: running dbt with arguments {'target_path': 'None', 'send_anonymous_usage_stats': 'True', 'introspect': 'True', 'version_check': 'True', 'fail_fast': 'False', 'warn_error': 'None', 'static_parser': 'True', 'log_cache_events': 'False', 'debug': 'False', 'cache_selected_only': 'False', 'log_path': '/Users/home/PycharmProjects/chorusinnovations/chorus-data-engineering-interview/dbt/logs', 'partial_parse': 'True', 'printer_width': '80', 'profiles_dir': '/Users/home/.dbt', 'indirect_selection': 'eager', 'quiet': 'False', 'write_json': 'True', 'log_format': 'default', 'warn_error_options': 'WarnErrorOptionsV2(error=[], warn=[], silence=[])', 'no_print': 'None', 'use_experimental_parser': 'False', 'empty': 'False', 'invocation_command': 'dbt run', 'use_colors': 'True'}
[0m19:38:44.659648 [debug] [MainThread]: Sending event: {'category': 'dbt', 'action': 'project_id', 'label': '2c61b9b3-7c32-4c85-bfd6-a37ecbac2ad1', 'context': [<snowplow_tracker.self_describing_json.SelfDescribingJson object at 0x10c471250>]}
[0m19:38:44.711876 [debug] [MainThread]: Sending event: {'category': 'dbt', 'action': 'adapter_info', 'label': '2c61b9b3-7c32-4c85-bfd6-a37ecbac2ad1', 'context': [<snowplow_tracker.self_describing_json.SelfDescribingJson object at 0x1090b9050>]}
[0m19:38:44.713553 [info ] [MainThread]: Registered adapter: postgres=1.10.0
[0m19:38:44.801331 [error] [MainThread]: Encountered an error:
Compilation Error
  dbt found 1 package(s) specified in packages.yml, but only 0 package(s) installed in dbt_packages. Run "dbt deps" to install package dependencies.
[0m19:38:44.804845 [debug] [MainThread]: Resource report: {"command_name": "run", "command_success": false, "command_wall_clock_time": 0.43083578, "process_in_blocks": "0", "process_kernel_time": 0.301011, "process_mem_max_rss": "124207104", "process_out_blocks": "0", "process_user_time": 1.405504}
[0m19:38:44.805330 [debug] [MainThread]: Command `dbt run` failed at 19:38:44.805236 after 0.43 seconds
[0m19:38:44.805701 [debug] [MainThread]: Sending event: {'category': 'dbt', 'action': 'invocation', 'label': 'end', 'context': [<snowplow_tracker.self_describing_json.SelfDescribingJson object at 0x10bee9190>, <snowplow_tracker.self_describing_json.SelfDescribingJson object at 0x10c4aa050>, <snowplow_tracker.self_describing_json.SelfDescribingJson object at 0x10be680d0>]}
[0m19:38:44.806033 [debug] [MainThread]: Flushing usage events
[0m19:38:45.236880 [debug] [MainThread]: An error was encountered while trying to flush usage events
[0m19:38:59.120593 [debug] [MainThread]: Sending event: {'category': 'dbt', 'action': 'invocation', 'label': 'start', 'context': [<snowplow_tracker.self_describing_json.SelfDescribingJson object at 0x10b8eaf10>, <snowplow_tracker.self_describing_json.SelfDescribingJson object at 0x10b967fd0>, <snowplow_tracker.self_describing_json.SelfDescribingJson object at 0x10b967ad0>]}


============================== 19:38:59.124584 | 7c792768-e66a-4a88-95cd-07ce9f56451c ==============================
[0m19:38:59.124584 [info ] [MainThread]: Running with dbt=1.11.8
[0m19:38:59.125077 [debug] [MainThread]: running dbt with arguments {'log_path': '/Users/home/PycharmProjects/chorusinnovations/chorus-data-engineering-interview/dbt/logs', 'empty': 'None', 'log_format': 'default', 'debug': 'False', 'log_cache_events': 'False', 'printer_width': '80', 'version_check': 'True', 'invocation_command': 'dbt deps', 'fail_fast': 'False', 'partial_parse': 'True', 'cache_selected_only': 'False', 'no_print': 'None', 'use_colors': 'True', 'warn_error': 'None', 'quiet': 'False', 'static_parser': 'True', 'warn_error_options': 'WarnErrorOptionsV2(error=[], warn=[], silence=[])', 'write_json': 'True', 'indirect_selection': 'eager', 'profiles_dir': '/Users/home/.dbt', 'introspect': 'True', 'use_experimental_parser': 'False', 'send_anonymous_usage_stats': 'True', 'target_path': 'None'}
[0m19:38:59.127797 [warn ] [MainThread]: [[33mWARNING[0m][CustomKeyInConfigDeprecation]: Deprecated functionality
Custom key `chorus_data_engineer_interview` found in `config` at path
`chorus_data_engineer_interview` in file `/Users/home/PycharmProjects/chorusinno
vations/chorus-data-engineering-interview/dbt/dbt_project.yml`. Custom config
keys should move into the `config.meta`.
[0m19:38:59.128157 [debug] [MainThread]: Sending event: {'category': 'dbt', 'action': 'deprecation', 'label': '7c792768-e66a-4a88-95cd-07ce9f56451c', 'property_': 'warn', 'context': [<snowplow_tracker.self_describing_json.SelfDescribingJson object at 0x10b94e390>]}
[0m19:38:59.243715 [debug] [MainThread]: Sending event: {'category': 'dbt', 'action': 'project_id', 'label': '7c792768-e66a-4a88-95cd-07ce9f56451c', 'context': [<snowplow_tracker.self_describing_json.SelfDescribingJson object at 0x109d83590>]}
[0m19:38:59.265405 [debug] [MainThread]: Set downloads directory='/var/folders/ry/gwh_z6zj0ln0xnky1gf_639m0000gn/T/dbt-downloads-60iix464'
[0m19:38:59.265768 [debug] [MainThread]: Making package index registry request: GET https://hub.getdbt.com/api/v1/index.json
[0m19:38:59.430402 [debug] [MainThread]: Response from registry index: GET https://hub.getdbt.com/api/v1/index.json 200
[0m19:38:59.431677 [debug] [MainThread]: Making package registry request: GET https://hub.getdbt.com/api/v1/dbt-labs/dbt_utils.json
[0m19:38:59.502281 [debug] [MainThread]: Response from registry: GET https://hub.getdbt.com/api/v1/dbt-labs/dbt_utils.json 200
[0m19:38:59.506740 [info ] [MainThread]: Installing dbt-labs/dbt_utils
[0m19:39:00.029954 [info ] [MainThread]: Installed from version 1.1.1
[0m19:39:00.030310 [info ] [MainThread]: Updated version available: 1.3.3
[0m19:39:00.030591 [debug] [MainThread]: Sending event: {'category': 'dbt', 'action': 'package', 'label': '7c792768-e66a-4a88-95cd-07ce9f56451c', 'property_': 'install', 'context': [<snowplow_tracker.self_describing_json.SelfDescribingJson object at 0x10b8def50>, <snowplow_tracker.self_describing_json.SelfDescribingJson object at 0x10baa0450>]}
[0m19:39:00.030892 [info ] [MainThread]: 
[0m19:39:00.031123 [info ] [MainThread]: Updates available for packages: ['dbt-labs/dbt_utils']                 
Update your versions in packages.yml, then run dbt deps
[0m19:39:00.031939 [warn ] [MainThread]: [[33mWARNING[0m][DeprecationsSummary]: Deprecated functionality
Summary of encountered deprecations:
- CustomKeyInConfigDeprecation: 1 occurrence
To see all deprecation instances instead of just the first occurrence of each,
run command again with the `--show-all-deprecations` flag. You may also need to
run with `--no-partial-parse` as some deprecations are only encountered during
parsing.
[0m19:39:00.035356 [debug] [MainThread]: Resource report: {"command_name": "deps", "command_success": true, "command_wall_clock_time": 0.980629, "process_in_blocks": "0", "process_kernel_time": 0.294327, "process_mem_max_rss": "126009344", "process_out_blocks": "0", "process_user_time": 1.352964}
[0m19:39:00.035922 [debug] [MainThread]: Command `dbt deps` succeeded at 19:39:00.035803 after 0.98 seconds
[0m19:39:00.036256 [debug] [MainThread]: Sending event: {'category': 'dbt', 'action': 'invocation', 'label': 'end', 'context': [<snowplow_tracker.self_describing_json.SelfDescribingJson object at 0x10b902810>, <snowplow_tracker.self_describing_json.SelfDescribingJson object at 0x10b967d90>, <snowplow_tracker.self_describing_json.SelfDescribingJson object at 0x102571fd0>]}
[0m19:39:00.036554 [debug] [MainThread]: Flushing usage events
[0m19:39:00.364718 [debug] [MainThread]: An error was encountered while trying to flush usage events
[0m19:39:08.780600 [debug] [MainThread]: Sending event: {'category': 'dbt', 'action': 'invocation', 'label': 'start', 'context': [<snowplow_tracker.self_describing_json.SelfDescribingJson object at 0x109f12b90>, <snowplow_tracker.self_describing_json.SelfDescribingJson object at 0x10a000a10>, <snowplow_tracker.self_describing_json.SelfDescribingJson object at 0x10a001310>]}


============================== 19:39:08.784492 | 936ffdd6-0fc1-4aaa-a96a-52cceb1c539c ==============================
[0m19:39:08.784492 [info ] [MainThread]: Running with dbt=1.11.8
[0m19:39:08.784993 [debug] [MainThread]: running dbt with arguments {'printer_width': '80', 'warn_error': 'None', 'indirect_selection': 'eager', 'send_anonymous_usage_stats': 'True', 'fail_fast': 'False', 'use_experimental_parser': 'False', 'invocation_command': 'dbt run', 'empty': 'False', 'log_format': 'default', 'static_parser': 'True', 'profiles_dir': '/Users/home/.dbt', 'use_colors': 'True', 'cache_selected_only': 'False', 'log_cache_events': 'False', 'write_json': 'True', 'target_path': 'None', 'debug': 'False', 'no_print': 'None', 'warn_error_options': 'WarnErrorOptionsV2(error=[], warn=[], silence=[])', 'introspect': 'True', 'quiet': 'False', 'partial_parse': 'True', 'version_check': 'True', 'log_path': '/Users/home/PycharmProjects/chorusinnovations/chorus-data-engineering-interview/dbt/logs'}
[0m19:39:08.961524 [debug] [MainThread]: Sending event: {'category': 'dbt', 'action': 'project_id', 'label': '936ffdd6-0fc1-4aaa-a96a-52cceb1c539c', 'context': [<snowplow_tracker.self_describing_json.SelfDescribingJson object at 0x109074250>]}
[0m19:39:09.015481 [debug] [MainThread]: Sending event: {'category': 'dbt', 'action': 'adapter_info', 'label': '936ffdd6-0fc1-4aaa-a96a-52cceb1c539c', 'context': [<snowplow_tracker.self_describing_json.SelfDescribingJson object at 0x1071cc1d0>]}
[0m19:39:09.016509 [info ] [MainThread]: Registered adapter: postgres=1.10.0
[0m19:39:09.112424 [debug] [MainThread]: checksum: 7d524ac048c2100769df89d592e662e060a73ca564e31bd9c2a37efdfe8d8ab6, vars: {}, profile: , target: , version: 1.11.8
[0m19:39:09.207350 [info ] [MainThread]: Unable to do partial parsing because a project dependency has been added
[0m19:39:09.207751 [debug] [MainThread]: Sending event: {'category': 'dbt', 'action': 'partial_parser', 'label': '936ffdd6-0fc1-4aaa-a96a-52cceb1c539c', 'context': [<snowplow_tracker.self_describing_json.SelfDescribingJson object at 0x1090e6590>]}
[0m19:39:10.330705 [error] [MainThread]: Encountered an error:
Compilation Error
  Model 'model.chorus_data_engineer_interview.stg_task_occurrences' (models/staging/stg_task_occurrences.sql) depends on a source named 'task_tracking.Person' which was not found
[0m19:39:10.334674 [debug] [MainThread]: Resource report: {"command_name": "run", "command_success": false, "command_wall_clock_time": 1.6223842, "process_in_blocks": "0", "process_kernel_time": 0.307476, "process_mem_max_rss": "135725056", "process_out_blocks": "0", "process_user_time": 2.610017}
[0m19:39:10.335097 [debug] [MainThread]: Command `dbt run` failed at 19:39:10.335015 after 1.62 seconds
[0m19:39:10.335409 [debug] [MainThread]: Sending event: {'category': 'dbt', 'action': 'invocation', 'label': 'end', 'context': [<snowplow_tracker.self_describing_json.SelfDescribingJson object at 0x10a0009d0>, <snowplow_tracker.self_describing_json.SelfDescribingJson object at 0x10acb4dd0>, <snowplow_tracker.self_describing_json.SelfDescribingJson object at 0x10b17bed0>]}
[0m19:39:10.335702 [debug] [MainThread]: Flushing usage events
[0m19:39:10.682697 [debug] [MainThread]: An error was encountered while trying to flush usage events
[0m08:23:42.408473 [debug] [MainThread]: Sending event: {'category': 'dbt', 'action': 'invocation', 'label': 'start', 'context': [<snowplow_tracker.self_describing_json.SelfDescribingJson object at 0x109782e90>, <snowplow_tracker.self_describing_json.SelfDescribingJson object at 0x1097aea10>, <snowplow_tracker.self_describing_json.SelfDescribingJson object at 0x1097e4cd0>]}


============================== 08:23:42.412603 | 253ab6e6-c109-43c6-8686-6006ddcadefb ==============================
[0m08:23:42.412603 [info ] [MainThread]: Running with dbt=1.11.8
[0m08:23:42.413132 [debug] [MainThread]: running dbt with arguments {'no_print': 'None', 'printer_width': '80', 'partial_parse': 'True', 'warn_error_options': 'WarnErrorOptionsV2(error=[], warn=[], silence=[])', 'log_path': '/Users/home/PycharmProjects/chorusinnovations/chorus-data-engineering-interview/dbt/logs', 'fail_fast': 'False', 'log_format': 'default', 'send_anonymous_usage_stats': 'True', 'indirect_selection': 'eager', 'warn_error': 'None', 'empty': 'None', 'debug': 'False', 'static_parser': 'True', 'quiet': 'False', 'use_experimental_parser': 'False', 'invocation_command': 'dbt parse', 'log_cache_events': 'False', 'profiles_dir': '/Users/home/.dbt', 'write_json': 'True', 'use_colors': 'True', 'cache_selected_only': 'False', 'version_check': 'True', 'introspect': 'True', 'target_path': 'None'}
[0m08:23:42.662307 [debug] [MainThread]: Sending event: {'category': 'dbt', 'action': 'project_id', 'label': '253ab6e6-c109-43c6-8686-6006ddcadefb', 'context': [<snowplow_tracker.self_describing_json.SelfDescribingJson object at 0x109d4d4d0>]}
[0m08:23:42.717106 [debug] [MainThread]: Sending event: {'category': 'dbt', 'action': 'adapter_info', 'label': '253ab6e6-c109-43c6-8686-6006ddcadefb', 'context': [<snowplow_tracker.self_describing_json.SelfDescribingJson object at 0x106a70950>]}
[0m08:23:42.718115 [info ] [MainThread]: Registered adapter: postgres=1.10.0
[0m08:23:42.819745 [debug] [MainThread]: checksum: 7d524ac048c2100769df89d592e662e060a73ca564e31bd9c2a37efdfe8d8ab6, vars: {}, profile: , target: , version: 1.11.8
[0m08:23:42.820524 [info ] [MainThread]: Unable to do partial parsing because saved manifest not found. Starting full parse.
[0m08:23:42.820833 [debug] [MainThread]: Sending event: {'category': 'dbt', 'action': 'partial_parser', 'label': '253ab6e6-c109-43c6-8686-6006ddcadefb', 'context': [<snowplow_tracker.self_describing_json.SelfDescribingJson object at 0x10a409690>]}
[0m08:23:44.037893 [error] [MainThread]: Encountered an error:
Compilation Error
  Model 'model.chorus_data_engineer_interview.fct_task_occurrences' (models/marts/fct_task_occurrences.sql) depends on a source named 'task_tracking.TaskOccurrenceStatus' which was not found
[0m08:23:44.041513 [debug] [MainThread]: Resource report: {"command_name": "parse", "command_success": false, "command_wall_clock_time": 1.7034465, "process_in_blocks": "0", "process_kernel_time": 0.334689, "process_mem_max_rss": "136101888", "process_out_blocks": "0", "process_user_time": 2.602082}
[0m08:23:44.041927 [debug] [MainThread]: Command `dbt parse` failed at 08:23:44.041845 after 1.70 seconds
[0m08:23:44.042232 [debug] [MainThread]: Sending event: {'category': 'dbt', 'action': 'invocation', 'label': 'end', 'context': [<snowplow_tracker.self_describing_json.SelfDescribingJson object at 0x10979e3d0>, <snowplow_tracker.self_describing_json.SelfDescribingJson object at 0x109de1f10>, <snowplow_tracker.self_describing_json.SelfDescribingJson object at 0x10a6886d0>]}
[0m08:23:44.042512 [debug] [MainThread]: Flushing usage events
[0m08:23:44.522388 [debug] [MainThread]: An error was encountered while trying to flush usage events
[0m08:23:56.661365 [debug] [MainThread]: Sending event: {'category': 'dbt', 'action': 'invocation', 'label': 'start', 'context': [<snowplow_tracker.self_describing_json.SelfDescribingJson object at 0x10dbcf210>, <snowplow_tracker.self_describing_json.SelfDescribingJson object at 0x10dc4b990>, <snowplow_tracker.self_describing_json.SelfDescribingJson object at 0x10dbffb50>]}


============================== 08:23:56.665676 | c3f17fc7-e399-4d6b-8bec-7a82a75821f7 ==============================
[0m08:23:56.665676 [info ] [MainThread]: Running with dbt=1.11.8
[0m08:23:56.666161 [debug] [MainThread]: running dbt with arguments {'profiles_dir': '/Users/home/.dbt', 'introspect': 'True', 'warn_error': 'None', 'use_experimental_parser': 'False', 'cache_selected_only': 'False', 'log_path': '/Users/home/PycharmProjects/chorusinnovations/chorus-data-engineering-interview/dbt/logs', 'invocation_command': 'dbt parse', 'no_print': 'None', 'use_colors': 'True', 'log_format': 'default', 'fail_fast': 'False', 'write_json': 'True', 'send_anonymous_usage_stats': 'True', 'warn_error_options': 'WarnErrorOptionsV2(error=[], warn=[], silence=[])', 'target_path': 'None', 'partial_parse': 'True', 'log_cache_events': 'False', 'printer_width': '80', 'indirect_selection': 'eager', 'debug': 'False', 'version_check': 'True', 'static_parser': 'True', 'quiet': 'False', 'empty': 'None'}
[0m08:23:56.846296 [debug] [MainThread]: Sending event: {'category': 'dbt', 'action': 'project_id', 'label': 'c3f17fc7-e399-4d6b-8bec-7a82a75821f7', 'context': [<snowplow_tracker.self_describing_json.SelfDescribingJson object at 0x10dbf7850>]}
[0m08:23:56.900492 [debug] [MainThread]: Sending event: {'category': 'dbt', 'action': 'adapter_info', 'label': 'c3f17fc7-e399-4d6b-8bec-7a82a75821f7', 'context': [<snowplow_tracker.self_describing_json.SelfDescribingJson object at 0x10ae9d450>]}
[0m08:23:56.902031 [info ] [MainThread]: Registered adapter: postgres=1.10.0
[0m08:23:56.999806 [debug] [MainThread]: checksum: 7d524ac048c2100769df89d592e662e060a73ca564e31bd9c2a37efdfe8d8ab6, vars: {}, profile: , target: , version: 1.11.8
[0m08:23:57.000583 [info ] [MainThread]: Unable to do partial parsing because saved manifest not found. Starting full parse.
[0m08:23:57.000908 [debug] [MainThread]: Sending event: {'category': 'dbt', 'action': 'partial_parser', 'label': 'c3f17fc7-e399-4d6b-8bec-7a82a75821f7', 'context': [<snowplow_tracker.self_describing_json.SelfDescribingJson object at 0x10dc33290>]}
[0m08:23:58.524067 [debug] [MainThread]: Sending event: {'category': 'dbt', 'action': 'load_project', 'label': 'c3f17fc7-e399-4d6b-8bec-7a82a75821f7', 'context': [<snowplow_tracker.self_describing_json.SelfDescribingJson object at 0x10cab5390>]}
[0m08:23:58.527562 [info ] [MainThread]: Performance info: /Users/home/PycharmProjects/chorusinnovations/chorus-data-engineering-interview/dbt/target/perf_info.json
[0m08:23:58.662964 [debug] [MainThread]: Wrote artifact WritableManifest to /Users/home/PycharmProjects/chorusinnovations/chorus-data-engineering-interview/dbt/target/manifest.json
[0m08:23:58.665532 [debug] [MainThread]: Wrote artifact SemanticManifest to /Users/home/PycharmProjects/chorusinnovations/chorus-data-engineering-interview/dbt/target/semantic_manifest.json
[0m08:23:58.668873 [debug] [MainThread]: Resource report: {"command_name": "parse", "command_success": true, "command_wall_clock_time": 2.079138, "process_in_blocks": "0", "process_kernel_time": 0.318029, "process_mem_max_rss": "139051008", "process_out_blocks": "0", "process_user_time": 3.014189}
[0m08:23:58.669286 [debug] [MainThread]: Command `dbt parse` succeeded at 08:23:58.669208 after 2.08 seconds
[0m08:23:58.669581 [debug] [MainThread]: Sending event: {'category': 'dbt', 'action': 'invocation', 'label': 'end', 'context': [<snowplow_tracker.self_describing_json.SelfDescribingJson object at 0x104919fd0>, <snowplow_tracker.self_describing_json.SelfDescribingJson object at 0x10994a810>, <snowplow_tracker.self_describing_json.SelfDescribingJson object at 0x10994a690>]}
[0m08:23:58.669933 [debug] [MainThread]: Flushing usage events
[0m08:23:59.079445 [debug] [MainThread]: An error was encountered while trying to flush usage events
[0m08:24:15.762225 [debug] [MainThread]: Sending event: {'category': 'dbt', 'action': 'invocation', 'label': 'start', 'context': [<snowplow_tracker.self_describing_json.SelfDescribingJson object at 0x10a34dd10>, <snowplow_tracker.self_describing_json.SelfDescribingJson object at 0x10a378550>, <snowplow_tracker.self_describing_json.SelfDescribingJson object at 0x10a378e50>]}


============================== 08:24:15.766153 | 69f3c29d-bb66-4986-b605-754f9fc889ef ==============================
[0m08:24:15.766153 [info ] [MainThread]: Running with dbt=1.11.8
[0m08:24:15.766663 [debug] [MainThread]: running dbt with arguments {'write_json': 'True', 'invocation_command': 'dbt run', 'send_anonymous_usage_stats': 'True', 'warn_error_options': 'WarnErrorOptionsV2(error=[], warn=[], silence=[])', 'no_print': 'None', 'use_experimental_parser': 'False', 'introspect': 'True', 'partial_parse': 'True', 'printer_width': '80', 'version_check': 'True', 'warn_error': 'None', 'log_cache_events': 'False', 'debug': 'False', 'empty': 'False', 'target_path': 'None', 'fail_fast': 'False', 'log_format': 'default', 'indirect_selection': 'eager', 'quiet': 'False', 'use_colors': 'True', 'log_path': '/Users/home/PycharmProjects/chorusinnovations/chorus-data-engineering-interview/dbt/logs', 'cache_selected_only': 'False', 'profiles_dir': '/Users/home/.dbt', 'static_parser': 'True'}
[0m08:24:15.944592 [debug] [MainThread]: Sending event: {'category': 'dbt', 'action': 'project_id', 'label': '69f3c29d-bb66-4986-b605-754f9fc889ef', 'context': [<snowplow_tracker.self_describing_json.SelfDescribingJson object at 0x10a8177d0>]}
[0m08:24:15.997317 [debug] [MainThread]: Sending event: {'category': 'dbt', 'action': 'adapter_info', 'label': '69f3c29d-bb66-4986-b605-754f9fc889ef', 'context': [<snowplow_tracker.self_describing_json.SelfDescribingJson object at 0x107544050>]}
[0m08:24:15.998802 [info ] [MainThread]: Registered adapter: postgres=1.10.0
[0m08:24:16.098795 [debug] [MainThread]: checksum: 7d524ac048c2100769df89d592e662e060a73ca564e31bd9c2a37efdfe8d8ab6, vars: {}, profile: , target: , version: 1.11.8
[0m08:24:16.248713 [debug] [MainThread]: Partial parsing enabled: 0 files deleted, 0 files added, 0 files changed.
[0m08:24:16.249081 [debug] [MainThread]: Nothing changed, skipping partial parsing.
[0m08:24:16.249307 [debug] [MainThread]: Partial parsing enabled, no changes found, skipping parsing
[0m08:24:16.323921 [debug] [MainThread]: Sending event: {'category': 'dbt', 'action': 'load_project', 'label': '69f3c29d-bb66-4986-b605-754f9fc889ef', 'context': [<snowplow_tracker.self_describing_json.SelfDescribingJson object at 0x10b1f0090>]}
[0m08:24:16.415731 [debug] [MainThread]: Wrote artifact WritableManifest to /Users/home/PycharmProjects/chorusinnovations/chorus-data-engineering-interview/dbt/target/manifest.json
[0m08:24:16.417694 [debug] [MainThread]: Wrote artifact SemanticManifest to /Users/home/PycharmProjects/chorusinnovations/chorus-data-engineering-interview/dbt/target/semantic_manifest.json
[0m08:24:16.429879 [debug] [MainThread]: Sending event: {'category': 'dbt', 'action': 'resource_counts', 'label': '69f3c29d-bb66-4986-b605-754f9fc889ef', 'context': [<snowplow_tracker.self_describing_json.SelfDescribingJson object at 0x10afefd90>]}
[0m08:24:16.430266 [info ] [MainThread]: Found 21 models, 34 data tests, 9 sources, 579 macros
[0m08:24:16.430528 [debug] [MainThread]: Sending event: {'category': 'dbt', 'action': 'runnable_timing', 'label': '69f3c29d-bb66-4986-b605-754f9fc889ef', 'context': [<snowplow_tracker.self_describing_json.SelfDescribingJson object at 0x10a891890>]}
[0m08:24:16.433050 [info ] [MainThread]: 
[0m08:24:16.433305 [info ] [MainThread]: Concurrency: 4 threads (target='dev')
[0m08:24:16.433505 [info ] [MainThread]: 
[0m08:24:16.433845 [debug] [MainThread]: Acquiring new postgres connection 'master'
[0m08:24:16.437932 [debug] [ThreadPool]: Acquiring new postgres connection 'list_postgres'
[0m08:24:16.485770 [debug] [ThreadPool]: Using postgres connection "list_postgres"
[0m08:24:16.486070 [debug] [ThreadPool]: On list_postgres: /* {"app": "dbt", "dbt_version": "1.11.8", "profile_name": "chorus_data_engineer_interview", "target_name": "dev", "connection_name": "list_postgres"} */

    select distinct nspname from pg_namespace
  
[0m08:24:16.486288 [debug] [ThreadPool]: Opening a new connection, currently in state init
[0m08:24:16.587843 [debug] [ThreadPool]: SQL status: SELECT 4 in 0.101 seconds
[0m08:24:16.588926 [debug] [ThreadPool]: On list_postgres: Close
[0m08:24:16.590850 [debug] [ThreadPool]: Re-using an available connection from the pool (formerly list_postgres, now list_postgres_public)
[0m08:24:16.595866 [debug] [ThreadPool]: Using postgres connection "list_postgres_public"
[0m08:24:16.596163 [debug] [ThreadPool]: On list_postgres_public: /* {"app": "dbt", "dbt_version": "1.11.8", "profile_name": "chorus_data_engineer_interview", "target_name": "dev", "connection_name": "list_postgres_public"} */
select
      'postgres' as database,
      tablename as name,
      schemaname as schema,
      'table' as type
    from pg_tables
    where schemaname ilike 'public'
    union all
    select
      'postgres' as database,
      viewname as name,
      schemaname as schema,
      'view' as type
    from pg_views
    where schemaname ilike 'public'
    union all
    select
      'postgres' as database,
      matviewname as name,
      schemaname as schema,
      'materialized_view' as type
    from pg_matviews
    where schemaname ilike 'public'
  
[0m08:24:16.596402 [debug] [ThreadPool]: Opening a new connection, currently in state closed
[0m08:24:16.609373 [debug] [ThreadPool]: SQL status: SELECT 33 in 0.013 seconds
[0m08:24:16.610951 [debug] [ThreadPool]: On list_postgres_public: ROLLBACK
[0m08:24:16.612334 [debug] [ThreadPool]: On list_postgres_public: Close
[0m08:24:16.619791 [debug] [MainThread]: Using postgres connection "master"
[0m08:24:16.620133 [debug] [MainThread]: On master: /* {"app": "dbt", "dbt_version": "1.11.8", "profile_name": "chorus_data_engineer_interview", "target_name": "dev", "connection_name": "master"} */
select distinct
        dependent_namespace.nspname as dependent_schema,
        dependent_class.relname as dependent_name,
        referenced_namespace.nspname as referenced_schema,
        referenced_class.relname as referenced_name

    -- Query for views: views are entries in pg_class with an entry in pg_rewrite, but we avoid
    -- a seq scan on pg_rewrite by leveraging the fact there is an "internal" row in pg_depend for
    -- the view...
    from pg_class as dependent_class
    join pg_namespace as dependent_namespace on dependent_namespace.oid = dependent_class.relnamespace
    join pg_depend as dependent_depend on dependent_depend.refobjid = dependent_class.oid
        and dependent_depend.classid = 'pg_rewrite'::regclass
        and dependent_depend.refclassid = 'pg_class'::regclass
        and dependent_depend.deptype = 'i'

    -- ... and via pg_depend (that has a row per column, hence the need for "distinct" above, and
    -- making sure to exclude the internal row to avoid a view appearing to depend on itself)...
    join pg_depend as joining_depend on joining_depend.objid = dependent_depend.objid
        and joining_depend.classid = 'pg_rewrite'::regclass
        and joining_depend.refclassid = 'pg_class'::regclass
        and joining_depend.refobjid != dependent_depend.refobjid

    -- ... we can find the tables they query from in pg_class, but excluding system tables. Note we
    -- don't need need to exclude _dependent_ system tables, because they only query from other
    -- system tables, and so are automatically excluded by excluding _referenced_ system tables
    join pg_class as referenced_class on referenced_class.oid = joining_depend.refobjid
    join pg_namespace as referenced_namespace on referenced_namespace.oid = referenced_class.relnamespace
        and referenced_namespace.nspname != 'information_schema'
        and referenced_namespace.nspname not like 'pg\_%'

    order by
        dependent_schema, dependent_name, referenced_schema, referenced_name;
[0m08:24:16.620423 [debug] [MainThread]: Opening a new connection, currently in state init
[0m08:24:16.634719 [debug] [MainThread]: SQL status: SELECT 35 in 0.014 seconds
[0m08:24:16.639685 [debug] [MainThread]: Sending event: {'category': 'dbt', 'action': 'runnable_timing', 'label': '69f3c29d-bb66-4986-b605-754f9fc889ef', 'context': [<snowplow_tracker.self_describing_json.SelfDescribingJson object at 0x10b5f4d50>]}
[0m08:24:16.640011 [debug] [MainThread]: On master: ROLLBACK
[0m08:24:16.641115 [debug] [MainThread]: On master: COMMIT
[0m08:24:16.641390 [debug] [MainThread]: Using postgres connection "master"
[0m08:24:16.641613 [debug] [MainThread]: On master: COMMIT
[0m08:24:16.643481 [debug] [MainThread]: SQL status: COMMIT in 0.002 seconds
[0m08:24:16.643764 [debug] [MainThread]: On master: Close
[0m08:24:16.646970 [debug] [Thread-1 (]: Began running node model.chorus_data_engineer_interview.all_active_patients
[0m08:24:16.647284 [debug] [Thread-2 (]: Began running node model.chorus_data_engineer_interview.avg_encounter_per_patient
[0m08:24:16.647934 [debug] [Thread-3 (]: Began running node model.chorus_data_engineer_interview.encounters_per_specific_patient
[0m08:24:16.647631 [info ] [Thread-1 (]: 1 of 21 START sql view model public.all_active_patients ........................ [RUN]
[0m08:24:16.648264 [debug] [Thread-4 (]: Began running node model.chorus_data_engineer_interview.observations_per_specific_patient
[0m08:24:16.648606 [info ] [Thread-2 (]: 2 of 21 START sql view model public.avg_encounter_per_patient .................. [RUN]
[0m08:24:16.648962 [info ] [Thread-3 (]: 3 of 21 START sql view model public.encounters_per_specific_patient ............ [RUN]
[0m08:24:16.649289 [debug] [Thread-1 (]: Re-using an available connection from the pool (formerly list_postgres_public, now model.chorus_data_engineer_interview.all_active_patients)
[0m08:24:16.649614 [info ] [Thread-4 (]: 4 of 21 START sql view model public.observations_per_specific_patient .......... [RUN]
[0m08:24:16.649969 [debug] [Thread-2 (]: Acquiring new postgres connection 'model.chorus_data_engineer_interview.avg_encounter_per_patient'
[0m08:24:16.650281 [debug] [Thread-3 (]: Acquiring new postgres connection 'model.chorus_data_engineer_interview.encounters_per_specific_patient'
[0m08:24:16.650527 [debug] [Thread-1 (]: Began compiling node model.chorus_data_engineer_interview.all_active_patients
[0m08:24:16.650935 [debug] [Thread-4 (]: Acquiring new postgres connection 'model.chorus_data_engineer_interview.observations_per_specific_patient'
[0m08:24:16.651239 [debug] [Thread-2 (]: Began compiling node model.chorus_data_engineer_interview.avg_encounter_per_patient
[0m08:24:16.651499 [debug] [Thread-3 (]: Began compiling node model.chorus_data_engineer_interview.encounters_per_specific_patient
[0m08:24:16.657391 [debug] [Thread-1 (]: Writing injected SQL for node "model.chorus_data_engineer_interview.all_active_patients"
[0m08:24:16.657700 [debug] [Thread-4 (]: Began compiling node model.chorus_data_engineer_interview.observations_per_specific_patient
[0m08:24:16.659899 [debug] [Thread-2 (]: Writing injected SQL for node "model.chorus_data_engineer_interview.avg_encounter_per_patient"
[0m08:24:16.662825 [debug] [Thread-3 (]: Writing injected SQL for node "model.chorus_data_engineer_interview.encounters_per_specific_patient"
[0m08:24:16.665980 [debug] [Thread-4 (]: Writing injected SQL for node "model.chorus_data_engineer_interview.observations_per_specific_patient"
[0m08:24:16.666834 [debug] [Thread-3 (]: Began executing node model.chorus_data_engineer_interview.encounters_per_specific_patient
[0m08:24:16.667143 [debug] [Thread-4 (]: Began executing node model.chorus_data_engineer_interview.observations_per_specific_patient
[0m08:24:16.667368 [debug] [Thread-1 (]: Began executing node model.chorus_data_engineer_interview.all_active_patients
[0m08:24:16.679134 [debug] [Thread-2 (]: Began executing node model.chorus_data_engineer_interview.avg_encounter_per_patient
[0m08:24:16.696917 [debug] [Thread-3 (]: Writing runtime sql for node "model.chorus_data_engineer_interview.encounters_per_specific_patient"
[0m08:24:16.700097 [debug] [Thread-4 (]: Writing runtime sql for node "model.chorus_data_engineer_interview.observations_per_specific_patient"
[0m08:24:16.703109 [debug] [Thread-1 (]: Writing runtime sql for node "model.chorus_data_engineer_interview.all_active_patients"
[0m08:24:16.706153 [debug] [Thread-2 (]: Writing runtime sql for node "model.chorus_data_engineer_interview.avg_encounter_per_patient"
[0m08:24:16.707236 [debug] [Thread-1 (]: Using postgres connection "model.chorus_data_engineer_interview.all_active_patients"
[0m08:24:16.707554 [debug] [Thread-3 (]: Using postgres connection "model.chorus_data_engineer_interview.encounters_per_specific_patient"
[0m08:24:16.707874 [debug] [Thread-4 (]: Using postgres connection "model.chorus_data_engineer_interview.observations_per_specific_patient"
[0m08:24:16.708163 [debug] [Thread-1 (]: On model.chorus_data_engineer_interview.all_active_patients: /* {"app": "dbt", "dbt_version": "1.11.8", "profile_name": "chorus_data_engineer_interview", "target_name": "dev", "node_id": "model.chorus_data_engineer_interview.all_active_patients"} */

  create view "postgres"."public"."all_active_patients__dbt_tmp"
    
    
  as (
    /* Write a query to return all patients who are active. */

SELECT
  id,
  identifier,
  gender
FROM "postgres"."public"."Patient"
WHERE active = true
  );
[0m08:24:16.708566 [debug] [Thread-3 (]: On model.chorus_data_engineer_interview.encounters_per_specific_patient: /* {"app": "dbt", "dbt_version": "1.11.8", "profile_name": "chorus_data_engineer_interview", "target_name": "dev", "node_id": "model.chorus_data_engineer_interview.encounters_per_specific_patient"} */

  create view "postgres"."public"."encounters_per_specific_patient__dbt_tmp"
    
    
  as (
    /*
Given a patient_id, retrieve all encounters for that patient, including the status and encounter date.
*/

SELECT
  id,
  status,
  encounter_date
FROM "postgres"."public"."Patient"
JOIN "postgres"."public"."Encounter"
    ON "postgres"."public"."Patient".id = "postgres"."public"."Encounter".patient_id
WHERE "postgres"."public"."Patient".id = {var('patient_id')}
  );
[0m08:24:16.708870 [debug] [Thread-2 (]: Using postgres connection "model.chorus_data_engineer_interview.avg_encounter_per_patient"
[0m08:24:16.709176 [debug] [Thread-4 (]: On model.chorus_data_engineer_interview.observations_per_specific_patient: /* {"app": "dbt", "dbt_version": "1.11.8", "profile_name": "chorus_data_engineer_interview", "target_name": "dev", "node_id": "model.chorus_data_engineer_interview.observations_per_specific_patient"} */

  create view "postgres"."public"."observations_per_specific_patient__dbt_tmp"
    
    
  as (
    /*
Write a query to fetch all observations for a given patient_id, showing the observation type, value, unit, and recorded date.
*/

SELECT
  patient_id,
  type,
  value,
  unit,
  recorded_at
FROM "postgres"."public"."Patient"
JOIN "postgres"."public"."Observation"
    ON "postgres"."public"."Patient".id = "postgres"."public"."Observation".patient_id
WHERE "postgres"."public"."Patient".id = {var('patient_id')}
  );
[0m08:24:16.709462 [debug] [Thread-1 (]: Opening a new connection, currently in state closed
[0m08:24:16.709715 [debug] [Thread-3 (]: Opening a new connection, currently in state init
[0m08:24:16.709989 [debug] [Thread-2 (]: On model.chorus_data_engineer_interview.avg_encounter_per_patient: /* {"app": "dbt", "dbt_version": "1.11.8", "profile_name": "chorus_data_engineer_interview", "target_name": "dev", "node_id": "model.chorus_data_engineer_interview.avg_encounter_per_patient"} */

  create view "postgres"."public"."avg_encounter_per_patient__dbt_tmp"
    
    
  as (
    /*
 Calculate the average number of encounters per patient, rounded to two decimal places.
 */

WITH encounter_counts AS (
    SELECT
        patient_id,
        COUNT(*) AS encounter_count
    FROM "postgres"."public"."Encounter"
    GROUP BY patient_id
)

SELECT
    ROUND(AVG(encounter_count), 2) AS avg_encounters_per_patient
FROM encounter_counts
  );
[0m08:24:16.710253 [debug] [Thread-4 (]: Opening a new connection, currently in state init
[0m08:24:16.710690 [debug] [Thread-2 (]: Opening a new connection, currently in state init
[0m08:24:16.723099 [debug] [Thread-4 (]: Postgres adapter: Postgres error: syntax error at or near "{"
LINE 20: WHERE "postgres"."public"."Patient".id = {var('patient_id')}
                                                  ^

[0m08:24:16.723470 [debug] [Thread-4 (]: On model.chorus_data_engineer_interview.observations_per_specific_patient: ROLLBACK
[0m08:24:16.725048 [debug] [Thread-4 (]: On model.chorus_data_engineer_interview.observations_per_specific_patient: Close
[0m08:24:16.725711 [debug] [Thread-3 (]: Postgres adapter: Postgres error: syntax error at or near "{"
LINE 18: WHERE "postgres"."public"."Patient".id = {var('patient_id')}
                                                  ^

[0m08:24:16.733064 [debug] [Thread-3 (]: On model.chorus_data_engineer_interview.encounters_per_specific_patient: ROLLBACK
[0m08:24:16.734646 [debug] [Thread-1 (]: SQL status: CREATE VIEW in 0.025 seconds
[0m08:24:16.747900 [debug] [Thread-2 (]: SQL status: CREATE VIEW in 0.037 seconds
[0m08:24:16.748277 [debug] [Thread-3 (]: On model.chorus_data_engineer_interview.encounters_per_specific_patient: Close
[0m08:24:16.750568 [debug] [Thread-1 (]: Using postgres connection "model.chorus_data_engineer_interview.all_active_patients"
[0m08:24:16.753456 [debug] [Thread-2 (]: Using postgres connection "model.chorus_data_engineer_interview.avg_encounter_per_patient"
[0m08:24:16.755244 [debug] [Thread-1 (]: On model.chorus_data_engineer_interview.all_active_patients: /* {"app": "dbt", "dbt_version": "1.11.8", "profile_name": "chorus_data_engineer_interview", "target_name": "dev", "node_id": "model.chorus_data_engineer_interview.all_active_patients"} */
alter table "postgres"."public"."all_active_patients" rename to "all_active_patients__dbt_backup"
[0m08:24:16.755833 [debug] [Thread-2 (]: On model.chorus_data_engineer_interview.avg_encounter_per_patient: /* {"app": "dbt", "dbt_version": "1.11.8", "profile_name": "chorus_data_engineer_interview", "target_name": "dev", "node_id": "model.chorus_data_engineer_interview.avg_encounter_per_patient"} */
alter table "postgres"."public"."avg_encounter_per_patient" rename to "avg_encounter_per_patient__dbt_backup"
[0m08:24:16.760429 [debug] [Thread-1 (]: SQL status: ALTER TABLE in 0.004 seconds
[0m08:24:16.760712 [debug] [Thread-2 (]: SQL status: ALTER TABLE in 0.004 seconds
[0m08:24:16.763231 [debug] [Thread-1 (]: Using postgres connection "model.chorus_data_engineer_interview.all_active_patients"
[0m08:24:16.765829 [debug] [Thread-2 (]: Using postgres connection "model.chorus_data_engineer_interview.avg_encounter_per_patient"
[0m08:24:16.766183 [debug] [Thread-1 (]: On model.chorus_data_engineer_interview.all_active_patients: /* {"app": "dbt", "dbt_version": "1.11.8", "profile_name": "chorus_data_engineer_interview", "target_name": "dev", "node_id": "model.chorus_data_engineer_interview.all_active_patients"} */
alter table "postgres"."public"."all_active_patients__dbt_tmp" rename to "all_active_patients"
[0m08:24:16.766772 [debug] [Thread-2 (]: On model.chorus_data_engineer_interview.avg_encounter_per_patient: /* {"app": "dbt", "dbt_version": "1.11.8", "profile_name": "chorus_data_engineer_interview", "target_name": "dev", "node_id": "model.chorus_data_engineer_interview.avg_encounter_per_patient"} */
alter table "postgres"."public"."avg_encounter_per_patient__dbt_tmp" rename to "avg_encounter_per_patient"
[0m08:24:16.768444 [debug] [Thread-1 (]: SQL status: ALTER TABLE in 0.001 seconds
[0m08:24:16.769775 [debug] [Thread-3 (]: Database Error in model encounters_per_specific_patient (models/queries/01_beginner/encounters_per_specific_patient.sql)
  syntax error at or near "{"
  LINE 18: WHERE "postgres"."public"."Patient".id = {var('patient_id')}
                                                    ^
  compiled code at target/run/chorus_data_engineer_interview/models/queries/01_beginner/encounters_per_specific_patient.sql
[0m08:24:16.770062 [debug] [Thread-2 (]: SQL status: ALTER TABLE in 0.003 seconds
[0m08:24:16.771084 [debug] [Thread-4 (]: Database Error in model observations_per_specific_patient (models/queries/01_beginner/observations_per_specific_patient.sql)
  syntax error at or near "{"
  LINE 20: WHERE "postgres"."public"."Patient".id = {var('patient_id')}
                                                    ^
  compiled code at target/run/chorus_data_engineer_interview/models/queries/01_beginner/observations_per_specific_patient.sql
[0m08:24:16.786023 [debug] [Thread-1 (]: On model.chorus_data_engineer_interview.all_active_patients: COMMIT
[0m08:24:16.788131 [debug] [Thread-2 (]: On model.chorus_data_engineer_interview.avg_encounter_per_patient: COMMIT
[0m08:24:16.788567 [debug] [Thread-1 (]: Using postgres connection "model.chorus_data_engineer_interview.all_active_patients"
[0m08:24:16.788867 [debug] [Thread-3 (]: Sending event: {'category': 'dbt', 'action': 'run_model', 'label': '69f3c29d-bb66-4986-b605-754f9fc889ef', 'context': [<snowplow_tracker.self_describing_json.SelfDescribingJson object at 0x10b714390>]}
[0m08:24:16.789111 [debug] [Thread-4 (]: Sending event: {'category': 'dbt', 'action': 'run_model', 'label': '69f3c29d-bb66-4986-b605-754f9fc889ef', 'context': [<snowplow_tracker.self_describing_json.SelfDescribingJson object at 0x10b597390>]}
[0m08:24:16.789383 [debug] [Thread-2 (]: Using postgres connection "model.chorus_data_engineer_interview.avg_encounter_per_patient"
[0m08:24:16.789637 [debug] [Thread-1 (]: On model.chorus_data_engineer_interview.all_active_patients: COMMIT
[0m08:24:16.790123 [error] [Thread-3 (]: 3 of 21 ERROR creating sql view model public.encounters_per_specific_patient ... [[31mERROR[0m in 0.14s]
[0m08:24:16.790595 [error] [Thread-4 (]: 4 of 21 ERROR creating sql view model public.observations_per_specific_patient . [[31mERROR[0m in 0.14s]
[0m08:24:16.790888 [debug] [Thread-2 (]: On model.chorus_data_engineer_interview.avg_encounter_per_patient: COMMIT
[0m08:24:16.791316 [debug] [Thread-3 (]: Finished running node model.chorus_data_engineer_interview.encounters_per_specific_patient
[0m08:24:16.791683 [debug] [Thread-4 (]: Finished running node model.chorus_data_engineer_interview.observations_per_specific_patient
[0m08:24:16.792059 [debug] [Thread-3 (]: Began running node model.chorus_data_engineer_interview.patient_multi_practitioners
[0m08:24:16.792403 [debug] [Thread-7 (]: Marking all children of 'model.chorus_data_engineer_interview.encounters_per_specific_patient' to be skipped because of status 'error'.  Reason: Database Error in model encounters_per_specific_patient (models/queries/01_beginner/encounters_per_specific_patient.sql)
  syntax error at or near "{"
  LINE 18: WHERE "postgres"."public"."Patient".id = {var('patient_id')}
                                                    ^
  compiled code at target/run/chorus_data_engineer_interview/models/queries/01_beginner/encounters_per_specific_patient.sql.
[0m08:24:16.792837 [debug] [Thread-4 (]: Began running node model.chorus_data_engineer_interview.patient_prescription_wo_encounter
[0m08:24:16.793285 [info ] [Thread-3 (]: 5 of 21 START sql view model public.patient_multi_practitioners ................ [RUN]
[0m08:24:16.793614 [debug] [Thread-2 (]: SQL status: COMMIT in 0.002 seconds
[0m08:24:16.793855 [debug] [Thread-1 (]: SQL status: COMMIT in 0.003 seconds
[0m08:24:16.794652 [debug] [Thread-7 (]: Marking all children of 'model.chorus_data_engineer_interview.observations_per_specific_patient' to be skipped because of status 'error'.  Reason: Database Error in model observations_per_specific_patient (models/queries/01_beginner/observations_per_specific_patient.sql)
  syntax error at or near "{"
  LINE 20: WHERE "postgres"."public"."Patient".id = {var('patient_id')}
                                                    ^
  compiled code at target/run/chorus_data_engineer_interview/models/queries/01_beginner/observations_per_specific_patient.sql.
[0m08:24:16.795027 [info ] [Thread-4 (]: 6 of 21 START sql view model public.patient_prescription_wo_encounter .......... [RUN]
[0m08:24:16.795353 [debug] [Thread-3 (]: Re-using an available connection from the pool (formerly model.chorus_data_engineer_interview.encounters_per_specific_patient, now model.chorus_data_engineer_interview.patient_multi_practitioners)
[0m08:24:16.801871 [debug] [Thread-2 (]: Applying DROP to: "postgres"."public"."avg_encounter_per_patient__dbt_backup"
[0m08:24:16.803807 [debug] [Thread-1 (]: Applying DROP to: "postgres"."public"."all_active_patients__dbt_backup"
[0m08:24:16.804187 [debug] [Thread-4 (]: Re-using an available connection from the pool (formerly model.chorus_data_engineer_interview.observations_per_specific_patient, now model.chorus_data_engineer_interview.patient_prescription_wo_encounter)
[0m08:24:16.804469 [debug] [Thread-3 (]: Began compiling node model.chorus_data_engineer_interview.patient_multi_practitioners
[0m08:24:16.808529 [debug] [Thread-2 (]: Using postgres connection "model.chorus_data_engineer_interview.avg_encounter_per_patient"
[0m08:24:16.809068 [debug] [Thread-1 (]: Using postgres connection "model.chorus_data_engineer_interview.all_active_patients"
[0m08:24:16.809340 [debug] [Thread-4 (]: Began compiling node model.chorus_data_engineer_interview.patient_prescription_wo_encounter
[0m08:24:16.811558 [debug] [Thread-3 (]: Writing injected SQL for node "model.chorus_data_engineer_interview.patient_multi_practitioners"
[0m08:24:16.811840 [debug] [Thread-2 (]: On model.chorus_data_engineer_interview.avg_encounter_per_patient: /* {"app": "dbt", "dbt_version": "1.11.8", "profile_name": "chorus_data_engineer_interview", "target_name": "dev", "node_id": "model.chorus_data_engineer_interview.avg_encounter_per_patient"} */
drop view if exists "postgres"."public"."avg_encounter_per_patient__dbt_backup" cascade
[0m08:24:16.812105 [debug] [Thread-1 (]: On model.chorus_data_engineer_interview.all_active_patients: /* {"app": "dbt", "dbt_version": "1.11.8", "profile_name": "chorus_data_engineer_interview", "target_name": "dev", "node_id": "model.chorus_data_engineer_interview.all_active_patients"} */
drop view if exists "postgres"."public"."all_active_patients__dbt_backup" cascade
[0m08:24:16.814428 [debug] [Thread-4 (]: Writing injected SQL for node "model.chorus_data_engineer_interview.patient_prescription_wo_encounter"
[0m08:24:16.815114 [debug] [Thread-3 (]: Began executing node model.chorus_data_engineer_interview.patient_multi_practitioners
[0m08:24:16.815397 [debug] [Thread-4 (]: Began executing node model.chorus_data_engineer_interview.patient_prescription_wo_encounter
[0m08:24:16.818600 [debug] [Thread-3 (]: Writing runtime sql for node "model.chorus_data_engineer_interview.patient_multi_practitioners"
[0m08:24:16.818893 [debug] [Thread-2 (]: SQL status: DROP VIEW in 0.004 seconds
[0m08:24:16.819173 [debug] [Thread-1 (]: SQL status: DROP VIEW in 0.004 seconds
[0m08:24:16.822244 [debug] [Thread-4 (]: Writing runtime sql for node "model.chorus_data_engineer_interview.patient_prescription_wo_encounter"
[0m08:24:16.824115 [debug] [Thread-2 (]: On model.chorus_data_engineer_interview.avg_encounter_per_patient: Close
[0m08:24:16.825172 [debug] [Thread-1 (]: On model.chorus_data_engineer_interview.all_active_patients: Close
[0m08:24:16.825852 [debug] [Thread-3 (]: Using postgres connection "model.chorus_data_engineer_interview.patient_multi_practitioners"
[0m08:24:16.826291 [debug] [Thread-2 (]: Sending event: {'category': 'dbt', 'action': 'run_model', 'label': '69f3c29d-bb66-4986-b605-754f9fc889ef', 'context': [<snowplow_tracker.self_describing_json.SelfDescribingJson object at 0x10b56e6d0>]}
[0m08:24:16.826707 [debug] [Thread-1 (]: Sending event: {'category': 'dbt', 'action': 'run_model', 'label': '69f3c29d-bb66-4986-b605-754f9fc889ef', 'context': [<snowplow_tracker.self_describing_json.SelfDescribingJson object at 0x10b56d890>]}
[0m08:24:16.827112 [debug] [Thread-3 (]: On model.chorus_data_engineer_interview.patient_multi_practitioners: /* {"app": "dbt", "dbt_version": "1.11.8", "profile_name": "chorus_data_engineer_interview", "target_name": "dev", "node_id": "model.chorus_data_engineer_interview.patient_multi_practitioners"} */

  create view "postgres"."public"."patient_multi_practitioners__dbt_tmp"
    
    
  as (
    /*
Write a query to return a list of patient IDs who have had encounters with more than one distinct practitioner.
 */

WITH practitioner_counts AS (
    SELECT
        patient_id,
        COUNT(DISTINCT practitioner_id) AS distinct_practitioners
    FROM "postgres"."public"."Encounter"
    GROUP BY patient_id
)

SELECT
    patient_id
FROM practitioner_counts
WHERE distinct_practitioners > 1
  );
[0m08:24:16.827454 [debug] [Thread-4 (]: Using postgres connection "model.chorus_data_engineer_interview.patient_prescription_wo_encounter"
[0m08:24:16.827916 [info ] [Thread-2 (]: 2 of 21 OK created sql view model public.avg_encounter_per_patient ............. [[32mCREATE VIEW[0m in 0.18s]
[0m08:24:16.828387 [info ] [Thread-1 (]: 1 of 21 OK created sql view model public.all_active_patients ................... [[32mCREATE VIEW[0m in 0.18s]
[0m08:24:16.828817 [debug] [Thread-3 (]: Opening a new connection, currently in state closed
[0m08:24:16.829150 [debug] [Thread-4 (]: On model.chorus_data_engineer_interview.patient_prescription_wo_encounter: /* {"app": "dbt", "dbt_version": "1.11.8", "profile_name": "chorus_data_engineer_interview", "target_name": "dev", "node_id": "model.chorus_data_engineer_interview.patient_prescription_wo_encounter"} */

  create view "postgres"."public"."patient_prescription_wo_encounter__dbt_tmp"
    
    
  as (
    /*
 Write a query to find patients who have a record in the MedicationRequest table but no associated encounters in the Encounter table.
 */

WITH

patients_with_medication_requests AS (
    SELECT DISTINCT patient_id
    FROM "postgres"."public"."MedicationRequest"
),

patients_with_encounters AS (
    SELECT DISTINCT patient_id
    FROM "postgres"."public"."Encounter"
)

SELECT
    patient_id
FROM patients_with_medication_requests
WHERE patient_id NOT IN (SELECT patient_id FROM patients_with_encounters)
  );
[0m08:24:16.829572 [debug] [Thread-2 (]: Finished running node model.chorus_data_engineer_interview.avg_encounter_per_patient
[0m08:24:16.829988 [debug] [Thread-1 (]: Finished running node model.chorus_data_engineer_interview.all_active_patients
[0m08:24:16.830391 [debug] [Thread-4 (]: Opening a new connection, currently in state closed
[0m08:24:16.830696 [debug] [Thread-2 (]: Began running node model.chorus_data_engineer_interview.patient_retention_per_cohort
[0m08:24:16.831061 [debug] [Thread-1 (]: Began running node model.chorus_data_engineer_interview.practictioner_no_prescriptions
[0m08:24:16.831585 [info ] [Thread-2 (]: 7 of 21 START sql view model public.patient_retention_per_cohort ............... [RUN]
[0m08:24:16.831964 [info ] [Thread-1 (]: 8 of 21 START sql view model public.practictioner_no_prescriptions ............. [RUN]
[0m08:24:16.832301 [debug] [Thread-2 (]: Re-using an available connection from the pool (formerly model.chorus_data_engineer_interview.avg_encounter_per_patient, now model.chorus_data_engineer_interview.patient_retention_per_cohort)
[0m08:24:16.832609 [debug] [Thread-1 (]: Re-using an available connection from the pool (formerly model.chorus_data_engineer_interview.all_active_patients, now model.chorus_data_engineer_interview.practictioner_no_prescriptions)
[0m08:24:16.832935 [debug] [Thread-2 (]: Began compiling node model.chorus_data_engineer_interview.patient_retention_per_cohort
[0m08:24:16.833232 [debug] [Thread-1 (]: Began compiling node model.chorus_data_engineer_interview.practictioner_no_prescriptions
[0m08:24:16.837004 [debug] [Thread-2 (]: Writing injected SQL for node "model.chorus_data_engineer_interview.patient_retention_per_cohort"
[0m08:24:16.839595 [debug] [Thread-1 (]: Writing injected SQL for node "model.chorus_data_engineer_interview.practictioner_no_prescriptions"
[0m08:24:16.840402 [debug] [Thread-2 (]: Began executing node model.chorus_data_engineer_interview.patient_retention_per_cohort
[0m08:24:16.845070 [debug] [Thread-2 (]: Writing runtime sql for node "model.chorus_data_engineer_interview.patient_retention_per_cohort"
[0m08:24:16.845361 [debug] [Thread-3 (]: SQL status: CREATE VIEW in 0.017 seconds
[0m08:24:16.845675 [debug] [Thread-4 (]: SQL status: CREATE VIEW in 0.015 seconds
[0m08:24:16.846011 [debug] [Thread-1 (]: Began executing node model.chorus_data_engineer_interview.practictioner_no_prescriptions
[0m08:24:16.848813 [debug] [Thread-3 (]: Using postgres connection "model.chorus_data_engineer_interview.patient_multi_practitioners"
[0m08:24:16.851659 [debug] [Thread-4 (]: Using postgres connection "model.chorus_data_engineer_interview.patient_prescription_wo_encounter"
[0m08:24:16.854979 [debug] [Thread-1 (]: Writing runtime sql for node "model.chorus_data_engineer_interview.practictioner_no_prescriptions"
[0m08:24:16.855265 [debug] [Thread-2 (]: Using postgres connection "model.chorus_data_engineer_interview.patient_retention_per_cohort"
[0m08:24:16.855548 [debug] [Thread-3 (]: On model.chorus_data_engineer_interview.patient_multi_practitioners: /* {"app": "dbt", "dbt_version": "1.11.8", "profile_name": "chorus_data_engineer_interview", "target_name": "dev", "node_id": "model.chorus_data_engineer_interview.patient_multi_practitioners"} */
alter table "postgres"."public"."patient_multi_practitioners" rename to "patient_multi_practitioners__dbt_backup"
[0m08:24:16.855876 [debug] [Thread-4 (]: On model.chorus_data_engineer_interview.patient_prescription_wo_encounter: /* {"app": "dbt", "dbt_version": "1.11.8", "profile_name": "chorus_data_engineer_interview", "target_name": "dev", "node_id": "model.chorus_data_engineer_interview.patient_prescription_wo_encounter"} */
alter table "postgres"."public"."patient_prescription_wo_encounter" rename to "patient_prescription_wo_encounter__dbt_backup"
[0m08:24:16.856338 [debug] [Thread-2 (]: On model.chorus_data_engineer_interview.patient_retention_per_cohort: /* {"app": "dbt", "dbt_version": "1.11.8", "profile_name": "chorus_data_engineer_interview", "target_name": "dev", "node_id": "model.chorus_data_engineer_interview.patient_retention_per_cohort"} */

  create view "postgres"."public"."patient_retention_per_cohort__dbt_tmp"
    
    
  as (
    /*
Write a query to count how many patients had their first encounter in each month (YYYY-MM format) and still had at least one encounter in the following six months.
*/

WITH

first_encounters AS (
    SELECT
        patient_id,
        MIN(encounter_date) AS first_encounter_date
    FROM "postgres"."public"."Encounter"
    GROUP BY patient_id
),

retained_patients AS (
    SELECT
        fe.patient_id,
        fe.first_encounter_date,
        DATE_TRUNC('month', fe.first_encounter_date) AS first_encounter_month,
        MAX(e.encounter_date) AS last_encounter_date
    FROM first_encounters fe
    JOIN "postgres"."public"."Encounter" e ON fe.patient_id = e.patient_id
    WHERE e.encounter_date >= fe.first_encounter_date
    GROUP BY fe.patient_id, fe.first_encounter_date
)

SELECT
    first_encounter_month,
    COUNT(DISTINCT patient_id) AS retained_patients_count
FROM retained_patients
WHERE last_encounter_date >= first_encounter_date + INTERVAL '6 months'
GROUP BY first_encounter_month
ORDER BY first_encounter_month
  );
[0m08:24:16.856790 [debug] [Thread-1 (]: Using postgres connection "model.chorus_data_engineer_interview.practictioner_no_prescriptions"
[0m08:24:16.857131 [debug] [Thread-2 (]: Opening a new connection, currently in state closed
[0m08:24:16.857470 [debug] [Thread-1 (]: On model.chorus_data_engineer_interview.practictioner_no_prescriptions: /* {"app": "dbt", "dbt_version": "1.11.8", "profile_name": "chorus_data_engineer_interview", "target_name": "dev", "node_id": "model.chorus_data_engineer_interview.practictioner_no_prescriptions"} */

  create view "postgres"."public"."practictioner_no_prescriptions__dbt_tmp"
    
    
  as (
    /*
 Write a query to find all practitioners who do not appear in the MedicationRequest table as a prescribing practitioner.
 */

WITH prescribing_practitioners AS (
    SELECT DISTINCT practitioner_id
    FROM "postgres"."public"."MedicationRequest"
)

SELECT
    id AS practitioner_id,
    name,
    specialty
FROM "postgres"."public"."Practitioner"
WHERE id NOT IN (SELECT practitioner_id FROM prescribing_practitioners)
  );
[0m08:24:16.857868 [debug] [Thread-1 (]: Opening a new connection, currently in state closed
[0m08:24:16.858687 [debug] [Thread-3 (]: SQL status: ALTER TABLE in 0.002 seconds
[0m08:24:16.859019 [debug] [Thread-4 (]: SQL status: ALTER TABLE in 0.002 seconds
[0m08:24:16.861882 [debug] [Thread-3 (]: Using postgres connection "model.chorus_data_engineer_interview.patient_multi_practitioners"
[0m08:24:16.864372 [debug] [Thread-4 (]: Using postgres connection "model.chorus_data_engineer_interview.patient_prescription_wo_encounter"
[0m08:24:16.864672 [debug] [Thread-3 (]: On model.chorus_data_engineer_interview.patient_multi_practitioners: /* {"app": "dbt", "dbt_version": "1.11.8", "profile_name": "chorus_data_engineer_interview", "target_name": "dev", "node_id": "model.chorus_data_engineer_interview.patient_multi_practitioners"} */
alter table "postgres"."public"."patient_multi_practitioners__dbt_tmp" rename to "patient_multi_practitioners"
[0m08:24:16.865066 [debug] [Thread-4 (]: On model.chorus_data_engineer_interview.patient_prescription_wo_encounter: /* {"app": "dbt", "dbt_version": "1.11.8", "profile_name": "chorus_data_engineer_interview", "target_name": "dev", "node_id": "model.chorus_data_engineer_interview.patient_prescription_wo_encounter"} */
alter table "postgres"."public"."patient_prescription_wo_encounter__dbt_tmp" rename to "patient_prescription_wo_encounter"
[0m08:24:16.866495 [debug] [Thread-4 (]: SQL status: ALTER TABLE in 0.001 seconds
[0m08:24:16.866838 [debug] [Thread-3 (]: SQL status: ALTER TABLE in 0.001 seconds
[0m08:24:16.867997 [debug] [Thread-4 (]: On model.chorus_data_engineer_interview.patient_prescription_wo_encounter: COMMIT
[0m08:24:16.869069 [debug] [Thread-3 (]: On model.chorus_data_engineer_interview.patient_multi_practitioners: COMMIT
[0m08:24:16.869396 [debug] [Thread-4 (]: Using postgres connection "model.chorus_data_engineer_interview.patient_prescription_wo_encounter"
[0m08:24:16.869673 [debug] [Thread-1 (]: SQL status: CREATE VIEW in 0.012 seconds
[0m08:24:16.869939 [debug] [Thread-3 (]: Using postgres connection "model.chorus_data_engineer_interview.patient_multi_practitioners"
[0m08:24:16.870224 [debug] [Thread-4 (]: On model.chorus_data_engineer_interview.patient_prescription_wo_encounter: COMMIT
[0m08:24:16.873223 [debug] [Thread-1 (]: Using postgres connection "model.chorus_data_engineer_interview.practictioner_no_prescriptions"
[0m08:24:16.873489 [debug] [Thread-2 (]: SQL status: CREATE VIEW in 0.016 seconds
[0m08:24:16.873762 [debug] [Thread-3 (]: On model.chorus_data_engineer_interview.patient_multi_practitioners: COMMIT
[0m08:24:16.874077 [debug] [Thread-1 (]: On model.chorus_data_engineer_interview.practictioner_no_prescriptions: /* {"app": "dbt", "dbt_version": "1.11.8", "profile_name": "chorus_data_engineer_interview", "target_name": "dev", "node_id": "model.chorus_data_engineer_interview.practictioner_no_prescriptions"} */
alter table "postgres"."public"."practictioner_no_prescriptions" rename to "practictioner_no_prescriptions__dbt_backup"
[0m08:24:16.876817 [debug] [Thread-2 (]: Using postgres connection "model.chorus_data_engineer_interview.patient_retention_per_cohort"
[0m08:24:16.877135 [debug] [Thread-4 (]: SQL status: COMMIT in 0.003 seconds
[0m08:24:16.877519 [debug] [Thread-2 (]: On model.chorus_data_engineer_interview.patient_retention_per_cohort: /* {"app": "dbt", "dbt_version": "1.11.8", "profile_name": "chorus_data_engineer_interview", "target_name": "dev", "node_id": "model.chorus_data_engineer_interview.patient_retention_per_cohort"} */
alter table "postgres"."public"."patient_retention_per_cohort" rename to "patient_retention_per_cohort__dbt_backup"
[0m08:24:16.879567 [debug] [Thread-4 (]: Applying DROP to: "postgres"."public"."patient_prescription_wo_encounter__dbt_backup"
[0m08:24:16.879838 [debug] [Thread-3 (]: SQL status: COMMIT in 0.002 seconds
[0m08:24:16.880072 [debug] [Thread-1 (]: SQL status: ALTER TABLE in 0.003 seconds
[0m08:24:16.880644 [debug] [Thread-4 (]: Using postgres connection "model.chorus_data_engineer_interview.patient_prescription_wo_encounter"
[0m08:24:16.883812 [debug] [Thread-3 (]: Applying DROP to: "postgres"."public"."patient_multi_practitioners__dbt_backup"
[0m08:24:16.884081 [debug] [Thread-2 (]: SQL status: ALTER TABLE in 0.004 seconds
[0m08:24:16.886344 [debug] [Thread-1 (]: Using postgres connection "model.chorus_data_engineer_interview.practictioner_no_prescriptions"
[0m08:24:16.886625 [debug] [Thread-4 (]: On model.chorus_data_engineer_interview.patient_prescription_wo_encounter: /* {"app": "dbt", "dbt_version": "1.11.8", "profile_name": "chorus_data_engineer_interview", "target_name": "dev", "node_id": "model.chorus_data_engineer_interview.patient_prescription_wo_encounter"} */
drop view if exists "postgres"."public"."patient_prescription_wo_encounter__dbt_backup" cascade
[0m08:24:16.887134 [debug] [Thread-3 (]: Using postgres connection "model.chorus_data_engineer_interview.patient_multi_practitioners"
[0m08:24:16.889358 [debug] [Thread-2 (]: Using postgres connection "model.chorus_data_engineer_interview.patient_retention_per_cohort"
[0m08:24:16.889634 [debug] [Thread-1 (]: On model.chorus_data_engineer_interview.practictioner_no_prescriptions: /* {"app": "dbt", "dbt_version": "1.11.8", "profile_name": "chorus_data_engineer_interview", "target_name": "dev", "node_id": "model.chorus_data_engineer_interview.practictioner_no_prescriptions"} */
alter table "postgres"."public"."practictioner_no_prescriptions__dbt_tmp" rename to "practictioner_no_prescriptions"
[0m08:24:16.889947 [debug] [Thread-3 (]: On model.chorus_data_engineer_interview.patient_multi_practitioners: /* {"app": "dbt", "dbt_version": "1.11.8", "profile_name": "chorus_data_engineer_interview", "target_name": "dev", "node_id": "model.chorus_data_engineer_interview.patient_multi_practitioners"} */
drop view if exists "postgres"."public"."patient_multi_practitioners__dbt_backup" cascade
[0m08:24:16.890247 [debug] [Thread-2 (]: On model.chorus_data_engineer_interview.patient_retention_per_cohort: /* {"app": "dbt", "dbt_version": "1.11.8", "profile_name": "chorus_data_engineer_interview", "target_name": "dev", "node_id": "model.chorus_data_engineer_interview.patient_retention_per_cohort"} */
alter table "postgres"."public"."patient_retention_per_cohort__dbt_tmp" rename to "patient_retention_per_cohort"
[0m08:24:16.892871 [debug] [Thread-4 (]: SQL status: DROP VIEW in 0.003 seconds
[0m08:24:16.893135 [debug] [Thread-1 (]: SQL status: ALTER TABLE in 0.003 seconds
[0m08:24:16.893370 [debug] [Thread-2 (]: SQL status: ALTER TABLE in 0.003 seconds
[0m08:24:16.893662 [debug] [Thread-3 (]: SQL status: DROP VIEW in 0.003 seconds
[0m08:24:16.894580 [debug] [Thread-4 (]: On model.chorus_data_engineer_interview.patient_prescription_wo_encounter: Close
[0m08:24:16.895710 [debug] [Thread-1 (]: On model.chorus_data_engineer_interview.practictioner_no_prescriptions: COMMIT
[0m08:24:16.896774 [debug] [Thread-2 (]: On model.chorus_data_engineer_interview.patient_retention_per_cohort: COMMIT
[0m08:24:16.897615 [debug] [Thread-3 (]: On model.chorus_data_engineer_interview.patient_multi_practitioners: Close
[0m08:24:16.898038 [debug] [Thread-4 (]: Sending event: {'category': 'dbt', 'action': 'run_model', 'label': '69f3c29d-bb66-4986-b605-754f9fc889ef', 'context': [<snowplow_tracker.self_describing_json.SelfDescribingJson object at 0x10b7d02d0>]}
[0m08:24:16.898306 [debug] [Thread-1 (]: Using postgres connection "model.chorus_data_engineer_interview.practictioner_no_prescriptions"
[0m08:24:16.898594 [debug] [Thread-2 (]: Using postgres connection "model.chorus_data_engineer_interview.patient_retention_per_cohort"
[0m08:24:16.898982 [debug] [Thread-3 (]: Sending event: {'category': 'dbt', 'action': 'run_model', 'label': '69f3c29d-bb66-4986-b605-754f9fc889ef', 'context': [<snowplow_tracker.self_describing_json.SelfDescribingJson object at 0x10b595d90>]}
[0m08:24:16.899558 [info ] [Thread-4 (]: 6 of 21 OK created sql view model public.patient_prescription_wo_encounter ..... [[32mCREATE VIEW[0m in 0.09s]
[0m08:24:16.899881 [debug] [Thread-1 (]: On model.chorus_data_engineer_interview.practictioner_no_prescriptions: COMMIT
[0m08:24:16.900138 [debug] [Thread-2 (]: On model.chorus_data_engineer_interview.patient_retention_per_cohort: COMMIT
[0m08:24:16.900577 [info ] [Thread-3 (]: 5 of 21 OK created sql view model public.patient_multi_practitioners ........... [[32mCREATE VIEW[0m in 0.10s]
[0m08:24:16.901039 [debug] [Thread-4 (]: Finished running node model.chorus_data_engineer_interview.patient_prescription_wo_encounter
[0m08:24:16.901551 [debug] [Thread-3 (]: Finished running node model.chorus_data_engineer_interview.patient_multi_practitioners
[0m08:24:16.901883 [debug] [Thread-4 (]: Began running node model.chorus_data_engineer_interview.recent_patient_encounters
[0m08:24:16.902280 [debug] [Thread-3 (]: Began running node model.chorus_data_engineer_interview.stg_encounters
[0m08:24:16.902941 [debug] [Thread-2 (]: SQL status: COMMIT in 0.002 seconds
[0m08:24:16.902729 [info ] [Thread-4 (]: 9 of 21 START sql view model public.recent_patient_encounters .................. [RUN]
[0m08:24:16.903239 [debug] [Thread-1 (]: SQL status: COMMIT in 0.002 seconds
[0m08:24:16.903565 [info ] [Thread-3 (]: 10 of 21 START sql view model public.stg_encounters ............................ [RUN]
[0m08:24:16.905612 [debug] [Thread-2 (]: Applying DROP to: "postgres"."public"."patient_retention_per_cohort__dbt_backup"
[0m08:24:16.905925 [debug] [Thread-4 (]: Re-using an available connection from the pool (formerly model.chorus_data_engineer_interview.patient_prescription_wo_encounter, now model.chorus_data_engineer_interview.recent_patient_encounters)
[0m08:24:16.907881 [debug] [Thread-1 (]: Applying DROP to: "postgres"."public"."practictioner_no_prescriptions__dbt_backup"
[0m08:24:16.908171 [debug] [Thread-3 (]: Re-using an available connection from the pool (formerly model.chorus_data_engineer_interview.patient_multi_practitioners, now model.chorus_data_engineer_interview.stg_encounters)
[0m08:24:16.908675 [debug] [Thread-2 (]: Using postgres connection "model.chorus_data_engineer_interview.patient_retention_per_cohort"
[0m08:24:16.908944 [debug] [Thread-4 (]: Began compiling node model.chorus_data_engineer_interview.recent_patient_encounters
[0m08:24:16.909425 [debug] [Thread-1 (]: Using postgres connection "model.chorus_data_engineer_interview.practictioner_no_prescriptions"
[0m08:24:16.909670 [debug] [Thread-3 (]: Began compiling node model.chorus_data_engineer_interview.stg_encounters
[0m08:24:16.909931 [debug] [Thread-2 (]: On model.chorus_data_engineer_interview.patient_retention_per_cohort: /* {"app": "dbt", "dbt_version": "1.11.8", "profile_name": "chorus_data_engineer_interview", "target_name": "dev", "node_id": "model.chorus_data_engineer_interview.patient_retention_per_cohort"} */
drop view if exists "postgres"."public"."patient_retention_per_cohort__dbt_backup" cascade
[0m08:24:16.912198 [debug] [Thread-4 (]: Writing injected SQL for node "model.chorus_data_engineer_interview.recent_patient_encounters"
[0m08:24:16.912492 [debug] [Thread-1 (]: On model.chorus_data_engineer_interview.practictioner_no_prescriptions: /* {"app": "dbt", "dbt_version": "1.11.8", "profile_name": "chorus_data_engineer_interview", "target_name": "dev", "node_id": "model.chorus_data_engineer_interview.practictioner_no_prescriptions"} */
drop view if exists "postgres"."public"."practictioner_no_prescriptions__dbt_backup" cascade
[0m08:24:16.914559 [debug] [Thread-3 (]: Writing injected SQL for node "model.chorus_data_engineer_interview.stg_encounters"
[0m08:24:16.915245 [debug] [Thread-4 (]: Began executing node model.chorus_data_engineer_interview.recent_patient_encounters
[0m08:24:16.918602 [debug] [Thread-4 (]: Writing runtime sql for node "model.chorus_data_engineer_interview.recent_patient_encounters"
[0m08:24:16.918890 [debug] [Thread-2 (]: SQL status: DROP VIEW in 0.004 seconds
[0m08:24:16.919138 [debug] [Thread-1 (]: SQL status: DROP VIEW in 0.004 seconds
[0m08:24:16.920189 [debug] [Thread-2 (]: On model.chorus_data_engineer_interview.patient_retention_per_cohort: Close
[0m08:24:16.920457 [debug] [Thread-3 (]: Began executing node model.chorus_data_engineer_interview.stg_encounters
[0m08:24:16.921518 [debug] [Thread-1 (]: On model.chorus_data_engineer_interview.practictioner_no_prescriptions: Close
[0m08:24:16.925359 [debug] [Thread-3 (]: Writing runtime sql for node "model.chorus_data_engineer_interview.stg_encounters"
[0m08:24:16.925887 [debug] [Thread-2 (]: Sending event: {'category': 'dbt', 'action': 'run_model', 'label': '69f3c29d-bb66-4986-b605-754f9fc889ef', 'context': [<snowplow_tracker.self_describing_json.SelfDescribingJson object at 0x10b56ef10>]}
[0m08:24:16.926229 [debug] [Thread-4 (]: Using postgres connection "model.chorus_data_engineer_interview.recent_patient_encounters"
[0m08:24:16.926720 [debug] [Thread-1 (]: Sending event: {'category': 'dbt', 'action': 'run_model', 'label': '69f3c29d-bb66-4986-b605-754f9fc889ef', 'context': [<snowplow_tracker.self_describing_json.SelfDescribingJson object at 0x10b5563d0>]}
[0m08:24:16.927328 [info ] [Thread-2 (]: 7 of 21 OK created sql view model public.patient_retention_per_cohort .......... [[32mCREATE VIEW[0m in 0.09s]
[0m08:24:16.927727 [debug] [Thread-4 (]: On model.chorus_data_engineer_interview.recent_patient_encounters: /* {"app": "dbt", "dbt_version": "1.11.8", "profile_name": "chorus_data_engineer_interview", "target_name": "dev", "node_id": "model.chorus_data_engineer_interview.recent_patient_encounters"} */

  create view "postgres"."public"."recent_patient_encounters__dbt_tmp"
    
    
  as (
    /*
Retrieve each patient’s most recent encounter (based on encounter_date). Return the patient_id, encounter_date, and status.
*/

WITH ranked_encounters AS (
    SELECT
        patient_id,
        encounter_date,
        status,
        ROW_NUMBER() OVER (PARTITION BY patient_id ORDER BY encounter_date DESC) AS rn
    FROM "postgres"."public"."Encounter"
)

SELECT
    patient_id,
    encounter_date,
    status
FROM ranked_encounters
WHERE rn = 1
  );
[0m08:24:16.928221 [info ] [Thread-1 (]: 8 of 21 OK created sql view model public.practictioner_no_prescriptions ........ [[32mCREATE VIEW[0m in 0.09s]
[0m08:24:16.928525 [debug] [Thread-3 (]: Using postgres connection "model.chorus_data_engineer_interview.stg_encounters"
[0m08:24:16.929135 [debug] [Thread-2 (]: Finished running node model.chorus_data_engineer_interview.patient_retention_per_cohort
[0m08:24:16.929432 [debug] [Thread-4 (]: Opening a new connection, currently in state closed
[0m08:24:16.929798 [debug] [Thread-1 (]: Finished running node model.chorus_data_engineer_interview.practictioner_no_prescriptions
[0m08:24:16.930067 [debug] [Thread-3 (]: On model.chorus_data_engineer_interview.stg_encounters: /* {"app": "dbt", "dbt_version": "1.11.8", "profile_name": "chorus_data_engineer_interview", "target_name": "dev", "node_id": "model.chorus_data_engineer_interview.stg_encounters"} */

  create view "postgres"."public"."stg_encounters__dbt_tmp"
    
    
  as (
    SELECT
  id,
  patient_id,
  practitioner_id,
  status,
  encounter_date,
  reason,
  created_at
FROM "postgres"."public"."Encounter"
  );
[0m08:24:16.930367 [debug] [Thread-2 (]: Began running node model.chorus_data_engineer_interview.stg_medicationrequests
[0m08:24:16.930810 [debug] [Thread-1 (]: Began running node model.chorus_data_engineer_interview.stg_observations
[0m08:24:16.931098 [debug] [Thread-3 (]: Opening a new connection, currently in state closed
[0m08:24:16.931435 [info ] [Thread-2 (]: 11 of 21 START sql view model public.stg_medicationrequests .................... [RUN]
[0m08:24:16.931906 [info ] [Thread-1 (]: 12 of 21 START sql view model public.stg_observations .......................... [RUN]
[0m08:24:16.932693 [debug] [Thread-2 (]: Re-using an available connection from the pool (formerly model.chorus_data_engineer_interview.patient_retention_per_cohort, now model.chorus_data_engineer_interview.stg_medicationrequests)
[0m08:24:16.934074 [debug] [Thread-1 (]: Re-using an available connection from the pool (formerly model.chorus_data_engineer_interview.practictioner_no_prescriptions, now model.chorus_data_engineer_interview.stg_observations)
[0m08:24:16.934907 [debug] [Thread-2 (]: Began compiling node model.chorus_data_engineer_interview.stg_medicationrequests
[0m08:24:16.935192 [debug] [Thread-1 (]: Began compiling node model.chorus_data_engineer_interview.stg_observations
[0m08:24:16.937793 [debug] [Thread-2 (]: Writing injected SQL for node "model.chorus_data_engineer_interview.stg_medicationrequests"
[0m08:24:16.941964 [debug] [Thread-1 (]: Writing injected SQL for node "model.chorus_data_engineer_interview.stg_observations"
[0m08:24:16.942251 [debug] [Thread-3 (]: SQL status: CREATE VIEW in 0.011 seconds
[0m08:24:16.942671 [debug] [Thread-4 (]: SQL status: CREATE VIEW in 0.013 seconds
[0m08:24:16.945752 [debug] [Thread-3 (]: Using postgres connection "model.chorus_data_engineer_interview.stg_encounters"
[0m08:24:16.946020 [debug] [Thread-2 (]: Began executing node model.chorus_data_engineer_interview.stg_medicationrequests
[0m08:24:16.948583 [debug] [Thread-4 (]: Using postgres connection "model.chorus_data_engineer_interview.recent_patient_encounters"
[0m08:24:16.948881 [debug] [Thread-3 (]: On model.chorus_data_engineer_interview.stg_encounters: /* {"app": "dbt", "dbt_version": "1.11.8", "profile_name": "chorus_data_engineer_interview", "target_name": "dev", "node_id": "model.chorus_data_engineer_interview.stg_encounters"} */
alter table "postgres"."public"."stg_encounters" rename to "stg_encounters__dbt_backup"
[0m08:24:16.952266 [debug] [Thread-2 (]: Writing runtime sql for node "model.chorus_data_engineer_interview.stg_medicationrequests"
[0m08:24:16.952592 [debug] [Thread-4 (]: On model.chorus_data_engineer_interview.recent_patient_encounters: /* {"app": "dbt", "dbt_version": "1.11.8", "profile_name": "chorus_data_engineer_interview", "target_name": "dev", "node_id": "model.chorus_data_engineer_interview.recent_patient_encounters"} */
alter table "postgres"."public"."recent_patient_encounters" rename to "recent_patient_encounters__dbt_backup"
[0m08:24:16.952879 [debug] [Thread-1 (]: Began executing node model.chorus_data_engineer_interview.stg_observations
[0m08:24:16.956142 [debug] [Thread-1 (]: Writing runtime sql for node "model.chorus_data_engineer_interview.stg_observations"
[0m08:24:16.956475 [debug] [Thread-3 (]: SQL status: ALTER TABLE in 0.003 seconds
[0m08:24:16.956727 [debug] [Thread-4 (]: SQL status: ALTER TABLE in 0.003 seconds
[0m08:24:16.957071 [debug] [Thread-2 (]: Using postgres connection "model.chorus_data_engineer_interview.stg_medicationrequests"
[0m08:24:16.959359 [debug] [Thread-3 (]: Using postgres connection "model.chorus_data_engineer_interview.stg_encounters"
[0m08:24:16.961652 [debug] [Thread-4 (]: Using postgres connection "model.chorus_data_engineer_interview.recent_patient_encounters"
[0m08:24:16.961964 [debug] [Thread-2 (]: On model.chorus_data_engineer_interview.stg_medicationrequests: /* {"app": "dbt", "dbt_version": "1.11.8", "profile_name": "chorus_data_engineer_interview", "target_name": "dev", "node_id": "model.chorus_data_engineer_interview.stg_medicationrequests"} */

  create view "postgres"."public"."stg_medicationrequests__dbt_tmp"
    
    
  as (
    SELECT
    id,
    patient_id,
    practitioner_id,
    medication_name,
    dosage,
    status,
    created_at
FROM "postgres"."public"."MedicationRequest"
  );
[0m08:24:16.962270 [debug] [Thread-1 (]: Using postgres connection "model.chorus_data_engineer_interview.stg_observations"
[0m08:24:16.962506 [debug] [Thread-3 (]: On model.chorus_data_engineer_interview.stg_encounters: /* {"app": "dbt", "dbt_version": "1.11.8", "profile_name": "chorus_data_engineer_interview", "target_name": "dev", "node_id": "model.chorus_data_engineer_interview.stg_encounters"} */
alter table "postgres"."public"."stg_encounters__dbt_tmp" rename to "stg_encounters"
[0m08:24:16.962780 [debug] [Thread-4 (]: On model.chorus_data_engineer_interview.recent_patient_encounters: /* {"app": "dbt", "dbt_version": "1.11.8", "profile_name": "chorus_data_engineer_interview", "target_name": "dev", "node_id": "model.chorus_data_engineer_interview.recent_patient_encounters"} */
alter table "postgres"."public"."recent_patient_encounters__dbt_tmp" rename to "recent_patient_encounters"
[0m08:24:16.963028 [debug] [Thread-2 (]: Opening a new connection, currently in state closed
[0m08:24:16.963276 [debug] [Thread-1 (]: On model.chorus_data_engineer_interview.stg_observations: /* {"app": "dbt", "dbt_version": "1.11.8", "profile_name": "chorus_data_engineer_interview", "target_name": "dev", "node_id": "model.chorus_data_engineer_interview.stg_observations"} */

  create view "postgres"."public"."stg_observations__dbt_tmp"
    
    
  as (
    SELECT
  id,
  patient_id,
  encounter_id,
  type,
  value,
  unit,
  recorded_at
FROM "postgres"."public"."Observation"
  );
[0m08:24:16.963825 [debug] [Thread-1 (]: Opening a new connection, currently in state closed
[0m08:24:16.965369 [debug] [Thread-4 (]: SQL status: ALTER TABLE in 0.002 seconds
[0m08:24:16.966128 [debug] [Thread-3 (]: SQL status: ALTER TABLE in 0.003 seconds
[0m08:24:16.968169 [debug] [Thread-4 (]: On model.chorus_data_engineer_interview.recent_patient_encounters: COMMIT
[0m08:24:16.969702 [debug] [Thread-3 (]: On model.chorus_data_engineer_interview.stg_encounters: COMMIT
[0m08:24:16.970007 [debug] [Thread-4 (]: Using postgres connection "model.chorus_data_engineer_interview.recent_patient_encounters"
[0m08:24:16.970268 [debug] [Thread-3 (]: Using postgres connection "model.chorus_data_engineer_interview.stg_encounters"
[0m08:24:16.970517 [debug] [Thread-4 (]: On model.chorus_data_engineer_interview.recent_patient_encounters: COMMIT
[0m08:24:16.970755 [debug] [Thread-3 (]: On model.chorus_data_engineer_interview.stg_encounters: COMMIT
[0m08:24:16.972990 [debug] [Thread-4 (]: SQL status: COMMIT in 0.002 seconds
[0m08:24:16.975091 [debug] [Thread-4 (]: Applying DROP to: "postgres"."public"."recent_patient_encounters__dbt_backup"
[0m08:24:16.975365 [debug] [Thread-3 (]: SQL status: COMMIT in 0.004 seconds
[0m08:24:16.975631 [debug] [Thread-1 (]: SQL status: CREATE VIEW in 0.012 seconds
[0m08:24:16.976162 [debug] [Thread-4 (]: Using postgres connection "model.chorus_data_engineer_interview.recent_patient_encounters"
[0m08:24:16.976399 [debug] [Thread-2 (]: SQL status: CREATE VIEW in 0.013 seconds
[0m08:24:16.979668 [debug] [Thread-3 (]: Applying DROP to: "postgres"."public"."stg_encounters__dbt_backup"
[0m08:24:16.982211 [debug] [Thread-1 (]: Using postgres connection "model.chorus_data_engineer_interview.stg_observations"
[0m08:24:16.982490 [debug] [Thread-4 (]: On model.chorus_data_engineer_interview.recent_patient_encounters: /* {"app": "dbt", "dbt_version": "1.11.8", "profile_name": "chorus_data_engineer_interview", "target_name": "dev", "node_id": "model.chorus_data_engineer_interview.recent_patient_encounters"} */
drop view if exists "postgres"."public"."recent_patient_encounters__dbt_backup" cascade
[0m08:24:16.985217 [debug] [Thread-2 (]: Using postgres connection "model.chorus_data_engineer_interview.stg_medicationrequests"
[0m08:24:16.985755 [debug] [Thread-3 (]: Using postgres connection "model.chorus_data_engineer_interview.stg_encounters"
[0m08:24:16.986032 [debug] [Thread-1 (]: On model.chorus_data_engineer_interview.stg_observations: /* {"app": "dbt", "dbt_version": "1.11.8", "profile_name": "chorus_data_engineer_interview", "target_name": "dev", "node_id": "model.chorus_data_engineer_interview.stg_observations"} */
alter table "postgres"."public"."stg_observations" rename to "stg_observations__dbt_backup"
[0m08:24:16.986370 [debug] [Thread-2 (]: On model.chorus_data_engineer_interview.stg_medicationrequests: /* {"app": "dbt", "dbt_version": "1.11.8", "profile_name": "chorus_data_engineer_interview", "target_name": "dev", "node_id": "model.chorus_data_engineer_interview.stg_medicationrequests"} */
alter table "postgres"."public"."stg_medicationrequests" rename to "stg_medicationrequests__dbt_backup"
[0m08:24:16.986675 [debug] [Thread-3 (]: On model.chorus_data_engineer_interview.stg_encounters: /* {"app": "dbt", "dbt_version": "1.11.8", "profile_name": "chorus_data_engineer_interview", "target_name": "dev", "node_id": "model.chorus_data_engineer_interview.stg_encounters"} */
drop view if exists "postgres"."public"."stg_encounters__dbt_backup" cascade
[0m08:24:16.988234 [debug] [Thread-2 (]: SQL status: ALTER TABLE in 0.001 seconds
[0m08:24:16.990699 [debug] [Thread-2 (]: Using postgres connection "model.chorus_data_engineer_interview.stg_medicationrequests"
[0m08:24:16.990966 [debug] [Thread-3 (]: SQL status: DROP VIEW in 0.004 seconds
[0m08:24:16.991227 [debug] [Thread-1 (]: SQL status: ALTER TABLE in 0.004 seconds
[0m08:24:16.991481 [debug] [Thread-4 (]: SQL status: DROP VIEW in 0.005 seconds
[0m08:24:16.991764 [debug] [Thread-2 (]: On model.chorus_data_engineer_interview.stg_medicationrequests: /* {"app": "dbt", "dbt_version": "1.11.8", "profile_name": "chorus_data_engineer_interview", "target_name": "dev", "node_id": "model.chorus_data_engineer_interview.stg_medicationrequests"} */
alter table "postgres"."public"."stg_medicationrequests__dbt_tmp" rename to "stg_medicationrequests"
[0m08:24:16.992685 [debug] [Thread-3 (]: On model.chorus_data_engineer_interview.stg_encounters: Close
[0m08:24:16.994985 [debug] [Thread-1 (]: Using postgres connection "model.chorus_data_engineer_interview.stg_observations"
[0m08:24:16.995851 [debug] [Thread-4 (]: On model.chorus_data_engineer_interview.recent_patient_encounters: Close
[0m08:24:16.996299 [debug] [Thread-3 (]: Sending event: {'category': 'dbt', 'action': 'run_model', 'label': '69f3c29d-bb66-4986-b605-754f9fc889ef', 'context': [<snowplow_tracker.self_describing_json.SelfDescribingJson object at 0x10b725350>]}
[0m08:24:16.996552 [debug] [Thread-1 (]: On model.chorus_data_engineer_interview.stg_observations: /* {"app": "dbt", "dbt_version": "1.11.8", "profile_name": "chorus_data_engineer_interview", "target_name": "dev", "node_id": "model.chorus_data_engineer_interview.stg_observations"} */
alter table "postgres"."public"."stg_observations__dbt_tmp" rename to "stg_observations"
[0m08:24:16.996907 [debug] [Thread-4 (]: Sending event: {'category': 'dbt', 'action': 'run_model', 'label': '69f3c29d-bb66-4986-b605-754f9fc889ef', 'context': [<snowplow_tracker.self_describing_json.SelfDescribingJson object at 0x10b901450>]}
[0m08:24:16.997451 [info ] [Thread-3 (]: 10 of 21 OK created sql view model public.stg_encounters ....................... [[32mCREATE VIEW[0m in 0.09s]
[0m08:24:16.997788 [debug] [Thread-2 (]: SQL status: ALTER TABLE in 0.002 seconds
[0m08:24:16.998218 [info ] [Thread-4 (]: 9 of 21 OK created sql view model public.recent_patient_encounters ............. [[32mCREATE VIEW[0m in 0.09s]
[0m08:24:16.998784 [debug] [Thread-3 (]: Finished running node model.chorus_data_engineer_interview.stg_encounters
[0m08:24:17.000075 [debug] [Thread-2 (]: On model.chorus_data_engineer_interview.stg_medicationrequests: COMMIT
[0m08:24:17.000332 [debug] [Thread-1 (]: SQL status: ALTER TABLE in 0.002 seconds
[0m08:24:17.000699 [debug] [Thread-4 (]: Finished running node model.chorus_data_engineer_interview.recent_patient_encounters
[0m08:24:17.000999 [debug] [Thread-3 (]: Began running node model.chorus_data_engineer_interview.stg_patients
[0m08:24:17.001304 [debug] [Thread-2 (]: Using postgres connection "model.chorus_data_engineer_interview.stg_medicationrequests"
[0m08:24:17.002365 [debug] [Thread-1 (]: On model.chorus_data_engineer_interview.stg_observations: COMMIT
[0m08:24:17.002839 [debug] [Thread-4 (]: Began running node model.chorus_data_engineer_interview.stg_people
[0m08:24:17.003225 [info ] [Thread-3 (]: 13 of 21 START sql view model public.stg_patients .............................. [RUN]
[0m08:24:17.003520 [debug] [Thread-2 (]: On model.chorus_data_engineer_interview.stg_medicationrequests: COMMIT
[0m08:24:17.003788 [debug] [Thread-1 (]: Using postgres connection "model.chorus_data_engineer_interview.stg_observations"
[0m08:24:17.004122 [info ] [Thread-4 (]: 14 of 21 START sql view model public.stg_people ................................ [RUN]
[0m08:24:17.004446 [debug] [Thread-3 (]: Re-using an available connection from the pool (formerly model.chorus_data_engineer_interview.stg_encounters, now model.chorus_data_engineer_interview.stg_patients)
[0m08:24:17.004765 [debug] [Thread-1 (]: On model.chorus_data_engineer_interview.stg_observations: COMMIT
[0m08:24:17.005055 [debug] [Thread-4 (]: Re-using an available connection from the pool (formerly model.chorus_data_engineer_interview.recent_patient_encounters, now model.chorus_data_engineer_interview.stg_people)
[0m08:24:17.005323 [debug] [Thread-3 (]: Began compiling node model.chorus_data_engineer_interview.stg_patients
[0m08:24:17.005670 [debug] [Thread-4 (]: Began compiling node model.chorus_data_engineer_interview.stg_people
[0m08:24:17.008562 [debug] [Thread-3 (]: Writing injected SQL for node "model.chorus_data_engineer_interview.stg_patients"
[0m08:24:17.008827 [debug] [Thread-2 (]: SQL status: COMMIT in 0.004 seconds
[0m08:24:17.009057 [debug] [Thread-1 (]: SQL status: COMMIT in 0.003 seconds
[0m08:24:17.011212 [debug] [Thread-4 (]: Writing injected SQL for node "model.chorus_data_engineer_interview.stg_people"
[0m08:24:17.013230 [debug] [Thread-2 (]: Applying DROP to: "postgres"."public"."stg_medicationrequests__dbt_backup"
[0m08:24:17.015082 [debug] [Thread-1 (]: Applying DROP to: "postgres"."public"."stg_observations__dbt_backup"
[0m08:24:17.015421 [debug] [Thread-3 (]: Began executing node model.chorus_data_engineer_interview.stg_patients
[0m08:24:17.016041 [debug] [Thread-2 (]: Using postgres connection "model.chorus_data_engineer_interview.stg_medicationrequests"
[0m08:24:17.016521 [debug] [Thread-1 (]: Using postgres connection "model.chorus_data_engineer_interview.stg_observations"
[0m08:24:17.019494 [debug] [Thread-3 (]: Writing runtime sql for node "model.chorus_data_engineer_interview.stg_patients"
[0m08:24:17.019800 [debug] [Thread-2 (]: On model.chorus_data_engineer_interview.stg_medicationrequests: /* {"app": "dbt", "dbt_version": "1.11.8", "profile_name": "chorus_data_engineer_interview", "target_name": "dev", "node_id": "model.chorus_data_engineer_interview.stg_medicationrequests"} */
drop view if exists "postgres"."public"."stg_medicationrequests__dbt_backup" cascade
[0m08:24:17.020046 [debug] [Thread-4 (]: Began executing node model.chorus_data_engineer_interview.stg_people
[0m08:24:17.020303 [debug] [Thread-1 (]: On model.chorus_data_engineer_interview.stg_observations: /* {"app": "dbt", "dbt_version": "1.11.8", "profile_name": "chorus_data_engineer_interview", "target_name": "dev", "node_id": "model.chorus_data_engineer_interview.stg_observations"} */
drop view if exists "postgres"."public"."stg_observations__dbt_backup" cascade
[0m08:24:17.064537 [debug] [Thread-4 (]: Writing runtime sql for node "model.chorus_data_engineer_interview.stg_people"
[0m08:24:17.064892 [debug] [Thread-2 (]: SQL status: DROP VIEW in 0.044 seconds
[0m08:24:17.065442 [debug] [Thread-3 (]: Using postgres connection "model.chorus_data_engineer_interview.stg_patients"
[0m08:24:17.066805 [debug] [Thread-2 (]: On model.chorus_data_engineer_interview.stg_medicationrequests: Close
[0m08:24:17.067124 [debug] [Thread-3 (]: On model.chorus_data_engineer_interview.stg_patients: /* {"app": "dbt", "dbt_version": "1.11.8", "profile_name": "chorus_data_engineer_interview", "target_name": "dev", "node_id": "model.chorus_data_engineer_interview.stg_patients"} */

  create view "postgres"."public"."stg_patients__dbt_tmp"
    
    
  as (
    SELECT
  id,
  identifier,
  name,
  gender,
  birth_date,
  address,
  telecom,
  active,
  created_at
FROM "postgres"."public"."Patient"
  );
[0m08:24:17.067597 [debug] [Thread-2 (]: Sending event: {'category': 'dbt', 'action': 'run_model', 'label': '69f3c29d-bb66-4986-b605-754f9fc889ef', 'context': [<snowplow_tracker.self_describing_json.SelfDescribingJson object at 0x10b8c5dd0>]}
[0m08:24:17.067926 [debug] [Thread-3 (]: Opening a new connection, currently in state closed
[0m08:24:17.068313 [debug] [Thread-4 (]: Using postgres connection "model.chorus_data_engineer_interview.stg_people"
[0m08:24:17.068836 [info ] [Thread-2 (]: 11 of 21 OK created sql view model public.stg_medicationrequests ............... [[32mCREATE VIEW[0m in 0.14s]
[0m08:24:17.069171 [debug] [Thread-1 (]: SQL status: DROP VIEW in 0.004 seconds
[0m08:24:17.069550 [debug] [Thread-4 (]: On model.chorus_data_engineer_interview.stg_people: /* {"app": "dbt", "dbt_version": "1.11.8", "profile_name": "chorus_data_engineer_interview", "target_name": "dev", "node_id": "model.chorus_data_engineer_interview.stg_people"} */

  create view "postgres"."public"."stg_people__dbt_tmp"
    
    
  as (
    SELECT
  person_id,
  person_name,
  created_at
FROM "postgres"."public"."Person"
  );
[0m08:24:17.070003 [debug] [Thread-2 (]: Finished running node model.chorus_data_engineer_interview.stg_medicationrequests
[0m08:24:17.071054 [debug] [Thread-1 (]: On model.chorus_data_engineer_interview.stg_observations: Close
[0m08:24:17.071350 [debug] [Thread-4 (]: Opening a new connection, currently in state closed
[0m08:24:17.071679 [debug] [Thread-2 (]: Began running node model.chorus_data_engineer_interview.stg_practitioners
[0m08:24:17.072171 [debug] [Thread-1 (]: Sending event: {'category': 'dbt', 'action': 'run_model', 'label': '69f3c29d-bb66-4986-b605-754f9fc889ef', 'context': [<snowplow_tracker.self_describing_json.SelfDescribingJson object at 0x10b97a690>]}
[0m08:24:17.072669 [info ] [Thread-2 (]: 15 of 21 START sql view model public.stg_practitioners ......................... [RUN]
[0m08:24:17.073143 [info ] [Thread-1 (]: 12 of 21 OK created sql view model public.stg_observations ..................... [[32mCREATE VIEW[0m in 0.14s]
[0m08:24:17.073547 [debug] [Thread-2 (]: Re-using an available connection from the pool (formerly model.chorus_data_engineer_interview.stg_medicationrequests, now model.chorus_data_engineer_interview.stg_practitioners)
[0m08:24:17.073962 [debug] [Thread-1 (]: Finished running node model.chorus_data_engineer_interview.stg_observations
[0m08:24:17.074687 [debug] [Thread-2 (]: Began compiling node model.chorus_data_engineer_interview.stg_practitioners
[0m08:24:17.075219 [debug] [Thread-1 (]: Began running node model.chorus_data_engineer_interview.stg_task_assignments
[0m08:24:17.077773 [debug] [Thread-2 (]: Writing injected SQL for node "model.chorus_data_engineer_interview.stg_practitioners"
[0m08:24:17.078280 [info ] [Thread-1 (]: 16 of 21 START sql view model public.stg_task_assignments ...................... [RUN]
[0m08:24:17.078707 [debug] [Thread-1 (]: Re-using an available connection from the pool (formerly model.chorus_data_engineer_interview.stg_observations, now model.chorus_data_engineer_interview.stg_task_assignments)
[0m08:24:17.078992 [debug] [Thread-1 (]: Began compiling node model.chorus_data_engineer_interview.stg_task_assignments
[0m08:24:17.081273 [debug] [Thread-1 (]: Writing injected SQL for node "model.chorus_data_engineer_interview.stg_task_assignments"
[0m08:24:17.081599 [debug] [Thread-4 (]: SQL status: CREATE VIEW in 0.010 seconds
[0m08:24:17.081984 [debug] [Thread-2 (]: Began executing node model.chorus_data_engineer_interview.stg_practitioners
[0m08:24:17.082221 [debug] [Thread-3 (]: SQL status: CREATE VIEW in 0.014 seconds
[0m08:24:17.084975 [debug] [Thread-4 (]: Using postgres connection "model.chorus_data_engineer_interview.stg_people"
[0m08:24:17.088135 [debug] [Thread-2 (]: Writing runtime sql for node "model.chorus_data_engineer_interview.stg_practitioners"
[0m08:24:17.088413 [debug] [Thread-1 (]: Began executing node model.chorus_data_engineer_interview.stg_task_assignments
[0m08:24:17.090992 [debug] [Thread-3 (]: Using postgres connection "model.chorus_data_engineer_interview.stg_patients"
[0m08:24:17.091328 [debug] [Thread-4 (]: On model.chorus_data_engineer_interview.stg_people: /* {"app": "dbt", "dbt_version": "1.11.8", "profile_name": "chorus_data_engineer_interview", "target_name": "dev", "node_id": "model.chorus_data_engineer_interview.stg_people"} */
alter table "postgres"."public"."stg_people" rename to "stg_people__dbt_backup"
[0m08:24:17.094558 [debug] [Thread-1 (]: Writing runtime sql for node "model.chorus_data_engineer_interview.stg_task_assignments"
[0m08:24:17.094900 [debug] [Thread-3 (]: On model.chorus_data_engineer_interview.stg_patients: /* {"app": "dbt", "dbt_version": "1.11.8", "profile_name": "chorus_data_engineer_interview", "target_name": "dev", "node_id": "model.chorus_data_engineer_interview.stg_patients"} */
alter table "postgres"."public"."stg_patients" rename to "stg_patients__dbt_backup"
[0m08:24:17.095279 [debug] [Thread-2 (]: Using postgres connection "model.chorus_data_engineer_interview.stg_practitioners"
[0m08:24:17.095672 [debug] [Thread-2 (]: On model.chorus_data_engineer_interview.stg_practitioners: /* {"app": "dbt", "dbt_version": "1.11.8", "profile_name": "chorus_data_engineer_interview", "target_name": "dev", "node_id": "model.chorus_data_engineer_interview.stg_practitioners"} */

  create view "postgres"."public"."stg_practitioners__dbt_tmp"
    
    
  as (
    SELECT
  id,
  identifier,
  name,
  specialty,
  telecom,
  active,
  created_at
FROM "postgres"."public"."Practitioner"
  );
[0m08:24:17.096031 [debug] [Thread-2 (]: Opening a new connection, currently in state closed
[0m08:24:17.096361 [debug] [Thread-1 (]: Using postgres connection "model.chorus_data_engineer_interview.stg_task_assignments"
[0m08:24:17.096640 [debug] [Thread-4 (]: SQL status: ALTER TABLE in 0.001 seconds
[0m08:24:17.096909 [debug] [Thread-3 (]: SQL status: ALTER TABLE in 0.001 seconds
[0m08:24:17.097268 [debug] [Thread-1 (]: On model.chorus_data_engineer_interview.stg_task_assignments: /* {"app": "dbt", "dbt_version": "1.11.8", "profile_name": "chorus_data_engineer_interview", "target_name": "dev", "node_id": "model.chorus_data_engineer_interview.stg_task_assignments"} */

  create view "postgres"."public"."stg_task_assignments__dbt_tmp"
    
    
  as (
    SELECT
  assignment_id,
  task_id,
  person_id,
  assigned_date,
  created_at
FROM "postgres"."public"."TaskAssignment"
  );
[0m08:24:17.099913 [debug] [Thread-4 (]: Using postgres connection "model.chorus_data_engineer_interview.stg_people"
[0m08:24:17.102233 [debug] [Thread-3 (]: Using postgres connection "model.chorus_data_engineer_interview.stg_patients"
[0m08:24:17.102605 [debug] [Thread-1 (]: Opening a new connection, currently in state closed
[0m08:24:17.102888 [debug] [Thread-4 (]: On model.chorus_data_engineer_interview.stg_people: /* {"app": "dbt", "dbt_version": "1.11.8", "profile_name": "chorus_data_engineer_interview", "target_name": "dev", "node_id": "model.chorus_data_engineer_interview.stg_people"} */
alter table "postgres"."public"."stg_people__dbt_tmp" rename to "stg_people"
[0m08:24:17.103185 [debug] [Thread-3 (]: On model.chorus_data_engineer_interview.stg_patients: /* {"app": "dbt", "dbt_version": "1.11.8", "profile_name": "chorus_data_engineer_interview", "target_name": "dev", "node_id": "model.chorus_data_engineer_interview.stg_patients"} */
alter table "postgres"."public"."stg_patients__dbt_tmp" rename to "stg_patients"
[0m08:24:17.105275 [debug] [Thread-4 (]: SQL status: ALTER TABLE in 0.002 seconds
[0m08:24:17.106917 [debug] [Thread-4 (]: On model.chorus_data_engineer_interview.stg_people: COMMIT
[0m08:24:17.107306 [debug] [Thread-3 (]: SQL status: ALTER TABLE in 0.004 seconds
[0m08:24:17.107839 [debug] [Thread-4 (]: Using postgres connection "model.chorus_data_engineer_interview.stg_people"
[0m08:24:17.108134 [debug] [Thread-2 (]: SQL status: CREATE VIEW in 0.012 seconds
[0m08:24:17.109245 [debug] [Thread-3 (]: On model.chorus_data_engineer_interview.stg_patients: COMMIT
[0m08:24:17.109581 [debug] [Thread-4 (]: On model.chorus_data_engineer_interview.stg_people: COMMIT
[0m08:24:17.113899 [debug] [Thread-2 (]: Using postgres connection "model.chorus_data_engineer_interview.stg_practitioners"
[0m08:24:17.114167 [debug] [Thread-1 (]: SQL status: CREATE VIEW in 0.012 seconds
[0m08:24:17.114530 [debug] [Thread-3 (]: Using postgres connection "model.chorus_data_engineer_interview.stg_patients"
[0m08:24:17.114869 [debug] [Thread-2 (]: On model.chorus_data_engineer_interview.stg_practitioners: /* {"app": "dbt", "dbt_version": "1.11.8", "profile_name": "chorus_data_engineer_interview", "target_name": "dev", "node_id": "model.chorus_data_engineer_interview.stg_practitioners"} */
alter table "postgres"."public"."stg_practitioners" rename to "stg_practitioners__dbt_backup"
[0m08:24:17.117485 [debug] [Thread-1 (]: Using postgres connection "model.chorus_data_engineer_interview.stg_task_assignments"
[0m08:24:17.117744 [debug] [Thread-4 (]: SQL status: COMMIT in 0.003 seconds
[0m08:24:17.118004 [debug] [Thread-3 (]: On model.chorus_data_engineer_interview.stg_patients: COMMIT
[0m08:24:17.118317 [debug] [Thread-1 (]: On model.chorus_data_engineer_interview.stg_task_assignments: /* {"app": "dbt", "dbt_version": "1.11.8", "profile_name": "chorus_data_engineer_interview", "target_name": "dev", "node_id": "model.chorus_data_engineer_interview.stg_task_assignments"} */
alter table "postgres"."public"."stg_task_assignments" rename to "stg_task_assignments__dbt_backup"
[0m08:24:17.120228 [debug] [Thread-4 (]: Applying DROP to: "postgres"."public"."stg_people__dbt_backup"
[0m08:24:17.120476 [debug] [Thread-2 (]: SQL status: ALTER TABLE in 0.002 seconds
[0m08:24:17.121061 [debug] [Thread-4 (]: Using postgres connection "model.chorus_data_engineer_interview.stg_people"
[0m08:24:17.123395 [debug] [Thread-2 (]: Using postgres connection "model.chorus_data_engineer_interview.stg_practitioners"
[0m08:24:17.123643 [debug] [Thread-3 (]: SQL status: COMMIT in 0.003 seconds
[0m08:24:17.123874 [debug] [Thread-1 (]: SQL status: ALTER TABLE in 0.003 seconds
[0m08:24:17.124124 [debug] [Thread-4 (]: On model.chorus_data_engineer_interview.stg_people: /* {"app": "dbt", "dbt_version": "1.11.8", "profile_name": "chorus_data_engineer_interview", "target_name": "dev", "node_id": "model.chorus_data_engineer_interview.stg_people"} */
drop view if exists "postgres"."public"."stg_people__dbt_backup" cascade
[0m08:24:17.124394 [debug] [Thread-2 (]: On model.chorus_data_engineer_interview.stg_practitioners: /* {"app": "dbt", "dbt_version": "1.11.8", "profile_name": "chorus_data_engineer_interview", "target_name": "dev", "node_id": "model.chorus_data_engineer_interview.stg_practitioners"} */
alter table "postgres"."public"."stg_practitioners__dbt_tmp" rename to "stg_practitioners"
[0m08:24:17.126309 [debug] [Thread-3 (]: Applying DROP to: "postgres"."public"."stg_patients__dbt_backup"
[0m08:24:17.128546 [debug] [Thread-1 (]: Using postgres connection "model.chorus_data_engineer_interview.stg_task_assignments"
[0m08:24:17.129159 [debug] [Thread-3 (]: Using postgres connection "model.chorus_data_engineer_interview.stg_patients"
[0m08:24:17.129476 [debug] [Thread-1 (]: On model.chorus_data_engineer_interview.stg_task_assignments: /* {"app": "dbt", "dbt_version": "1.11.8", "profile_name": "chorus_data_engineer_interview", "target_name": "dev", "node_id": "model.chorus_data_engineer_interview.stg_task_assignments"} */
alter table "postgres"."public"."stg_task_assignments__dbt_tmp" rename to "stg_task_assignments"
[0m08:24:17.129908 [debug] [Thread-3 (]: On model.chorus_data_engineer_interview.stg_patients: /* {"app": "dbt", "dbt_version": "1.11.8", "profile_name": "chorus_data_engineer_interview", "target_name": "dev", "node_id": "model.chorus_data_engineer_interview.stg_patients"} */
drop view if exists "postgres"."public"."stg_patients__dbt_backup" cascade
[0m08:24:17.130167 [debug] [Thread-2 (]: SQL status: ALTER TABLE in 0.001 seconds
[0m08:24:17.131338 [debug] [Thread-2 (]: On model.chorus_data_engineer_interview.stg_practitioners: COMMIT
[0m08:24:17.131593 [debug] [Thread-4 (]: SQL status: DROP VIEW in 0.003 seconds
[0m08:24:17.131831 [debug] [Thread-1 (]: SQL status: ALTER TABLE in 0.001 seconds
[0m08:24:17.132081 [debug] [Thread-2 (]: Using postgres connection "model.chorus_data_engineer_interview.stg_practitioners"
[0m08:24:17.132997 [debug] [Thread-4 (]: On model.chorus_data_engineer_interview.stg_people: Close
[0m08:24:17.133237 [debug] [Thread-3 (]: SQL status: DROP VIEW in 0.003 seconds
[0m08:24:17.134285 [debug] [Thread-1 (]: On model.chorus_data_engineer_interview.stg_task_assignments: COMMIT
[0m08:24:17.134550 [debug] [Thread-2 (]: On model.chorus_data_engineer_interview.stg_practitioners: COMMIT
[0m08:24:17.134953 [debug] [Thread-4 (]: Sending event: {'category': 'dbt', 'action': 'run_model', 'label': '69f3c29d-bb66-4986-b605-754f9fc889ef', 'context': [<snowplow_tracker.self_describing_json.SelfDescribingJson object at 0x10afd80d0>]}
[0m08:24:17.135801 [debug] [Thread-3 (]: On model.chorus_data_engineer_interview.stg_patients: Close
[0m08:24:17.136068 [debug] [Thread-1 (]: Using postgres connection "model.chorus_data_engineer_interview.stg_task_assignments"
[0m08:24:17.136573 [info ] [Thread-4 (]: 14 of 21 OK created sql view model public.stg_people ........................... [[32mCREATE VIEW[0m in 0.13s]
[0m08:24:17.137086 [debug] [Thread-3 (]: Sending event: {'category': 'dbt', 'action': 'run_model', 'label': '69f3c29d-bb66-4986-b605-754f9fc889ef', 'context': [<snowplow_tracker.self_describing_json.SelfDescribingJson object at 0x10b98a910>]}
[0m08:24:17.137380 [debug] [Thread-1 (]: On model.chorus_data_engineer_interview.stg_task_assignments: COMMIT
[0m08:24:17.137755 [debug] [Thread-4 (]: Finished running node model.chorus_data_engineer_interview.stg_people
[0m08:24:17.137993 [debug] [Thread-2 (]: SQL status: COMMIT in 0.002 seconds
[0m08:24:17.138410 [info ] [Thread-3 (]: 13 of 21 OK created sql view model public.stg_patients ......................... [[32mCREATE VIEW[0m in 0.13s]
[0m08:24:17.138794 [debug] [Thread-4 (]: Began running node model.chorus_data_engineer_interview.stg_task_occurrences
[0m08:24:17.140923 [debug] [Thread-2 (]: Applying DROP to: "postgres"."public"."stg_practitioners__dbt_backup"
[0m08:24:17.141177 [debug] [Thread-1 (]: SQL status: COMMIT in 0.002 seconds
[0m08:24:17.141559 [debug] [Thread-3 (]: Finished running node model.chorus_data_engineer_interview.stg_patients
[0m08:24:17.141914 [info ] [Thread-4 (]: 17 of 21 START sql view model public.stg_task_occurrences ...................... [RUN]
[0m08:24:17.142456 [debug] [Thread-2 (]: Using postgres connection "model.chorus_data_engineer_interview.stg_practitioners"
[0m08:24:17.144392 [debug] [Thread-1 (]: Applying DROP to: "postgres"."public"."stg_task_assignments__dbt_backup"
[0m08:24:17.144681 [debug] [Thread-3 (]: Began running node model.chorus_data_engineer_interview.stg_tasks
[0m08:24:17.144989 [debug] [Thread-4 (]: Re-using an available connection from the pool (formerly model.chorus_data_engineer_interview.stg_people, now model.chorus_data_engineer_interview.stg_task_occurrences)
[0m08:24:17.145266 [debug] [Thread-2 (]: On model.chorus_data_engineer_interview.stg_practitioners: /* {"app": "dbt", "dbt_version": "1.11.8", "profile_name": "chorus_data_engineer_interview", "target_name": "dev", "node_id": "model.chorus_data_engineer_interview.stg_practitioners"} */
drop view if exists "postgres"."public"."stg_practitioners__dbt_backup" cascade
[0m08:24:17.145761 [debug] [Thread-1 (]: Using postgres connection "model.chorus_data_engineer_interview.stg_task_assignments"
[0m08:24:17.146085 [info ] [Thread-3 (]: 18 of 21 START sql view model public.stg_tasks ................................. [RUN]
[0m08:24:17.146370 [debug] [Thread-4 (]: Began compiling node model.chorus_data_engineer_interview.stg_task_occurrences
[0m08:24:17.146778 [debug] [Thread-1 (]: On model.chorus_data_engineer_interview.stg_task_assignments: /* {"app": "dbt", "dbt_version": "1.11.8", "profile_name": "chorus_data_engineer_interview", "target_name": "dev", "node_id": "model.chorus_data_engineer_interview.stg_task_assignments"} */
drop view if exists "postgres"."public"."stg_task_assignments__dbt_backup" cascade
[0m08:24:17.147088 [debug] [Thread-3 (]: Re-using an available connection from the pool (formerly model.chorus_data_engineer_interview.stg_patients, now model.chorus_data_engineer_interview.stg_tasks)
[0m08:24:17.150011 [debug] [Thread-4 (]: Writing injected SQL for node "model.chorus_data_engineer_interview.stg_task_occurrences"
[0m08:24:17.150281 [debug] [Thread-2 (]: SQL status: DROP VIEW in 0.004 seconds
[0m08:24:17.150575 [debug] [Thread-3 (]: Began compiling node model.chorus_data_engineer_interview.stg_tasks
[0m08:24:17.151670 [debug] [Thread-2 (]: On model.chorus_data_engineer_interview.stg_practitioners: Close
[0m08:24:17.155869 [debug] [Thread-3 (]: Writing injected SQL for node "model.chorus_data_engineer_interview.stg_tasks"
[0m08:24:17.156179 [debug] [Thread-1 (]: SQL status: DROP VIEW in 0.006 seconds
[0m08:24:17.156460 [debug] [Thread-4 (]: Began executing node model.chorus_data_engineer_interview.stg_task_occurrences
[0m08:24:17.156974 [debug] [Thread-2 (]: Sending event: {'category': 'dbt', 'action': 'run_model', 'label': '69f3c29d-bb66-4986-b605-754f9fc889ef', 'context': [<snowplow_tracker.self_describing_json.SelfDescribingJson object at 0x10b7ed250>]}
[0m08:24:17.158568 [debug] [Thread-1 (]: On model.chorus_data_engineer_interview.stg_task_assignments: Close
[0m08:24:17.162666 [debug] [Thread-4 (]: Writing runtime sql for node "model.chorus_data_engineer_interview.stg_task_occurrences"
[0m08:24:17.163007 [debug] [Thread-3 (]: Began executing node model.chorus_data_engineer_interview.stg_tasks
[0m08:24:17.163511 [info ] [Thread-2 (]: 15 of 21 OK created sql view model public.stg_practitioners .................... [[32mCREATE VIEW[0m in 0.08s]
[0m08:24:17.163922 [debug] [Thread-1 (]: Sending event: {'category': 'dbt', 'action': 'run_model', 'label': '69f3c29d-bb66-4986-b605-754f9fc889ef', 'context': [<snowplow_tracker.self_describing_json.SelfDescribingJson object at 0x10b979750>]}
[0m08:24:17.167342 [debug] [Thread-3 (]: Writing runtime sql for node "model.chorus_data_engineer_interview.stg_tasks"
[0m08:24:17.167820 [debug] [Thread-2 (]: Finished running node model.chorus_data_engineer_interview.stg_practitioners
[0m08:24:17.168543 [debug] [Thread-4 (]: Using postgres connection "model.chorus_data_engineer_interview.stg_task_occurrences"
[0m08:24:17.168276 [info ] [Thread-1 (]: 16 of 21 OK created sql view model public.stg_task_assignments ................. [[32mCREATE VIEW[0m in 0.09s]
[0m08:24:17.168960 [debug] [Thread-2 (]: Began running node model.chorus_data_engineer_interview.top_3_prescriptions
[0m08:24:17.169355 [debug] [Thread-4 (]: On model.chorus_data_engineer_interview.stg_task_occurrences: /* {"app": "dbt", "dbt_version": "1.11.8", "profile_name": "chorus_data_engineer_interview", "target_name": "dev", "node_id": "model.chorus_data_engineer_interview.stg_task_occurrences"} */

  create view "postgres"."public"."stg_task_occurrences__dbt_tmp"
    
    
  as (
    -- Create task occurrences from task definitions
-- Handles daily, weekly, monthly recurrence

WITH task_dates AS (
  SELECT
    t.task_id,
    t.task_name,
    t.cadence,
    t.max_occurrences,
    p.person_id,
    p.person_name,
    -- Generate occurrence dates based on cadence
    CASE 
      WHEN t.cadence = 'daily' THEN 
        (t.start_date + (n.n || ' days')::interval)
      WHEN t.cadence = 'weekly' THEN 
        (t.start_date + (n.n * 7 || ' days')::interval)
      WHEN t.cadence = 'monthly' THEN 
        (t.start_date + (n.n || ' months')::interval)
    END AS occurrence_date,
    n.n AS occurrence_number
  FROM "postgres"."public"."Task" t
  CROSS JOIN "postgres"."public"."Person" p
  CROSS JOIN LATERAL (
    SELECT generate_series(0, t.max_occurrences - 1) AS n
  ) n
  INNER JOIN "postgres"."public"."TaskAssignment" ta 
    ON t.task_id = ta.task_id 
    AND p.person_id = ta.person_id
  WHERE n.n < t.max_occurrences
),
task_occurrences AS (
  SELECT
    gen_random_uuid()::text AS task_occurrence_id,
    task_id,
    task_name,
    person_id,
    person_name,
    occurrence_number,
    occurrence_date,
    'Not Started' AS status,
    CURRENT_TIMESTAMP AS created_at,
    NULL AS updated_at
  FROM task_dates
)
SELECT * FROM task_occurrences
  );
[0m08:24:17.169810 [debug] [Thread-1 (]: Finished running node model.chorus_data_engineer_interview.stg_task_assignments
[0m08:24:17.170070 [debug] [Thread-3 (]: Using postgres connection "model.chorus_data_engineer_interview.stg_tasks"
[0m08:24:17.170389 [info ] [Thread-2 (]: 19 of 21 START sql view model public.top_3_prescriptions ....................... [RUN]
[0m08:24:17.170672 [debug] [Thread-4 (]: Opening a new connection, currently in state closed
[0m08:24:17.171004 [debug] [Thread-3 (]: On model.chorus_data_engineer_interview.stg_tasks: /* {"app": "dbt", "dbt_version": "1.11.8", "profile_name": "chorus_data_engineer_interview", "target_name": "dev", "node_id": "model.chorus_data_engineer_interview.stg_tasks"} */

  create view "postgres"."public"."stg_tasks__dbt_tmp"
    
    
  as (
    SELECT
  task_id,
  task_name,
  cadence,
  max_occurrences,
  start_date,
  created_at
FROM "postgres"."public"."Task"
  );
[0m08:24:17.171304 [debug] [Thread-2 (]: Re-using an available connection from the pool (formerly model.chorus_data_engineer_interview.stg_practitioners, now model.chorus_data_engineer_interview.top_3_prescriptions)
[0m08:24:17.171648 [debug] [Thread-3 (]: Opening a new connection, currently in state closed
[0m08:24:17.171895 [debug] [Thread-2 (]: Began compiling node model.chorus_data_engineer_interview.top_3_prescriptions
[0m08:24:17.176019 [debug] [Thread-2 (]: Writing injected SQL for node "model.chorus_data_engineer_interview.top_3_prescriptions"
[0m08:24:17.176712 [debug] [Thread-2 (]: Began executing node model.chorus_data_engineer_interview.top_3_prescriptions
[0m08:24:17.180329 [debug] [Thread-2 (]: Writing runtime sql for node "model.chorus_data_engineer_interview.top_3_prescriptions"
[0m08:24:17.180969 [debug] [Thread-2 (]: Using postgres connection "model.chorus_data_engineer_interview.top_3_prescriptions"
[0m08:24:17.181266 [debug] [Thread-2 (]: On model.chorus_data_engineer_interview.top_3_prescriptions: /* {"app": "dbt", "dbt_version": "1.11.8", "profile_name": "chorus_data_engineer_interview", "target_name": "dev", "node_id": "model.chorus_data_engineer_interview.top_3_prescriptions"} */

  create view "postgres"."public"."top_3_prescriptions__dbt_tmp"
    
    
  as (
    /*
 Write a query to find the three most commonly prescribed medications from the MedicationRequest table, sorted by the number of prescriptions.
 */

 WITH medication_counts AS (
     SELECT
         medication_name,
         COUNT(*) AS prescription_count
     FROM "postgres"."public"."MedicationRequest"
     GROUP BY medication_name
 )

SELECT
    medication_name,
    prescription_count
FROM medication_counts
ORDER BY prescription_count DESC
LIMIT 3
  );
[0m08:24:17.181545 [debug] [Thread-2 (]: Opening a new connection, currently in state closed
[0m08:24:17.184484 [debug] [Thread-3 (]: SQL status: CREATE VIEW in 0.013 seconds
[0m08:24:17.187684 [debug] [Thread-3 (]: Using postgres connection "model.chorus_data_engineer_interview.stg_tasks"
[0m08:24:17.187957 [debug] [Thread-4 (]: SQL status: CREATE VIEW in 0.017 seconds
[0m08:24:17.188279 [debug] [Thread-3 (]: On model.chorus_data_engineer_interview.stg_tasks: /* {"app": "dbt", "dbt_version": "1.11.8", "profile_name": "chorus_data_engineer_interview", "target_name": "dev", "node_id": "model.chorus_data_engineer_interview.stg_tasks"} */
alter table "postgres"."public"."stg_tasks" rename to "stg_tasks__dbt_backup"
[0m08:24:17.191282 [debug] [Thread-4 (]: Using postgres connection "model.chorus_data_engineer_interview.stg_task_occurrences"
[0m08:24:17.191659 [debug] [Thread-2 (]: SQL status: CREATE VIEW in 0.010 seconds
[0m08:24:17.191983 [debug] [Thread-4 (]: On model.chorus_data_engineer_interview.stg_task_occurrences: /* {"app": "dbt", "dbt_version": "1.11.8", "profile_name": "chorus_data_engineer_interview", "target_name": "dev", "node_id": "model.chorus_data_engineer_interview.stg_task_occurrences"} */
alter table "postgres"."public"."stg_task_occurrences" rename to "stg_task_occurrences__dbt_backup"
[0m08:24:17.194785 [debug] [Thread-2 (]: Using postgres connection "model.chorus_data_engineer_interview.top_3_prescriptions"
[0m08:24:17.195063 [debug] [Thread-3 (]: SQL status: ALTER TABLE in 0.003 seconds
[0m08:24:17.195411 [debug] [Thread-2 (]: On model.chorus_data_engineer_interview.top_3_prescriptions: /* {"app": "dbt", "dbt_version": "1.11.8", "profile_name": "chorus_data_engineer_interview", "target_name": "dev", "node_id": "model.chorus_data_engineer_interview.top_3_prescriptions"} */
alter table "postgres"."public"."top_3_prescriptions__dbt_tmp" rename to "top_3_prescriptions"
[0m08:24:17.197856 [debug] [Thread-3 (]: Using postgres connection "model.chorus_data_engineer_interview.stg_tasks"
[0m08:24:17.198119 [debug] [Thread-4 (]: SQL status: ALTER TABLE in 0.003 seconds
[0m08:24:17.198466 [debug] [Thread-3 (]: On model.chorus_data_engineer_interview.stg_tasks: /* {"app": "dbt", "dbt_version": "1.11.8", "profile_name": "chorus_data_engineer_interview", "target_name": "dev", "node_id": "model.chorus_data_engineer_interview.stg_tasks"} */
alter table "postgres"."public"."stg_tasks__dbt_tmp" rename to "stg_tasks"
[0m08:24:17.202000 [debug] [Thread-4 (]: Using postgres connection "model.chorus_data_engineer_interview.stg_task_occurrences"
[0m08:24:17.202252 [debug] [Thread-2 (]: SQL status: ALTER TABLE in 0.004 seconds
[0m08:24:17.202563 [debug] [Thread-4 (]: On model.chorus_data_engineer_interview.stg_task_occurrences: /* {"app": "dbt", "dbt_version": "1.11.8", "profile_name": "chorus_data_engineer_interview", "target_name": "dev", "node_id": "model.chorus_data_engineer_interview.stg_task_occurrences"} */
alter table "postgres"."public"."stg_task_occurrences__dbt_tmp" rename to "stg_task_occurrences"
[0m08:24:17.203532 [debug] [Thread-2 (]: On model.chorus_data_engineer_interview.top_3_prescriptions: COMMIT
[0m08:24:17.203785 [debug] [Thread-3 (]: SQL status: ALTER TABLE in 0.001 seconds
[0m08:24:17.204099 [debug] [Thread-2 (]: Using postgres connection "model.chorus_data_engineer_interview.top_3_prescriptions"
[0m08:24:17.205195 [debug] [Thread-3 (]: On model.chorus_data_engineer_interview.stg_tasks: COMMIT
[0m08:24:17.205464 [debug] [Thread-4 (]: SQL status: ALTER TABLE in 0.001 seconds
[0m08:24:17.205711 [debug] [Thread-2 (]: On model.chorus_data_engineer_interview.top_3_prescriptions: COMMIT
[0m08:24:17.205952 [debug] [Thread-3 (]: Using postgres connection "model.chorus_data_engineer_interview.stg_tasks"
[0m08:24:17.206956 [debug] [Thread-4 (]: On model.chorus_data_engineer_interview.stg_task_occurrences: COMMIT
[0m08:24:17.207273 [debug] [Thread-3 (]: On model.chorus_data_engineer_interview.stg_tasks: COMMIT
[0m08:24:17.207559 [debug] [Thread-4 (]: Using postgres connection "model.chorus_data_engineer_interview.stg_task_occurrences"
[0m08:24:17.207856 [debug] [Thread-4 (]: On model.chorus_data_engineer_interview.stg_task_occurrences: COMMIT
[0m08:24:17.208441 [debug] [Thread-2 (]: SQL status: COMMIT in 0.001 seconds
[0m08:24:17.210526 [debug] [Thread-2 (]: Applying DROP to: "postgres"."public"."top_3_prescriptions__dbt_backup"
[0m08:24:17.210772 [debug] [Thread-3 (]: SQL status: COMMIT in 0.003 seconds
[0m08:24:17.211004 [debug] [Thread-4 (]: SQL status: COMMIT in 0.003 seconds
[0m08:24:17.211492 [debug] [Thread-2 (]: Using postgres connection "model.chorus_data_engineer_interview.top_3_prescriptions"
[0m08:24:17.213366 [debug] [Thread-3 (]: Applying DROP to: "postgres"."public"."stg_tasks__dbt_backup"
[0m08:24:17.215190 [debug] [Thread-4 (]: Applying DROP to: "postgres"."public"."stg_task_occurrences__dbt_backup"
[0m08:24:17.215452 [debug] [Thread-2 (]: On model.chorus_data_engineer_interview.top_3_prescriptions: /* {"app": "dbt", "dbt_version": "1.11.8", "profile_name": "chorus_data_engineer_interview", "target_name": "dev", "node_id": "model.chorus_data_engineer_interview.top_3_prescriptions"} */
drop view if exists "postgres"."public"."top_3_prescriptions__dbt_backup" cascade
[0m08:24:17.215993 [debug] [Thread-3 (]: Using postgres connection "model.chorus_data_engineer_interview.stg_tasks"
[0m08:24:17.216491 [debug] [Thread-4 (]: Using postgres connection "model.chorus_data_engineer_interview.stg_task_occurrences"
[0m08:24:17.216786 [debug] [Thread-3 (]: On model.chorus_data_engineer_interview.stg_tasks: /* {"app": "dbt", "dbt_version": "1.11.8", "profile_name": "chorus_data_engineer_interview", "target_name": "dev", "node_id": "model.chorus_data_engineer_interview.stg_tasks"} */
drop view if exists "postgres"."public"."stg_tasks__dbt_backup" cascade
[0m08:24:17.217056 [debug] [Thread-4 (]: On model.chorus_data_engineer_interview.stg_task_occurrences: /* {"app": "dbt", "dbt_version": "1.11.8", "profile_name": "chorus_data_engineer_interview", "target_name": "dev", "node_id": "model.chorus_data_engineer_interview.stg_task_occurrences"} */
drop view if exists "postgres"."public"."stg_task_occurrences__dbt_backup" cascade
[0m08:24:17.217734 [debug] [Thread-2 (]: SQL status: DROP VIEW in 0.001 seconds
[0m08:24:17.218662 [debug] [Thread-2 (]: On model.chorus_data_engineer_interview.top_3_prescriptions: Close
[0m08:24:17.219116 [debug] [Thread-2 (]: Sending event: {'category': 'dbt', 'action': 'run_model', 'label': '69f3c29d-bb66-4986-b605-754f9fc889ef', 'context': [<snowplow_tracker.self_describing_json.SelfDescribingJson object at 0x10af7d090>]}
[0m08:24:17.219681 [info ] [Thread-2 (]: 19 of 21 OK created sql view model public.top_3_prescriptions .................. [[32mCREATE VIEW[0m in 0.05s]
[0m08:24:17.220320 [debug] [Thread-2 (]: Finished running node model.chorus_data_engineer_interview.top_3_prescriptions
[0m08:24:17.220909 [debug] [Thread-3 (]: SQL status: DROP VIEW in 0.004 seconds
[0m08:24:17.221836 [debug] [Thread-3 (]: On model.chorus_data_engineer_interview.stg_tasks: Close
[0m08:24:17.222099 [debug] [Thread-4 (]: SQL status: DROP VIEW in 0.005 seconds
[0m08:24:17.223115 [debug] [Thread-4 (]: On model.chorus_data_engineer_interview.stg_task_occurrences: Close
[0m08:24:17.223458 [debug] [Thread-3 (]: Sending event: {'category': 'dbt', 'action': 'run_model', 'label': '69f3c29d-bb66-4986-b605-754f9fc889ef', 'context': [<snowplow_tracker.self_describing_json.SelfDescribingJson object at 0x10b98b650>]}
[0m08:24:17.223817 [debug] [Thread-4 (]: Sending event: {'category': 'dbt', 'action': 'run_model', 'label': '69f3c29d-bb66-4986-b605-754f9fc889ef', 'context': [<snowplow_tracker.self_describing_json.SelfDescribingJson object at 0x10a80f2d0>]}
[0m08:24:17.224354 [info ] [Thread-3 (]: 18 of 21 OK created sql view model public.stg_tasks ............................ [[32mCREATE VIEW[0m in 0.08s]
[0m08:24:17.224979 [info ] [Thread-4 (]: 17 of 21 OK created sql view model public.stg_task_occurrences ................. [[32mCREATE VIEW[0m in 0.08s]
[0m08:24:17.225422 [debug] [Thread-3 (]: Finished running node model.chorus_data_engineer_interview.stg_tasks
[0m08:24:17.225809 [debug] [Thread-4 (]: Finished running node model.chorus_data_engineer_interview.stg_task_occurrences
[0m08:24:17.226351 [debug] [Thread-1 (]: Began running node model.chorus_data_engineer_interview.fct_task_occurrences
[0m08:24:17.226793 [info ] [Thread-1 (]: 20 of 21 START sql view model public.fct_task_occurrences ...................... [RUN]
[0m08:24:17.227100 [debug] [Thread-1 (]: Re-using an available connection from the pool (formerly model.chorus_data_engineer_interview.stg_task_assignments, now model.chorus_data_engineer_interview.fct_task_occurrences)
[0m08:24:17.227357 [debug] [Thread-1 (]: Began compiling node model.chorus_data_engineer_interview.fct_task_occurrences
[0m08:24:17.230004 [debug] [Thread-1 (]: Writing injected SQL for node "model.chorus_data_engineer_interview.fct_task_occurrences"
[0m08:24:17.230673 [debug] [Thread-1 (]: Began executing node model.chorus_data_engineer_interview.fct_task_occurrences
[0m08:24:17.233694 [debug] [Thread-1 (]: Writing runtime sql for node "model.chorus_data_engineer_interview.fct_task_occurrences"
[0m08:24:17.234228 [debug] [Thread-1 (]: Using postgres connection "model.chorus_data_engineer_interview.fct_task_occurrences"
[0m08:24:17.234516 [debug] [Thread-1 (]: On model.chorus_data_engineer_interview.fct_task_occurrences: /* {"app": "dbt", "dbt_version": "1.11.8", "profile_name": "chorus_data_engineer_interview", "target_name": "dev", "node_id": "model.chorus_data_engineer_interview.fct_task_occurrences"} */

  create view "postgres"."public"."fct_task_occurrences__dbt_tmp"
    
    
  as (
    -- Task occurrence status tracking mart
-- Allows people to track completion of recurring tasks

SELECT
  toc.task_occurrence_id,
  toc.task_id,
  toc.task_name,
  toc.person_id,
  toc.person_name,
  toc.occurrence_number,
  toc.occurrence_date,
  COALESCE(tos.status, 'Not Started') AS status,
  COALESCE(tos.updated_at, toc.created_at) AS last_updated,
  CASE 
    WHEN COALESCE(tos.status, 'Not Started') = 'Completed' THEN 1
    ELSE 0
  END AS is_completed
FROM "postgres"."public"."stg_task_occurrences" toc
LEFT JOIN "postgres"."public"."TaskOccurrenceStatus" tos
  ON toc.task_occurrence_id::uuid = tos.task_occurrence_id
ORDER BY toc.person_id, toc.task_id, toc.occurrence_date
  );
[0m08:24:17.234790 [debug] [Thread-1 (]: Opening a new connection, currently in state closed
[0m08:24:17.245400 [debug] [Thread-1 (]: SQL status: CREATE VIEW in 0.011 seconds
[0m08:24:17.247960 [debug] [Thread-1 (]: Using postgres connection "model.chorus_data_engineer_interview.fct_task_occurrences"
[0m08:24:17.248260 [debug] [Thread-1 (]: On model.chorus_data_engineer_interview.fct_task_occurrences: /* {"app": "dbt", "dbt_version": "1.11.8", "profile_name": "chorus_data_engineer_interview", "target_name": "dev", "node_id": "model.chorus_data_engineer_interview.fct_task_occurrences"} */
alter table "postgres"."public"."fct_task_occurrences__dbt_tmp" rename to "fct_task_occurrences"
[0m08:24:17.249700 [debug] [Thread-1 (]: SQL status: ALTER TABLE in 0.001 seconds
[0m08:24:17.250657 [debug] [Thread-1 (]: On model.chorus_data_engineer_interview.fct_task_occurrences: COMMIT
[0m08:24:17.250917 [debug] [Thread-1 (]: Using postgres connection "model.chorus_data_engineer_interview.fct_task_occurrences"
[0m08:24:17.251170 [debug] [Thread-1 (]: On model.chorus_data_engineer_interview.fct_task_occurrences: COMMIT
[0m08:24:17.252483 [debug] [Thread-1 (]: SQL status: COMMIT in 0.001 seconds
[0m08:24:17.254392 [debug] [Thread-1 (]: Applying DROP to: "postgres"."public"."fct_task_occurrences__dbt_backup"
[0m08:24:17.254976 [debug] [Thread-1 (]: Using postgres connection "model.chorus_data_engineer_interview.fct_task_occurrences"
[0m08:24:17.255241 [debug] [Thread-1 (]: On model.chorus_data_engineer_interview.fct_task_occurrences: /* {"app": "dbt", "dbt_version": "1.11.8", "profile_name": "chorus_data_engineer_interview", "target_name": "dev", "node_id": "model.chorus_data_engineer_interview.fct_task_occurrences"} */
drop view if exists "postgres"."public"."fct_task_occurrences__dbt_backup" cascade
[0m08:24:17.256291 [debug] [Thread-1 (]: SQL status: DROP VIEW in 0.001 seconds
[0m08:24:17.257170 [debug] [Thread-1 (]: On model.chorus_data_engineer_interview.fct_task_occurrences: Close
[0m08:24:17.257640 [debug] [Thread-1 (]: Sending event: {'category': 'dbt', 'action': 'run_model', 'label': '69f3c29d-bb66-4986-b605-754f9fc889ef', 'context': [<snowplow_tracker.self_describing_json.SelfDescribingJson object at 0x10b7ec4d0>]}
[0m08:24:17.258211 [info ] [Thread-1 (]: 20 of 21 OK created sql view model public.fct_task_occurrences ................. [[32mCREATE VIEW[0m in 0.03s]
[0m08:24:17.258783 [debug] [Thread-1 (]: Finished running node model.chorus_data_engineer_interview.fct_task_occurrences
[0m08:24:17.259246 [debug] [Thread-3 (]: Began running node model.chorus_data_engineer_interview.dim_person_task_summary
[0m08:24:17.259682 [info ] [Thread-3 (]: 21 of 21 START sql view model public.dim_person_task_summary ................... [RUN]
[0m08:24:17.260003 [debug] [Thread-3 (]: Re-using an available connection from the pool (formerly model.chorus_data_engineer_interview.stg_tasks, now model.chorus_data_engineer_interview.dim_person_task_summary)
[0m08:24:17.260265 [debug] [Thread-3 (]: Began compiling node model.chorus_data_engineer_interview.dim_person_task_summary
[0m08:24:17.262559 [debug] [Thread-3 (]: Writing injected SQL for node "model.chorus_data_engineer_interview.dim_person_task_summary"
[0m08:24:17.263080 [debug] [Thread-3 (]: Began executing node model.chorus_data_engineer_interview.dim_person_task_summary
[0m08:24:17.267691 [debug] [Thread-3 (]: Writing runtime sql for node "model.chorus_data_engineer_interview.dim_person_task_summary"
[0m08:24:17.268168 [debug] [Thread-3 (]: Using postgres connection "model.chorus_data_engineer_interview.dim_person_task_summary"
[0m08:24:17.268469 [debug] [Thread-3 (]: On model.chorus_data_engineer_interview.dim_person_task_summary: /* {"app": "dbt", "dbt_version": "1.11.8", "profile_name": "chorus_data_engineer_interview", "target_name": "dev", "node_id": "model.chorus_data_engineer_interview.dim_person_task_summary"} */

  create view "postgres"."public"."dim_person_task_summary__dbt_tmp"
    
    
  as (
    -- Person-Task summary
-- Shows completion rate and next occurrence for each person's tasks

WITH completion_summary AS (
  SELECT
    person_id,
    person_name,
    task_id,
    task_name,
    COUNT(*) AS total_occurrences,
    SUM(is_completed) AS completed_occurrences,
    ROUND(100.0 * SUM(is_completed) / COUNT(*), 2) AS completion_rate,
    MAX(CASE WHEN status != 'Completed' THEN occurrence_date END) AS next_occurrence
  FROM "postgres"."public"."fct_task_occurrences"
  GROUP BY person_id, person_name, task_id, task_name
)
SELECT
  person_id,
  person_name,
  task_id,
  task_name,
  total_occurrences,
  completed_occurrences,
  completion_rate,
  next_occurrence,
  CASE 
    WHEN completion_rate = 100 THEN 'On Track'
    WHEN completion_rate >= 75 THEN 'Good'
    WHEN completion_rate >= 50 THEN 'Needs Attention'
    ELSE 'At Risk'
  END AS health_status
FROM completion_summary
ORDER BY person_id, task_id
  );
[0m08:24:17.268752 [debug] [Thread-3 (]: Opening a new connection, currently in state closed
[0m08:24:17.279587 [debug] [Thread-3 (]: SQL status: CREATE VIEW in 0.011 seconds
[0m08:24:17.282018 [debug] [Thread-3 (]: Using postgres connection "model.chorus_data_engineer_interview.dim_person_task_summary"
[0m08:24:17.282302 [debug] [Thread-3 (]: On model.chorus_data_engineer_interview.dim_person_task_summary: /* {"app": "dbt", "dbt_version": "1.11.8", "profile_name": "chorus_data_engineer_interview", "target_name": "dev", "node_id": "model.chorus_data_engineer_interview.dim_person_task_summary"} */
alter table "postgres"."public"."dim_person_task_summary__dbt_tmp" rename to "dim_person_task_summary"
[0m08:24:17.284043 [debug] [Thread-3 (]: SQL status: ALTER TABLE in 0.001 seconds
[0m08:24:17.285321 [debug] [Thread-3 (]: On model.chorus_data_engineer_interview.dim_person_task_summary: COMMIT
[0m08:24:17.285629 [debug] [Thread-3 (]: Using postgres connection "model.chorus_data_engineer_interview.dim_person_task_summary"
[0m08:24:17.285888 [debug] [Thread-3 (]: On model.chorus_data_engineer_interview.dim_person_task_summary: COMMIT
[0m08:24:17.287474 [debug] [Thread-3 (]: SQL status: COMMIT in 0.001 seconds
[0m08:24:17.289284 [debug] [Thread-3 (]: Applying DROP to: "postgres"."public"."dim_person_task_summary__dbt_backup"
[0m08:24:17.289767 [debug] [Thread-3 (]: Using postgres connection "model.chorus_data_engineer_interview.dim_person_task_summary"
[0m08:24:17.290021 [debug] [Thread-3 (]: On model.chorus_data_engineer_interview.dim_person_task_summary: /* {"app": "dbt", "dbt_version": "1.11.8", "profile_name": "chorus_data_engineer_interview", "target_name": "dev", "node_id": "model.chorus_data_engineer_interview.dim_person_task_summary"} */
drop view if exists "postgres"."public"."dim_person_task_summary__dbt_backup" cascade
[0m08:24:17.291068 [debug] [Thread-3 (]: SQL status: DROP VIEW in 0.001 seconds
[0m08:24:17.292085 [debug] [Thread-3 (]: On model.chorus_data_engineer_interview.dim_person_task_summary: Close
[0m08:24:17.292489 [debug] [Thread-3 (]: Sending event: {'category': 'dbt', 'action': 'run_model', 'label': '69f3c29d-bb66-4986-b605-754f9fc889ef', 'context': [<snowplow_tracker.self_describing_json.SelfDescribingJson object at 0x10b80fbd0>]}
[0m08:24:17.292991 [info ] [Thread-3 (]: 21 of 21 OK created sql view model public.dim_person_task_summary .............. [[32mCREATE VIEW[0m in 0.03s]
[0m08:24:17.293428 [debug] [Thread-3 (]: Finished running node model.chorus_data_engineer_interview.dim_person_task_summary
[0m08:24:17.294402 [debug] [MainThread]: On master: COMMIT
[0m08:24:17.294626 [debug] [MainThread]: Using postgres connection "master"
[0m08:24:17.294819 [debug] [MainThread]: On master: COMMIT
[0m08:24:17.295008 [debug] [MainThread]: Opening a new connection, currently in state closed
[0m08:24:17.301520 [debug] [MainThread]: SQL status: COMMIT in 0.006 seconds
[0m08:24:17.301776 [debug] [MainThread]: On master: Close
[0m08:24:17.302068 [debug] [MainThread]: Connection 'master' was properly closed.
[0m08:24:17.302277 [debug] [MainThread]: Connection 'model.chorus_data_engineer_interview.fct_task_occurrences' was properly closed.
[0m08:24:17.302517 [debug] [MainThread]: Connection 'model.chorus_data_engineer_interview.top_3_prescriptions' was properly closed.
[0m08:24:17.302757 [debug] [MainThread]: Connection 'model.chorus_data_engineer_interview.dim_person_task_summary' was properly closed.
[0m08:24:17.302931 [debug] [MainThread]: Connection 'model.chorus_data_engineer_interview.stg_task_occurrences' was properly closed.
[0m08:24:17.303259 [info ] [MainThread]: 
[0m08:24:17.303506 [info ] [MainThread]: Finished running 21 view models in 0 hours 0 minutes and 0.87 seconds (0.87s).
[0m08:24:17.306246 [debug] [MainThread]: Command end result
[0m08:24:17.345476 [debug] [MainThread]: Wrote artifact WritableManifest to /Users/home/PycharmProjects/chorusinnovations/chorus-data-engineering-interview/dbt/target/manifest.json
[0m08:24:17.347103 [debug] [MainThread]: Wrote artifact SemanticManifest to /Users/home/PycharmProjects/chorusinnovations/chorus-data-engineering-interview/dbt/target/semantic_manifest.json
[0m08:24:17.352536 [debug] [MainThread]: Wrote artifact RunExecutionResult to /Users/home/PycharmProjects/chorusinnovations/chorus-data-engineering-interview/dbt/target/run_results.json
[0m08:24:17.352868 [info ] [MainThread]: 
[0m08:24:17.353213 [info ] [MainThread]: [31mCompleted with 2 errors, 0 partial successes, and 0 warnings:[0m
[0m08:24:17.353468 [info ] [MainThread]: 
[0m08:24:17.353753 [error] [MainThread]: [31mFailure in model encounters_per_specific_patient (models/queries/01_beginner/encounters_per_specific_patient.sql)[0m
[0m08:24:17.354028 [error] [MainThread]:   Database Error in model encounters_per_specific_patient (models/queries/01_beginner/encounters_per_specific_patient.sql)
  syntax error at or near "{"
  LINE 18: WHERE "postgres"."public"."Patient".id = {var('patient_id')}
                                                    ^
  compiled code at target/run/chorus_data_engineer_interview/models/queries/01_beginner/encounters_per_specific_patient.sql
[0m08:24:17.354242 [info ] [MainThread]: 
[0m08:24:17.354487 [info ] [MainThread]:   compiled code at target/compiled/chorus_data_engineer_interview/models/queries/01_beginner/encounters_per_specific_patient.sql
[0m08:24:17.354685 [info ] [MainThread]: 
[0m08:24:17.354932 [error] [MainThread]: [31mFailure in model observations_per_specific_patient (models/queries/01_beginner/observations_per_specific_patient.sql)[0m
[0m08:24:17.355188 [error] [MainThread]:   Database Error in model observations_per_specific_patient (models/queries/01_beginner/observations_per_specific_patient.sql)
  syntax error at or near "{"
  LINE 20: WHERE "postgres"."public"."Patient".id = {var('patient_id')}
                                                    ^
  compiled code at target/run/chorus_data_engineer_interview/models/queries/01_beginner/observations_per_specific_patient.sql
[0m08:24:17.355388 [info ] [MainThread]: 
[0m08:24:17.355622 [info ] [MainThread]:   compiled code at target/compiled/chorus_data_engineer_interview/models/queries/01_beginner/observations_per_specific_patient.sql
[0m08:24:17.355841 [info ] [MainThread]: 
[0m08:24:17.356057 [info ] [MainThread]: Done. PASS=19 WARN=0 ERROR=2 SKIP=0 NO-OP=0 TOTAL=21
[0m08:24:17.359064 [debug] [MainThread]: Resource report: {"command_name": "run", "command_success": false, "command_wall_clock_time": 1.6625707, "process_in_blocks": "0", "process_kernel_time": 0.430326, "process_mem_max_rss": "151650304", "process_out_blocks": "0", "process_user_time": 2.403169}
[0m08:24:17.359392 [debug] [MainThread]: Command `dbt run` failed at 08:24:17.359328 after 1.66 seconds
[0m08:24:17.359670 [debug] [MainThread]: Sending event: {'category': 'dbt', 'action': 'invocation', 'label': 'end', 'context': [<snowplow_tracker.self_describing_json.SelfDescribingJson object at 0x10a3789d0>, <snowplow_tracker.self_describing_json.SelfDescribingJson object at 0x10a378ad0>, <snowplow_tracker.self_describing_json.SelfDescribingJson object at 0x10a97f890>]}
[0m08:24:17.359931 [debug] [MainThread]: Flushing usage events
[0m08:24:17.966752 [debug] [MainThread]: An error was encountered while trying to flush usage events
